ƶ|ж|Ж|ž|Ƶ	<i>character</i><br><ol><li>The forty-fifth letter of the Abkhaz alphabet, in the Latin script</li></ol>
Џь|Ǯ̍	<i>character</i><br><ol><li>The sixty-second letter of the Abkhaz alphabet</li></ol>
Џьамтәыла	<i>name</i><br><ol><li>Iran (a country in Asia)</li></ol>
А|а|a	<i>character</i><br><ol><li>The first letter of the Abkhaz alphabet, written in the Cyrillic script.</li></ol>
Азербаиџьан|Azerbaiǯ̍an	<i>name</i><br><ol><li>Azerbaijan (a country in Europe and Asia)</li></ol>
Алмантәыла	<i>name</i><br><ol><li>Germany (a country in Europe)</li></ol>
Алџьаир|Alǯ̍air	<i>name</i><br><ol><li>Algeria (a country in Africa)</li></ol>
Англызтәыла	<i>name</i><br><ol><li>England (a country in Europe)</li></ol>
Арнауҭтәыла	<i>name</i><br><ol><li>Albania (a country in Europe)</li></ol>
Ауартәыла	<i>name</i><br><ol><li>Avaria (a region of the northern Caucasus of Russia)</li></ol>
Ауриатәыла	<i>name</i><br><ol><li>Israel (a country in Asia)</li></ol>
Аусҭриа	<i>name</i><br><ol><li>Austria (a country in Europe)</li></ol>
Афӷантәыла	<i>name</i><br><ol><li>Afganistan (a country in Asia)</li></ol>
Ахҷыԥсоу|Abzhywa|Axč̣̍əpsou	<i>name</i><br><ol><li>Akhchipsou (a historical region in Abkhazia)</li></ol>
Аҟәа	<i>name</i><br><ol><li>Sukhumi</li></ol>
Аԥсны|Aṗsny	<i>name</i><br><ol><li>Abkhazia</li></ol>
Аԥснытәи|Аҧснытәи́	<i>adj</i><br><ol><li>Abkhazian, belonging to Abkhazia.</li></ol>
Аԥсуа|аԥсуаа|a-ps-ua|а-ԥс-ыуа|а-ԥс-уа	<i>noun</i><br><ol><li>The Abkhaz</li></ol>
Аԥсуара|Abzhywa|Apsuara	<i>noun</i><br><ol><li>Code of conduct followed by the Abkhaz-Abaza people.</li></ol>
Аԥсынҟьаҟьаду|Apsənq̇̍aq̇̍adu	<i>name</i><br><ol><li>Great Abkhazia</li></ol>
Аԥсҳа|Apsḥa	<i>name</i><br><ol><li>King of Abkhazia</li></ol>
Аԥсҳара|Apsḥara	<i>name</i><br><ol><li>Kingdom of Abkhazia</li></ol>
Б|б|b|B	<i>character</i><br><ol><li>The second letter of the Abkhaz alphabet, written in the Cyrillic script.</li></ol>
Бырзентәыла	<i>name</i><br><ol><li>Greece (a country in Europe)</li></ol>
В|V|в|v	<i>character</i><br><ol><li>The third letter of the Abkhaz alphabet, written in the Cyrillic script.</li></ol>
Г|g|г	<i>character</i><br><ol><li>The fourth letter of the Abkhaz alphabet, written in the Cyrillic script.</li></ol>
Гь|g̍|гь|G̍	<i>character</i><br><ol><li>The fifth letter of the Abkhaz alphabet</li></ol>
Гә|гә	<i>character</i><br><ol><li>The sixth letter of the Abkhaz alphabet</li></ol>
Гәдоуҭа	<i>name</i><br><ol><li>Gudauta</li></ol>
Дә|дә	<i>character</i><br><ol><li>The eleventh letter of the Abkhaz alphabet</li></ol>
Егры|Egrə	<i>name</i><br><ol><li>Inguri river</li></ol>
Еирытәыла	<i>name</i><br><ol><li>Ireland (a country in Europe)</li></ol>
Ермантәыла	<i>name</i><br><ol><li>Armenia (a country in Europe and Asia)</li></ol>
Еҵәаџьаа	<i>name</i><br><ol><li>Ursa Minor</li></ol>
Жь|жь|Ž̍|ž̍	<i>character</i><br><ol><li>The fourteenth letter of the Abkhaz alphabet</li></ol>
Жә|жә|Ž°|ž°	<i>character</i><br><ol><li>The fifteenth letter of the Abkhaz alphabet</li></ol>
Жәгараа	<i>name</i><br><ol><li>Ursa Major</li></ol>
Зыхәны	<i>name</i><br><ol><li>Circassia (a former country in Europe)</li></ol>
Ирландиа|Irlandia	<i>name</i><br><ol><li>Ireland (a country in Europe)</li></ol>
Куба|Ḳuba	<i>name</i><br><ol><li>Cuba (an island and country in the Caribbean)</li></ol>
Кь|ḳ̍|кь|Ḳ̍	<i>character</i><br><ol><li>The twenty-first letter of the Abkhaz alphabet</li></ol>
Кә|кә|Ḳ°|ḳ°	<i>character</i><br><ol><li>The twenty-second letter of the Abkhaz alphabet</li></ol>
Кәыдры	<i>name</i><br><ol><li>Kodori</li></ol>
Кәырыкьаа рыхәшә|Abzhywa	<i>noun</i><br><ol><li>wood cudweed</li></ol>
Лахьтәыла	<i>name</i><br><ol><li>Poland (a country in Europe)</li></ol>
Маџьартәыла	<i>name</i><br><ol><li>Hungary (a country in Europe)</li></ol>
Москва|Moskva	<i>name</i><br><ol><li>Moscow (a federal city, the capital of Russia)</li><li>Moscow (an oblast of Russia, surrounding the city of Moscow)</li></ol>
Мсыр|Msər	<i>name</i><br><ol><li>Egypt (a country in Africa)</li></ol>
Наҩеи	<i>name</i><br><ol><li>Nogai (a region of Asia)</li></ol>
Пакистан|Ṗaḳisṭan	<i>name</i><br><ol><li>Pakistan (a country in South Asia)</li></ol>
Полша	<i>name</i><br><ol><li>Poland (a country in Central Europe)</li></ol>
Самырзаҟан|Samərzaq̇an	<i>name</i><br><ol><li>Samurzakan (a historical region in Abkhazia)</li></ol>
Саӡны|Abzhywa|Saʒnə	<i>name</i><br><ol><li>Sadzen (a historical region in Abkhazia)</li></ol>
Суоми|Suomi	<i>name</i><br><ol><li>Finland (a country in Northern Europe)</li></ol>
Тә|ṭ°|Ṭ°|тә	<i>character</i><br><ol><li>The thirty-eighth letter of the Abkhaz alphabet</li></ol>
Уазбақьсҭан|Uazbak̍stan	<i>name</i><br><ol><li>Uzbekistan (a country in Asia)</li></ol>
Уалонтәыла	<i>name</i><br><ol><li>Wallonia (a region of Europe)</li></ol>
Уалыс|Ualəs	<i>name</i><br><ol><li>Wales (a country in Europe)</li></ol>
Уашхәа мақьаԥсыс	<i>noun</i><br><ol><li>(phraseme) oath</li></ol>
Урыстәыла	<i>name</i><br><ol><li>Russia</li></ol>
Францызтәыла	<i>name</i><br><ol><li>France (a country in Europe)</li></ol>
Х'|Xˤ|xˤ|х'	<i>character</i><br><ol><li>Additional letter for Bzyp dialect of the Abkhaz alphabet</li></ol>
Х'ә|х'ә	<i>character</i><br><ol><li>Additional letter for Bzyp dialect of the Abkhaz alphabet</li></ol>
Хаидаҟтәыла	<i>name</i><br><ol><li>Kaitag (a region of the northern Caucasus of Russia)</li></ol>
Хорватиа|Xorvaṭia	<i>name</i><br><ol><li>Croatia</li></ol>
Хь|хь|X̍|x̍	<i>character</i><br><ol><li>the forty-fourth letter of the Abkhaz alphabet</li></ol>
Хә|хә	<i>character</i><br><ol><li>The forty-fifth letter of the Abkhaz alphabet</li></ol>
Ць|ц'|ć|ць|Ц'|Ć	<i>character</i><br><ol><li>Additional letter for Bzyp dialect of the Abkhaz alphabet</li></ol>
Цә|цә	<i>character</i><br><ol><li>The forty-ninth letter of the Abkhaz alphabet</li></ol>
Чечентәыла	<i>name</i><br><ol><li>Chechnya (a republic of the northern Caucasus of Russia; capital: Grozny)</li></ol>
Чечентәыла Ареспублика	<i>name</i><br><ol><li>Chechen Republic (a republic of the northern Caucasus of Russia; capital: Grozny)</li></ol>
Чынҭ|Č̍ənt	<i>name</i><br><ol><li>China (a country in Asia)</li></ol>
Шь|š̍|Š̍|шь	<i>character</i><br><ol><li>The fifty-seventh letter of the Abkhaz alphabet</li></ol>
Шьамтәыла	<i>name</i><br><ol><li>Syria (a country in Asia)</li></ol>
Шә|š°|Š°|шә	<i>character</i><br><ol><li>The fifty-eighth letter of the Abkhaz alphabet</li></ol>
Шәача|Sochi	<i>name</i><br><ol><li>Sochi (a city, a in Russia)</li></ol>
а|А|a	<i>character</i><br><ol><li>The first letter of the Abkhaz alphabet, written in the Cyrillic script.</li></ol>
ааба|aaba	<i>num</i><br><ol><li>eight (8)</li></ol>
аабыкьа|aabəḳ̍a	<i>adv</i><br><ol><li>recently</li></ol>
аабыкьатәи|aabəḳ̍aṭ°i	<i>adj</i><br><ol><li>recent</li></ol>
аагалых|aagaləx	<i>noun</i><br><ol><li>industry</li></ol>
аагалыхтә|aagaləxṭ°	<i>adj</i><br><ol><li>industrial</li></ol>
аамсҭа|Abzhywa|аамсҭацәа|aamsta	<i>noun</i><br><ol><li>nobleman</li></ol>
аамсҭар|Abzhywa|aamstar	<i>noun</i><br><ol><li>chivalry; squad of nobles.</li></ol>
аамҫҭа|аамҫҭацәа|aamśta	<i>noun</i><br><ol><li>nobleman</li></ol>
аамҫҭар|aamśtar	<i>noun</i><br><ol><li>chivalry; squad of nobles.</li></ol>
аамҭа|aamta	<i>noun</i><br><ol><li>time</li></ol>
аанда|aanda	<i>noun</i><br><ol><li>fence (barrier)</li></ol>
аанҵасра|Abzhywa|аанҵас-ра|aanc̣as-ra	<i>verb</i><br><ol><li>to remain, to stay</li></ol>
аас|Abzhywa|aas	<i>noun</i><br><ol><li>understory</li></ol>
ааскьагара|Abzhywa|aasḳ̍aga-ra|ааскьага-ра	<i>verb</i><br><ol><li>to bring nearer</li></ol>
ааскьара|aasḳ̍a-ra|Abzhywa|ааскьа-ра	<i>verb</i><br><ol><li>to move closer, to get closer</li></ol>
ааҟ|aaq̇	<i>adv</i><br><ol><li>from here (from this side)</li></ol>
ааӡаԥса|aaʒapsa	<i>noun</i><br><ol><li>alimony</li></ol>
ааԥын|aapən	<i>noun</i><br><ol><li>spring</li></ol>
ааԥҭра|aaptra	<i>noun</i><br><ol><li>spring shepherd's camp</li></ol>
аб|абацәа́|ab	<i>noun</i><br><ol><li>father</li></ol>
аба|a-bá|а-ба́	<i>adj</i><br><ol><li>dry</li></ol>
абаа|а-баа|a-baa	<i>noun</i><br><ol><li>fortress</li><li>castle</li></ol>
абаза|аба́заа|abaza	<i>adj</i><br><ol><li>Abaza</li></ol><br><i>noun</i><br><ol><li>Abaza, Abaza person</li></ol>
абалҟар|абалҟарцәа|а-балҟар|a-balq̇ar	<i>noun</i><br><ol><li>Balkar</li></ol>
абанан|а-банан|a-banan	<i>noun</i><br><ol><li>banana</li></ol>
абара|а-ба-ра́|a-ba-rá	<i>verb</i><br><ol><li>to see</li><li>to find</li></ol>
абард|а-ба́рд|a-bárd	<i>noun</i><br><ol><li>thorny undergrowth, brush, bushes</li></ol>
абарзал|a-barzal|а-барзал|абарзалқәа	<i>noun</i><br><ol><li>beluga</li></ol>
абарҵа|a-barc̣a|а-барҵа	<i>noun</i><br><ol><li>balcony</li><li>veranda</li></ol>
абас|a-bas|а-бас	<i>adv</i><br><ol><li>like that</li></ol>
абат|a-baṭ|а-бат	<i>noun</i><br><ol><li>baby buffalo</li></ol>
абахҭа|a-baxta|а-бахҭа	<i>noun</i><br><ol><li>prison</li></ol>
абацә|а-бацә	<i>noun</i><br><ol><li>medlar</li></ol>
абақьмаз|а-бақьмаз|a-bak̍maz	<i>noun</i><br><ol><li>pekmez</li></ol>
абаҟа|a-baq̇a|а-баҟа	<i>noun</i><br><ol><li>monument</li></ol>
абаҳа|a-baḥa|а-баҳа|Abzhywa|абаҳақәа	<i>noun</i><br><ol><li>shovel</li></ol>
абаӷсма|а-баӷсма|a-baγsma	<i>noun</i><br><ol><li>boza</li></ol>
абаӷыр|а-баӷыр|a-baγər	<i>noun</i><br><ol><li>sparrow</li></ol>
абаӷьа|a-baγ̍a|а-баӷьа	<i>noun</i><br><ol><li>Sadz form of абӷьы (abγ̍ə)</li></ol>
абаӷьӡыс|a-baγ̍ʒ́əś|а-баӷьӡыс|a-baγ̍ʒəs|Abzhywa|абаӷьӡьыҫ|а-баӷьӡьыҫ	<i>noun</i><br><ol><li>male kid goat, male goatling</li></ol>
абаӷәаза|а-баӷәаза	<i>noun</i><br><ol><li>port</li><li>bay</li></ol>
абга|á-bga|а́-бга	<i>noun</i><br><ol><li>wolf</li></ol>
абгаду|а-бгаду́|a-bgadú	<i>noun</i><br><ol><li>wolf</li></ol>
абгыӡыр|а-бгыӡыр|a-bgəʒ́ar|a-bgəʒər|Abzhywa|абгыӡьар|а-бгыӡьар	<i>noun</i><br><ol><li>cornel (Cornus mas)</li></ol>
абельльи|a-bel’l’i|а-бельльи|Sadz	<i>adj</i><br><ol><li>known</li></ol>
абжьас|Abzhywa|a-bž̍as|а-бжьас	<i>noun</i><br><ol><li>lynx</li></ol>
абжьобжьик|Abzhywa|a-bž̍obž̍iḳ|а-бжьобжьик	<i>noun</i><br><ol><li>Eurasian hoopoe</li></ol>
абжьы|а-бжьы́|a-bž̍ə́	<i>noun</i><br><ol><li>voice</li></ol>
абз|a-bz|а-бз	<i>noun</i><br><ol><li>tongue</li></ol>
абзамыҟә|а-бзамыҟә	<i>noun</i><br><ol><li>dumb</li><li>dupe</li></ol>
абзара|a-bzara|а-бзара	<i>noun</i><br><ol><li>Sadz form of абгыӡыр (abgəʒər)</li></ol>
абзиа|а-бзи́а|a-bzía	<i>adj</i><br><ol><li>good</li></ol>
абзиабаҩ|абзи́абаҩцәа|a-bzíabaʿ°|а-бзи́абаҩ	<i>noun</i><br><ol><li>lover, fan, enthusiast</li></ol>
абзиазаара|a-bzíazaa-ra|а-бзи́азаа-ра	<i>verb</i><br><ol><li>good, to be good</li></ol>
абзиахара|a-bzíaxa-ra|а-бзи́аха-ра	<i>verb</i><br><ol><li>good, to be good</li></ol>
абираҟ|a-biraq̇|а-бираҟ	<i>noun</i><br><ol><li>flag</li></ol>
аблаҩа|а-блаҩа	<i>noun</i><br><ol><li>dragon</li></ol>
абна|a-bna|а-бна	<i>noun</i><br><ol><li>forest</li></ol>
абора|a-bora|а-бора	<i>noun</i><br><ol><li>animal stall</li></ol>
абызшәа|а-бызшәа́|абызшәақәа́	<i>noun</i><br><ol><li>language</li></ol>
абырзен|a-bərzen|а-бырзен|абырзенцәа	<i>noun</i><br><ol><li>Greek</li></ol>
абырзен бызшәа|а-бырзен бызшәа	<i>noun</i><br><ol><li>Greek language</li></ol>
абыркьыл|а-быркьыл|a-bərḳ̍əl	<i>noun</i><br><ol><li>railing on the ship</li></ol>
абырфын|а-бырфын|a-bərfən	<i>noun</i><br><ol><li>silk</li></ol>
абыцаҟьа|Abzhywa|a-bəcaq̇̍a|а-быцаҟьа	<i>noun</i><br><ol><li>wicker hut</li></ol>
абҳәа|а-бҳәа́	<i>noun</i><br><ol><li>plum</li><li>prune</li></ol>
абҳәаса|аԥҳәаҫа|Abzhywa|а-бҳәа-с́á|а-ԥҳәаҫа	<i>noun</i><br><ol><li>wild plum</li></ol>
абҵара|а-бҵара́|a-bc̣ará	<i>noun</i><br><ol><li>November</li></ol>
абӷа|а-бӷа|a-bγa	<i>noun</i><br><ol><li>back (the rear of body)</li></ol>
абӷанҷ|a-bγanč̣̍|а-бӷанҷ	<i>noun</i><br><ol><li>pebble</li></ol>
абӷарӡса|а-бӷарӡса|a-bγarʒsa	<i>noun</i><br><ol><li>backstroke, back crawl</li></ol>
абӷьы|a-bγ̍ə́|а-бӷьы́	<i>noun</i><br><ol><li>leaf</li></ol>
абԥса|Abzhywa|а-бԥса|a-bpsa	<i>noun</i><br><ol><li>stepfather</li></ol>
авиациа|авиа́циа|aviácia	<i>noun</i><br><ol><li>aviation</li></ol>
авиациабзиабаҩ|aviáciabziabaʿ°|авиа́циабзиабаҩцәа|авиа́циабзиабаҩ	<i>noun</i><br><ol><li>aviation enthusiast</li></ol>
ага|a-ga|а-га	<i>noun</i><br><ol><li>coast</li></ol>
агазеҭ|агазеҭқәа|а-газеҭ|a-gazet	<i>noun</i><br><ol><li>newspaper</li></ol>
агаҭҳәы|а-гаҭҳәы	<i>noun</i><br><ol><li>dragon</li><li>monster</li></ol>
агды|a-gdə|а-гды	<i>adj</i><br><ol><li>hornless</li></ol>
агеографиа|a-geografia|а-географиа	<i>noun</i><br><ol><li>geography</li></ol>
агмыг|agməg	<i>noun</i><br><ol><li>messy, ignoramus</li></ol>
агыруа|а-гыр-уа|агырцәа|a-gər-ua	<i>noun</i><br><ol><li>Mingrelian</li><li>farm labourer</li></ol>
агьама|a-g̍áma|а-гьа́ма	<i>noun</i><br><ol><li>taste</li></ol>
агьаҭа|а-гьаҭа|a-g̍ata	<i>noun</i><br><ol><li>sabre</li></ol>
агьемуа|а-гьем-ыуа|a-g̍em-ua|а-гьем-уа	<i>noun</i><br><ol><li>Genoese</li></ol>
агьенч|а-гьенч|a-g̍enč̍|Sadz	<i>adj</i><br><ol><li>young</li></ol>
агәамҵра|Abzhywa|а-гәамҵ-ра|а-гәанҵь-ра|агәанҵьра	<i>verb</i><br><ol><li>to grumble, to speak pained</li></ol>
агәара|а-гәара	<i>noun</i><br><ol><li>fence</li><li>yard</li></ol>
агәарҭа|Abzhywa|агәараҭа|а-гәараҭа|а-гәа́рҭа	<i>noun</i><br><ol><li>flock</li></ol>
агәнаҳа|а-гәнаҳа	<i>noun</i><br><ol><li>sin</li></ol>
агәы|а-гәы́	<i>noun</i><br><ol><li>heart</li></ol>
агәылшьаԥ|а-гәылшьаԥ	<i>noun</i><br><ol><li>dragon</li></ol>
агәымрықь|а-гәымрықь	<i>noun</i><br><ol><li>tariff</li></ol>
агәырӷьаҽҳәаҫ|а-гәырӷьаҽҳәаҫ|агәырӷьаҽҳәаҫқәа	<i>noun</i><br><ol><li>glad tidings</li></ol>
агәыҵаԥшь|а-гәыҵаԥшь	<i>noun</i><br><ol><li>red mullet</li></ol>
агәыӡра|Abzhywa|а-гәыӡь-ра|а-гәыӡ-ра|агәыӡьра	<i>verb</i><br><ol><li>to kiss</li></ol>
агәҭасра|Abzhywa|а-гәҭасра|а-гәҭас-ра	<i>verb</i><br><ol><li>to push, to shove</li></ol><br><i>noun</i><br><ol><li>pushing</li></ol>
адагәа|а-дагәа	<i>adj</i><br><ol><li>deaf</li></ol>
адалӷа|a-dalγa|а-далӷа|Sadz	<i>noun</i><br><ol><li>wave</li></ol>
адамра|а-дамра́|a-damrá	<i>noun</i><br><ol><li>tomb, grave, dolmen</li></ol>
адарач|а-дарач|a-darač̍	<i>noun</i><br><ol><li>conical fishing basket</li></ol>
адарсма|a-darsma|а-дарсма|Abzhywa	<i>noun</i><br><ol><li>withers (part of the back of a draft animal)</li></ol>
адауар|a-dauar|а-дауар	<i>noun</i><br><ol><li>picket fence</li></ol>
адаӷь|а-даӷь|a-daγ̍	<i>noun</i><br><ol><li>frog</li></ol>
адгьыл|а́-дгьыл|á-dg̍əl	<i>noun</i><br><ol><li>earth, land</li><li>country</li></ol>
адгьылбжьаха|а́-дгьылбжьаха|á-dg̍əlbž̍axa	<i>noun</i><br><ol><li>island</li></ol>
адгьылҿацә|а-дгьылҿацә|a-dg̍əlč̣ac°	<i>noun</i><br><ol><li>peninsula</li></ol>
адельфин|а-дельфин|a-del’fin	<i>noun</i><br><ol><li>dolphin</li></ol>
адиуан|a-diuan|адиуанқәа|а-диуан	<i>noun</i><br><ol><li>sofa, couch, divan</li></ol>
аду|a-dú|а-ду́	<i>adj</i><br><ol><li>big, large</li></ol>
адузаара|a-dúzaa-ra|а-ду́заа-ра	<i>verb</i><br><ol><li>to be big, large</li></ol>
адунеи|а-дунеи|a-dunei	<i>noun</i><br><ol><li>world</li></ol>
адухара|а-ду́ха-ра|a-dúxa-ra	<i>verb</i><br><ol><li>to be big, large</li></ol>
адырра|а-ды́р-ра|a-də́r-ra	<i>verb</i><br><ol><li>to know</li></ol>
адырӷыӷ|a-dərγəγ|а-дырӷыӷ	<i>noun</i><br><ol><li>meagre</li></ol>
адышәаҟа|Sadz|а-дышәаҟа	<i>noun</i><br><ol><li>tortoise, turtle</li></ol>
адәы|а-дәы́	<i>noun</i><br><ol><li>field</li></ol>
аеиры|аеирыцәа|a-eirə|а-еиры	<i>noun</i><br><ol><li>Irishman</li></ol>
аеиры бызшәа|а-еиры бызшәа	<i>noun</i><br><ol><li>Irish language</li></ol>
аенцәыш|Abzhywa|а-енцәыш	<i>noun</i><br><ol><li>European green lizard</li></ol>
аерман|a-erman|а-ерман|аерманцәа	<i>noun</i><br><ol><li>Armenian</li></ol>
аерман бызшәа|а-ерман бызшәа	<i>noun</i><br><ol><li>Armenian language</li></ol>
аеҵәа|а́-еҵәа	<i>noun</i><br><ol><li>star (heavenly body)</li></ol>
ажакьа|a-žáḳ̍a|а-жа́кьа	<i>noun</i><br><ol><li>beard</li><li>(rare) moustache</li></ol>
ажыга|ажыгақәа|a-žəga|а-жыга	<i>noun</i><br><ol><li>shovel</li></ol>
ажьа|a-ž̍á|а-жьа́	<i>noun</i><br><ol><li>hare (Lepus europaeus)</li></ol>
ажьаҵәыра|а-жьаҵәыра|Sadz	<i>noun</i><br><ol><li>ivy</li></ol>
ажьы|а-жьы|a-ž̍ə	<i>noun</i><br><ol><li>meat</li></ol>
ажьымжьакьа|a-ž̍əmž̍aḳ̍a|а-жьымжьакьа|Sadz	<i>noun</i><br><ol><li>Eurasian hoopoe</li></ol>
ажьырныҳәа|а-жьырныҳәа	<i>noun</i><br><ol><li>January</li></ol>
ажьҭаара|a-ž̍taara|а-жьҭаара	<i>noun</i><br><ol><li>grape harvest</li><li>October</li></ol>
ажәар|а-жәар	<i>noun</i><br><ol><li>dictionary</li></ol>
ажәрытә|ажәрытәқәа|а-жәрытә	<i>noun</i><br><ol><li>lever</li></ol>
ажәытәӡа	<i>adv</i><br><ol><li>In ancient times</li></ol>
ажәҩа|Abzhywa|а-ҙәиа|аҙәиа|а-жәҩа	<i>noun</i><br><ol><li>oar</li></ol>
ажәҩан|Abzhywa|а-жәҩан	<i>noun</i><br><ol><li>sky</li></ol>
ажәҩахыр|Abzhywa|аҙәиах'ыр|а-ҙәиах'ыр|а-жәҩахыр	<i>noun</i><br><ol><li>shoulder</li></ol>
ажәҩашәаҟьа|аҙәыҫәаҟьа|а-жәҩашәаҟьа|Abzhywa|а-ҙәыҫәаҟьа	<i>noun</i><br><ol><li>shoulder blade, scapula</li></ol>
ажәҵыс|а-жәҵыс|Abzhywa|аҙәҵьыҫ|а-ҙәҵьыҫ	<i>noun</i><br><ol><li>swallow</li></ol>
азаԥ|a-zap|а-заԥ	<i>noun</i><br><ol><li>(slang) gun</li></ol>
азы|а-зы́|a-zə́	<i>prep</i><br><ol><li>for</li><li>to</li><li>because of</li></ol>
азыхә|а-зыхә|азыхәцәа	<i>noun</i><br><ol><li>Circassian</li></ol>
азыхә бызшәа|а-зыхә бызшәа	<i>noun</i><br><ol><li>Circassian language</li></ol>
азышьҭара|Sadz|а-зышьҭара|a-zəš̍tara	<i>prep</i><br><ol><li>ever since, since, since then</li></ol>
азҩа|Abzhywa|а-зҩа	<i>noun</i><br><ol><li>plague, disease</li></ol>
азҳара|Abzhywa|а-зҳа-ра|a-zḥa-ra	<i>verb</i><br><ol><li>to grow</li></ol>
азҳәара|Abzhywa|а-зҳәа-ра	<i>verb</i><br><ol><li>to propose as a wife or as a husband (as in matchmaking); to match; to marry off</li></ol>
азҵаара|a-zc̣aara|а-зҵаара|азҵаарақәа	<i>noun</i><br><ol><li>question</li></ol>
аи|Abzhywa|ai	<i>particle</i><br><ol><li>no</li></ol>
аиааира|a-iaái-ra|а-иаа́и-ра|а-иаа́ира|a-iaáira	<i>noun</i><br><ol><li>victory, winning</li></ol><br><i>verb</i><br><ol><li>to win</li></ol>
аиааирагаҩы|а-иаа́ирагаҩы|аиаа́ирагаҩцәа	<i>noun</i><br><ol><li>winner</li></ol>
аиашьа|an|аиашьцәа	<i>noun</i><br><ol><li>brother</li></ol>
аибашьра	<i>noun</i><br><ol><li>war</li></ol>
аидаур|aidaur	<i>noun</i><br><ol><li>deck</li></ol>
аизара|Abzhywa|a-izara|а-изара	<i>noun</i><br><ol><li>meeting, gathering</li><li>assembly</li></ol>
аизырх'а|а-изырх'а|Sadz|a-izərxˤa	<i>noun</i><br><ol><li>meeting place</li></ol>
аилар|ailar	<i>noun</i><br><ol><li>community</li></ol>
аилақь|а-илақь|a-ilak̍	<i>noun</i><br><ol><li>bra</li></ol>
аиныжә|a-inəž°|а-иныжә	<i>noun</i><br><ol><li>giant</li></ol>
аихасаҟәа	<i>noun</i><br><ol><li>raft</li></ol>
акабарџык|a-ḳabarǯə́ḳ|а-кабарџы́к	<i>noun</i><br><ol><li>spring onion (Allium fistulosum)</li></ol>
акадифа|а-кадифа|a-ḳadifa	<i>noun</i><br><ol><li>velvet</li></ol>
акалаҭ|a-ḳalat|а-калаҭ	<i>noun</i><br><ol><li>basket</li></ol>
акалмаҳа|а-калма́ҳа|акамлаҳ|а-камла́ҳ|a-ḳalmáḥ|a-ḳalmáḥa|акалмаҳ|а-калма́ҳ|a-ḳamláḥ	<i>noun</i><br><ol><li>trout</li><li>(figuratively) attractive, slender person</li></ol>
акамыршша|Abzhywa|a-ḳaməršša|а-камыршша	<i>noun</i><br><ol><li>snail</li></ol>
акаркаламышә|a-ḳarḳalaməš°|Abzhywa|а-каркаламышә	<i>noun</i><br><ol><li>sand lizard</li></ol>
акарпыжә|a-ḳarṗəž°|а-карпыжә	<i>noun</i><br><ol><li>watermelon</li></ol>
акаҭа|a-ḳata|а-каҭа	<i>noun</i><br><ol><li>fishing net</li></ol>
акаҭран|a-ḳatran|а-каҭран	<i>noun</i><br><ol><li>tar</li></ol>
акаҳуа|а-каҳуа|a-ḳaḥua	<i>noun</i><br><ol><li>coffee</li></ol>
акиоск|а-киоск|a-ḳiosḳ	<i>noun</i><br><ol><li>kiosk, booth</li></ol>
акра|aḳra	<i>noun</i><br><ol><li>cape, headland</li><li>lighthouse</li></ol>
акы|aḳə	<i>num</i><br><ol><li>one (1)</li></ol>
акыдгылара|a-ḳədgəlara|а-кыдгылара	<i>noun</i><br><ol><li>wharf, pier</li></ol>
акыркылыш|a-ḳərḳələš|Sadz|а-кыркылыш	<i>noun</i><br><ol><li>sand lizard</li></ol>
акыӷәра|а-кыӷәра	<i>noun</i><br><ol><li>stern</li></ol>
акьагәа|а-кьагәа	<i>noun</i><br><ol><li>(offensive, ethnic slur) ethnic Turk</li></ol>
акьарахә|a-ḳ̍arax°|а-кьарахә	<i>noun</i><br><ol><li>revolver</li></ol>
акьысра|Abzhywa|а-кьыс-ра|a-ḳ̍əs-ra	<i>verb</i><br><ol><li>to touch</li></ol>
акәадац|а-кәадац	<i>noun</i><br><ol><li>sea buckthorn</li></ol>
акәакәышь|Abzhywa|агәагәышь|а-гәагәышь|а-кәакәышь	<i>noun</i><br><ol><li>turkey</li></ol>
акәалӡы|а-кәалӡы	<i>noun</i><br><ol><li>armor</li></ol>
акәаскьа|а-кәаскьа|Abzhywa	<i>noun</i><br><ol><li>plank house</li></ol>
акәасҭӷа|Abzhywa|а-кәасҭӷа	<i>noun</i><br><ol><li>ember, firebrand</li></ol>
акәата|а-кәата	<i>noun</i><br><ol><li>duck</li></ol>
акәац|Abzhywa|акәаць|а-кәац|а-кәаць	<i>noun</i><br><ol><li>meat</li></ol>
акәаҵамлықь|а-кәаҵамлықь|Sadz	<i>noun</i><br><ol><li>Eurasian woodcock</li></ol>
акәеит-меитра|а-кәеит-меит-ра	<i>verb</i><br><ol><li>to be/become frightened, to grow timid</li></ol>
акәуа|Abzhywa|а-кәуа	<i>noun</i><br><ol><li>tortoise, turtle</li></ol>
акәыи|а-кәыи	<i>noun</i><br><ol><li>root cellar</li><li>tobacco moistening pit</li></ol>
акәылыи|а-кәылыи|Sadz	<i>noun</i><br><ol><li>turkey-poult, young turkey</li></ol>
акәымсаг|Abzhywa|а-кәымсаг	<i>noun</i><br><ol><li>wooden mallet</li></ol>
ала|á-la|a-lá|а-ла́|а́-ла	<i>noun</i><br><ol><li>dog</li><li>eye (organ of sight)</li></ol>
алакҭаҩ|а-лакҭаҩ|a-laḳtaʿ°	<i>noun</i><br><ol><li>visor</li></ol>
аламаз|а-ламаз|a-lamaz	<i>noun</i><br><ol><li>namaz</li></ol>
аламыс|a-laməs|а-ламыс	<i>noun</i><br><ol><li>conscience</li></ol>
аламӡы|а-ламӡы|a-lamʒə|Sadz	<i>noun</i><br><ol><li>tear</li></ol>
алас|á-las|а́-лас	<i>adj</i><br><ol><li>light (of weight)</li></ol>
аласа|a-lasa|Abzhywa|а-ласа	<i>noun</i><br><ol><li>wool</li></ol>
аласба|Abzhywa|а-ласба|a-lasba	<i>noun</i><br><ol><li>puppy</li></ol>
алахҭым|Abzhywa|а-лахҭым|алахҭымқәа|a-laxtəm	<i>noun</i><br><ol><li>lever</li></ol>
алаша|а-лаша|a-laša	<i>adj</i><br><ol><li>light</li></ol>
алаҩта|а-лаҩта|алаҩтақәа|Sadz	<i>noun</i><br><ol><li>maize</li></ol>
алаҵара|a-lac̣ará|а-лаҵара́	<i>noun</i><br><ol><li>May</li></ol>
алезгьы|а-лезгьы|a-lezg̍ə	<i>noun</i><br><ol><li>Lezgian</li></ol>
алемса|а-лемса|a-lemsa|алемсацәа	<i>noun</i><br><ol><li>German</li></ol>
алман|alman	<i>noun</i><br><ol><li>German</li></ol>
алман бызшәа	<i>noun</i><br><ol><li>German language</li></ol>
алыкә|а-лыкә|a-ləḳ°	<i>noun</i><br><ol><li>lock, bolt, bar</li></ol>
альупльуп|а-льупльуп|Sadz	<i>noun</i><br><ol><li>Eurasian hoopoe</li></ol>
амаалықь|а-маалықь|a-maalək̍	<i>noun</i><br><ol><li>angel</li><li>baby</li></ol>
амаамаса|a-maamasa|а-маамаса|Abzhywa	<i>noun</i><br><ol><li>young assistant, helper</li></ol>
амаана|а-маана|a-maana	<i>noun</i><br><ol><li>trick</li><li>cunning</li></ol>
амажәа|амаҙәа|а-маҙәа|а-мажәа	<i>noun</i><br><ol><li>cake or dough</li></ol>
амазгәыҭ|а-мазгәыҭ	<i>noun</i><br><ol><li>mast (sailing)</li></ol>
аманыӡа|a-manəʒa|а-маныӡа	<i>noun</i><br><ol><li>vambrace</li></ol>
амаркатыл|Abzhywa|a-marḳaṭəl|а-маркатыл	<i>noun</i><br><ol><li>scissors</li></ol>
амаркәыса|а-маркәыса|Sadz	<i>noun</i><br><ol><li>Morus</li></ol>
амахҽ|a-maxč|а-махҽ	<i>noun</i><br><ol><li>camel</li></ol>
амахәар|а-махәар	<i>noun</i><br><ol><li>hand</li></ol>
амацәыс|Abzhywa|а-мацәыс	<i>noun</i><br><ol><li>lightning</li></ol>
амаџьар|а-маџьар|маџьарцәа|a-maǯ̍ar	<i>noun</i><br><ol><li>Hungarian</li></ol>
амаџьар бызшәа|a-maǯ̍ar bəzš°a|а-маџьар бызшәа	<i>noun</i><br><ol><li>Hungarian language</li></ol>
амақьа|а-мақьа|a-mak̍a	<i>noun</i><br><ol><li>steel sharpening stone</li></ol>
амаҭ|а-маҭ|a-mat	<i>noun</i><br><ol><li>snake</li></ol>
амаҭԥсыӡ|а-маҭԥсыӡ|a-matpsəʒ	<i>noun</i><br><ol><li>pipefish</li></ol>
амаҵзура|а-маҵзура|a-mac̣zura|а-маҵьзура|Abzhywa|амаҵьзура|a-mać̣zura	<i>noun</i><br><ol><li>service (customers), maintenance (machinery), hospitality (business)</li></ol>
амаҵзуҩы|Abzhywa|амаҵьзуҩы|а-маҵьзуҩы|а-маҵзуҩы	<i>noun</i><br><ol><li>staff, service personnel</li></ol>
амаҵуар|а-маҵуар|амаҵьуар|а-маҵьуар|Abzhywa|a-mac̣uar|a-mać̣uar	<i>noun</i><br><ol><li>greyhound</li></ol>
амаҵуарҵгаҩы|Abzhywa|амаҵьуарҵгаҩы|а-маҵуарҵгаҩы|а-маҵьуарҵгаҩы	<i>noun</i><br><ol><li>man who hunting with greyhounds</li></ol>
амаҵура|а-маҵьура|a-mać̣ura|а-маҵу-ра|Abzhywa|амаҵьура|a-mac̣u-ra	<i>verb</i><br><ol><li>to serve</li></ol><br><i>noun</i><br><ol><li>post, job</li></ol>
амаҵуразқәу|Abzhywa|а-маҵьуразқәу|а-маҵуразқәу|амаҵьуразқәу	<i>noun</i><br><ol><li>servant</li><li>serf</li></ol>
амаҵураныҟәара|Abzhywa|а-маҵураныҟәара|а-маҵьураныҟәара|амаҵьураныҟәара	<i>noun</i><br><ol><li>secondment, mission, business trip</li></ol>
амаҵурауаҩ|а-маҵьурауаҩ|Abzhywa|амаҵьурауаҩ|a-mać̣urauaʿ°|а-маҵурауаҩ|амаҵурауаа	<i>noun</i><br><ol><li>official</li></ol>
амаҵураҭыԥ|а-маҵьураҭыԥ|амаҵьураҭыԥ|Abzhywa|a-mać̣uratəp|а-маҵураҭыԥ|a-mac̣uratəp	<i>noun</i><br><ol><li>post</li></ol>
амаҵурҭа|а-маҵьурҭа|амаҵьурҭа|Abzhywa|а-маҵурҭа|a-mać̣urta|a-mac̣urta	<i>noun</i><br><ol><li>kitchen</li></ol>
амаҵуҩы|а-маҵуҩы|а-маҵьуҩы|Abzhywa|амаҵууаа|амаҵьуҩы	<i>noun</i><br><ol><li>servant, lackey</li></ol>
амаҵуҩытә|Abzhywa|а-маҵуҩытә	<i>adj</i><br><ol><li>servile, menial</li></ol>
амени|a-meni|Sadz|а-мени	<i>noun</i><br><ol><li>semen</li></ol>
аметан|a-meṭán|а-мета́н	<i>noun</i><br><ol><li>(organic chemistry) methane</li></ol>
аметанол|a-meṭanól|а-метано́л	<i>noun</i><br><ol><li>(organic chemistry) methanol</li></ol>
аметил|a-meṭíl|а-мети́л	<i>noun</i><br><ol><li>(organic chemistry) methyl</li></ol>
амза|а́-мза|á-mza	<i>noun</i><br><ol><li>moon</li><li>month</li></ol>
амилаҭ|a-milat|а-милаҭ|амилаҭқәа	<i>noun</i><br><ol><li>nation</li></ol>
амлаӷәыр|а-млаӷәыр	<i>noun</i><br><ol><li>salmon</li></ol>
амса|Abzhywa|a-msa|а-мса	<i>noun</i><br><ol><li>callus</li></ol>
амц|a-mc|а-мц	<i>noun</i><br><ol><li>a lie</li></ol>
амцкласра|Abzhywa|а-мцклас-ра|a-mcḳlas-ra	<i>verb</i><br><ol><li>to peck, to pick (for birds)</li></ol>
амш|а-мш|a-mš	<i>noun</i><br><ol><li>day (period of 24 hours)</li></ol>
амшаҧы|á-mšapə|а́-мшаҧы	<i>noun</i><br><ol><li>April</li></ol>
амшын|а-мшын|a-mšən	<i>noun</i><br><ol><li>sea</li></ol>
амшынла|а-мшынла|a-mšənla	<i>noun</i><br><ol><li>shark</li></ol>
амшынҳәа|а-мшынҳәа	<i>noun</i><br><ol><li>dolphin</li></ol>
амшә|а-мшә|a-mš°	<i>noun</i><br><ol><li>bear (Ursus arctos syriacus)</li></ol>
амыркылд|а-мыркылд|a-mərḳəld	<i>noun</i><br><ol><li>mother-of-pearl</li></ol>
амыса|Abzhywa|а-мыса|a-məsa	<i>noun</i><br><ol><li>criminal</li><li>malefactor</li></ol>
амысқь|а-мысқь|a-məsk̍|Abzhywa	<i>noun</i><br><ol><li>toilet soap</li></ol>
амыҩныф|амыиныф|a-məinəf|а-мыиныф|Abzhywa|а-мыҩныф	<i>noun</i><br><ol><li>road food</li></ol>
амҵ|а-мҵ|a-mc̣	<i>noun</i><br><ol><li>(Bzyb) fly (insect)</li></ol>
амҵарсра|Abzhywa|a-mc̣ars-ra|а-мҵарс-ра	<i>verb</i><br><ol><li>to kidnap</li></ol>
амҽыша|a-mčəša|а-мҽыша	<i>noun</i><br><ol><li>Sunday</li></ol>
амԥаҟа|ampaq̇a|Sadz	<i>adv</i><br><ol><li>near, next to</li></ol>
ан|an|а́нацәа	<i>noun</i><br><ol><li>mother</li></ol>
анамыс|а-намыс|a-naməs	<i>noun</i><br><ol><li>conscience</li></ol>
анапхыц|a-naṗxəc|Abzhywa|а-напхыц	<i>noun</i><br><ol><li>fingernail, nail</li></ol>
анапы|анапқәа́|а-напы́|a-naṗə́	<i>noun</i><br><ol><li>hand</li></ol>
анармеиқәа|анармеиқәақәа|а-мырканеиқәа|Abzhywa|амырканеиқәа|амырканеиқәақәа|а-нармеиқәа	<i>noun</i><br><ol><li>long underwear, long johns</li></ol>
анаскьагара|Abzhywa|a-nasḳ̍aga-ra|а-наскьага-ра	<i>verb</i><br><ol><li>to conduct here, to guide here</li></ol>
анаскьара|Abzhywa|а-наскьа-ра|a-nasḳ̍a-ra	<i>verb</i><br><ol><li>to go away, to go aside, to move away, to move aside</li></ol>
анасыԥ|a-nasəp|а-насыԥ	<i>noun</i><br><ol><li>luck</li></ol>
анацәа|анацәақәа́|а-нацәа́	<i>noun</i><br><ol><li>finger</li></ol>
анаша|a-náša|а-на́ша	<i>noun</i><br><ol><li>cucumber</li></ol>
анашанаҟаҵаҩ|а-наша́наҟаҵаҩ|a-našánaq̇ac̣aʿ°	<i>noun</i><br><ol><li>wizard</li></ol>
анаџьа|a-naǯ̍a|а-наџьа|Abzhywa	<i>noun</i><br><ol><li>red-backed shrike</li></ol>
анаҩеи|а-наҩеи	<i>noun</i><br><ol><li>Nogai</li></ol>
анаԥха|á-napxa|а́-наԥха	<i>noun</i><br><ol><li>traitor</li></ol>
англыз|англызцәа|angləz	<i>noun</i><br><ol><li>Englishman</li></ol>
англыз бызшәа	<i>noun</i><br><ol><li>English language</li></ol>
анышә|а-ны́шә|a-nə́š°	<i>noun</i><br><ol><li>earth, clay</li></ol>
анышәынҭра|а-нышәынҭра	<i>noun</i><br><ol><li>cemetery, graveyard</li></ol>
анџьныр|a-nǯ̍nər|а-нџьныр	<i>noun</i><br><ol><li>engineer</li></ol>
анқьаҳ|a-nk̍aḥ|а-нқьаҳ	<i>noun</i><br><ol><li>nikah</li></ol>
анԥса|а-нԥса|Abzhywa|a-npsa	<i>noun</i><br><ol><li>stepmother</li></ol>
апа|a-ṗa|а-па	<i>adj</i><br><ol><li>thin</li></ol>
апатла|а-патла|a-ṗaṭla	<i>noun</i><br><ol><li>temporary truce</li></ol>
апаҭырџьан|а-паҭырџьан|a-ṗatərǯ̍an	<i>noun</i><br><ol><li>tomato</li></ol>
апаҿа|a-ṗač̣a|а-паҿа	<i>noun</i><br><ol><li>tick (arachnid)</li></ol>
аплиаж|a-ṗliaž|а-плиаж	<i>noun</i><br><ol><li>beach</li></ol>
апролетарцәа атәылақәа зегьы рҿы иҟоу, шәҽеидышәкыл|шәҽеидышәкыл|апролетарцәа атәылақәа зегьы рҿы иҟоу	<i>phrase</i><br><ol><li>workers of the world, unite</li></ol>
апыззы|a-ṗəzzə|а-пыззы|Sadz	<i>noun</i><br><ol><li>hedgehog</li></ol>
апҟыз|a-ṗq̇əz|Abzhywa|а-пҟыз	<i>noun</i><br><ol><li>common rush</li></ol>
аран|aran	<i>noun</i><br><ol><li>bed</li></ol>
араса|a-rasa|а-раса|Abzhywa	<i>noun</i><br><ol><li>hazelnut</li></ol>
арасаҭра|Abzhywa|а-расаҭра|a-rasatra	<i>noun</i><br><ol><li>hazel grove</li></ol>
арашәара|а-рашәара	<i>noun</i><br><ol><li>June</li></ol>
араԥ|а-раԥ|араԥцәа|a-rap	<i>noun</i><br><ol><li>Arab</li></ol>
ареспублика|а-республика|a-resṗubliḳa	<i>name</i><br><ol><li>republic</li></ol>
ари|арт|ари́|arí	<i>det</i><br><ol><li>this</li></ol>
арнауҭ|arnaut|арнауыҭ|арнауҭцәа	<i>noun</i><br><ol><li>Albanian</li></ol>
арнауҭ бызшәа	<i>noun</i><br><ol><li>Albanian language</li></ol>
арсра|Abzhywa|a-rs-ra|а-рс-ра	<i>verb</i><br><ol><li>to beat into</li></ol>
арссара|а-рсса-ра|Abzhywa|a-rssa-ra	<i>verb</i><br><ol><li>to cut, to slice</li></ol>
аруҭул|аруҭулцәа|а-руҭул|a-rutul|аруҭыул	<i>noun</i><br><ol><li>Rutul</li></ol>
арҭмаҟ|a-rtmaq̇|а-рҭмаҟ	<i>noun</i><br><ol><li>bag</li></ol>
арҵара|а-р-ҵа-ра́|a-r-c̣a-rá	<i>verb</i><br><ol><li>to teach</li></ol>
арҵаҩы|арҵаҩцәа́|а-р-ҵаҩы́	<i>noun</i><br><ol><li>teacher</li></ol>
арҵу|a-rc̣u|а-рҵу	<i>noun</i><br><ol><li>grasshopper</li></ol>
арҵыӷь|а-рҵыӷь|a-rc̣əγ̍	<i>noun</i><br><ol><li>Sadz form of арҵу (arc̣u)</li></ol>
арԥыс|a-rpaś|а-рԥыс|а-рԥаҫ|арԥаҫ|Abzhywa|арԥарцәа|a-rpəs	<i>noun</i><br><ol><li>young man</li></ol>
аса|Abzhywa|а-са|a-sa	<i>noun</i><br><ol><li>sword</li></ol>
асаанкылара|a-śaanḳəlara|Abzhywa|аҫаанкылара|а-ҫаанкылара|а-саанкылара|a-saanḳəlara	<i>noun</i><br><ol><li>snow retention</li></ol>
асааҭ|а-сааҭ|асааҭқәа|a-saat	<i>noun</i><br><ol><li>hour</li></ol>
асаба|а-са́ба|a-sába	<i>noun</i><br><ol><li>dust</li></ol>
асабша|Abzhywa|а-сабша|a-sabša	<i>noun</i><br><ol><li>Saturday</li></ol>
асандық|а-сандық|Sadz|a-sandək	<i>noun</i><br><ol><li>chest (furniture)</li></ol>
асара|Abzhywa|a-sa-ra|а-са-ра	<i>verb</i><br><ol><li>to shave</li></ol>
асас|á-sas|а́-сас	<i>noun</i><br><ol><li>guest</li></ol>
асаскьыр|Abzhywa|а-саскьыр|a-sasḳ̍ər	<i>noun</i><br><ol><li>ramsons</li></ol>
асаӡуа|а-ҫаӡь-уа|a-śaʒ́-ua|a-saʒ-ua|аҫаӡьуа|асаӡуаа|а-саӡ-уа	<i>noun</i><br><ol><li>The Sadz (Sub-ethnic group of Abkhaz)</li></ol>
асон|а-сон|Sadz|a-son	<i>noun</i><br><ol><li>last, final</li></ol>
асона|а-сона|a-sona	<i>noun</i><br><ol><li>celery</li></ol>
асоура|а-ҫоура|a-soura|Abzhywa|a-śoura|аҫоура|а-соура	<i>noun</i><br><ol><li>snowfall, fall of snow</li></ol>
асофра|а-софра|a-sofra|Sadz	<i>noun</i><br><ol><li>tablecloth</li></ol>
асра|Abzhywa|а-с-ра|a-s-ra	<i>verb</i><br><ol><li>to beat, to hit</li><li>to weave</li></ol>
асрыцқьага|a-śrəck̍aga|a-srəck̍aga|а-ҫрыцқьага|аҫрыцқьага|а-срыцқьага|Abzhywa	<i>noun</i><br><ol><li>snowplow</li></ol>
асура|Abzhywa|a-sura|а-сура	<i>noun</i><br><ol><li>house extension (for household needs)</li></ol>
асууари|a-suuari|а-сууари|асууарицәа|Sadz	<i>noun</i><br><ol><li>horseman</li></ol>
асха|а-ҫха|a-śxa|а-сха|Abzhywa|аҫха|a-sxa	<i>noun</i><br><ol><li>avalanche</li></ol>
асцәыхьчара|Abzhywa|аҫцәыхьчара|а-сцәыхьчара|а-ҫцәыхьчара	<i>noun</i><br><ol><li>snow protection</li></ol>
асшәага|Abzhywa|аҫшәага|а-ҫшәага|а-сшәага	<i>noun</i><br><ol><li>snowboard, weaverboard</li></ol>
асы|a-sə|a-śə|а-сы|а-ҫы|Abzhywa|аҫы	<i>noun</i><br><ol><li>snow</li></ol>
асынкылара|а-сынкылара|a-sənḳəlara|Abzhywa|a-śənḳəlara|а-ҫынкылара|аҫынкылара	<i>noun</i><br><ol><li>snow retention</li></ol>
асырҭы|Abzhywa|a-sərtə|а-сырҭы	<i>noun</i><br><ol><li>loom</li></ol>
асырӡ|Abzhywa|a-sərʒ|а-сырӡ	<i>noun</i><br><ol><li>meltwater</li></ol>
асыс|Abzhywa|а-сыс|a-səs	<i>noun</i><br><ol><li>female lamb</li></ol>
асыԥса|а-ҫыԥҫа|аҫыԥҫа|a-səpsa|Abzhywa|a-śəpśa|а-сыԥса	<i>noun</i><br><ol><li>avalanche</li></ol>
асыԥсалеира|a-səpsaleira|а-ҫыԥҫалеира|а-сыԥсалеира|аҫыԥҫалеира|Abzhywa|a-śəpśaleira	<i>noun</i><br><ol><li>avalanche</li></ol>
асыԥсаҳәа|Abzhywa|а-ҫыԥҫаҳәа|а-сыԥсаҳәа|аҫыԥҫаҳәа	<i>noun</i><br><ol><li>snow blockage</li></ol>
асқьал|а-сқьал|a-sk̍al	<i>noun</i><br><ol><li>pier, quay, port</li></ol>
асҟаҟ|Abzhywa|а-сҟаҟ|a-sq̇aq̇	<i>adv</i><br><ol><li>so much, so long</li></ol>
атама|а-тама|a-ṭama	<i>noun</i><br><ol><li>peach</li></ol>
ателевизор|ателеви́зорқәа|a-ṭelevízor|а-телеви́зор	<i>noun</i><br><ol><li>television set</li></ol>
ателеграф|а-телегра́ф|a-ṭelegráf|ателегра́фқәа	<i>noun</i><br><ol><li>telegraph</li></ol>
ателехәаҧшра|а-телехәаҧшра́	<i>noun</i><br><ol><li>television</li></ol>
атоура|a-ṭoura|а-тоура	<i>noun</i><br><ol><li>thicket</li></ol>
атранспорт|a-ṭránsṗorṭ|атра́нспортқәа|а-тра́нспорт	<i>noun</i><br><ol><li>transport</li></ol>
аты|a-ṭə|а-ты	<i>noun</i><br><ol><li>owl</li></ol>
атыҩ|Abzhywa|а-тыҩ|a-ṭəʿ°	<i>noun</i><br><ol><li>mythical dragon</li></ol>
атҟәа|а-тҟәа́	<i>noun</i><br><ol><li>captive, prisoner</li></ol>
атәыла|атәы́лақәа|а-тәы́ла	<i>noun</i><br><ol><li>country</li></ol>
атәыҩа|Abzhywa|а-тәыҩа|атәыиа|а-тәыиа	<i>noun</i><br><ol><li>horn</li></ol>
ауада|a-uada|а-уада|ауадақәа	<i>noun</i><br><ol><li>room, chamber</li></ol>
ауадрахс|Abzhywa|a-uadraxs|а-уадрахс	<i>noun</i><br><ol><li>Arctium, burdock</li></ol>
ауалагәыр|Abzhywa|а-уалагәыр	<i>noun</i><br><ol><li>salmon</li></ol>
ауалон|а-уалон|a-ualon	<i>noun</i><br><ol><li>Wallon</li></ol>
ауар|ауарцәа|auar	<i>noun</i><br><ol><li>Avar</li></ol>
ауар бызшәа	<i>noun</i><br><ol><li>Avar language.</li></ol>
ауараш|a-uaraš|а-уараш	<i>noun</i><br><ol><li>beer</li></ol>
ауарба|a-uárba|а-уа́рба	<i>noun</i><br><ol><li>kite</li></ol>
ауарҳал|a-uarḥal|а-уарҳал	<i>noun</i><br><ol><li>carpet</li></ol>
ауаса|а-уаса́|a-uasá	<i>noun</i><br><ol><li>sheep</li></ol>
ауатка|а-уатка|a-uaṭḳa	<i>noun</i><br><ol><li>vodka</li></ol>
ауахәама|а-уахәама	<i>noun</i><br><ol><li>church</li></ol>
ауаџьаҟ|а-уаџьаҟ|a-uaǯ̍aq̇|ауаџьаҟқәа	<i>noun</i><br><ol><li>hearth, fireplace</li></ol>
ауаҩаса|Abzhywa|а-уаҩаса	<i>noun</i><br><ol><li>short man</li></ol>
ауаԥс|ауаԥсцәа|а-уаԥс|a-uaps	<i>noun</i><br><ol><li>Ossetian</li></ol>
аура|Abzhywa|а-у́ра|a-úra|Bzyb	<i>noun</i><br><ol><li>large wooden hammer</li></ol>
ауриа|ауриацәа|a-uria|а-уриа	<i>noun</i><br><ol><li>Jew</li></ol>
афара|а́фара|áfara	<i>verb</i><br><ol><li>to eat</li></ol>
афен|Sadz|a-fen|а-фен	<i>noun</i><br><ol><li>science</li></ol>
афлыка|а-флыка|a-fləḳa	<i>noun</i><br><ol><li>felucca</li></ol>
афрангь|а-франгь|a-frang̍	<i>noun</i><br><ol><li>Frank steel (type of steel in Abkhazia)</li><li>Frank</li></ol>
афранцыз|а-францыз|афранцызцәа|a-francəz	<i>noun</i><br><ol><li>Frenchman</li></ol>
афуҟара|а-фуҟара|a-fuq̇ara	<i>noun</i><br><ol><li>nonentity</li><li>pettiness, nothingness</li></ol>
афы|а-фы|a-fə	<i>noun</i><br><ol><li>lightning</li></ol>
афырҭын|а-фырҭын|a-fərtən	<i>noun</i><br><ol><li>storm</li></ol>
ах'амаҟьара|а-х'амаҟьара|ах'амаҟьарақәа|a-xˤamaq̇̍ara	<i>noun</i><br><ol><li>area, ground, flat place</li></ol>
ах'ах'әы|а-х'ах'әы	<i>noun</i><br><ol><li>(Bzyb, anatomy) a hair</li></ol>
ах'ымҭә-ӡьымҭәра|а-х'ымҭә-ӡьымҭә-ра	<i>verb</i><br><ol><li>to get intoxicated/tipsy/inebriated</li></ol>
ах'әдаара|ах'әдаарақәа|а-х'әдаара	<i>noun</i><br><ol><li>mountain pass</li></ol>
ах'әшә|а-х'әшә	<i>noun</i><br><ol><li>(Bzyb) medicine, drug (substance that promotes healing)</li></ol>
ах'әы|а-х'әы	<i>noun</i><br><ol><li>(Bzyb) portion</li></ol>
аха|а-ха|head|axa|a-xa	<i>conj</i><br><ol><li>but</li></ol><br><i>noun</i><br><ol><li>(literary) stake</li></ol>
ахазына|а-хазына|a-xazəna	<i>noun</i><br><ol><li>treasure (valuables)</li><li>treasure (term of endearment)</li></ol>
ахаидаҟ|ахаидаҟцәа|а-хаидаҟ|a-xaidaq̇	<i>noun</i><br><ol><li>Kaitag</li></ol>
ахаир|а-хаир|a-xair	<i>noun</i><br><ol><li>good; prosperity</li></ol>
ахамы|Abzhywa|а-хамы|a-xamə	<i>noun</i><br><ol><li>fur coat</li></ol>
ахармшаҟәал|Abzhywa|а-хармшаҟәал	<i>noun</i><br><ol><li>flintlock gun with a wide barrel</li></ol>
ахарҵәы|а-харҵәы́	<i>noun</i><br><ol><li>yoghurt, yogurt, yogourt</li></ol>
ахаша|а-ха́ша|a-xáša	<i>noun</i><br><ol><li>Wednesday</li></ol>
ахашәала|Abzhywa|а-хашәала|ах'аҫәыла|а-х'аҫәыла	<i>noun</i><br><ol><li>house slave</li></ol>
ахаҭа|а-хаҭа|a-xata	<i>noun</i><br><ol><li>leather bottle</li></ol>
ахаҳә|а-ха́ҳә	<i>noun</i><br><ol><li>stone</li></ol>
ахаҵа|а-хаҵа|a-xac̣a	<i>noun</i><br><ol><li>(Abzhywa) man</li></ol>
ахаҷа|а-хаҷа|a-xač̣̍a	<i>noun</i><br><ol><li>cottage cheese</li></ol>
ахаҿы|а-хаҿы|a-xač̣ə	<i>noun</i><br><ol><li>face</li></ol>
ахаҿырхиара|a-xač̣ərxiara|а-хаҿырхиара	<i>noun</i><br><ol><li>cosmetics</li></ol>
ахкаара|ах'каара|а-х'каара|a-xḳaara|а-хкаара|Abzhywa|a-xˤḳaara	<i>noun</i><br><ol><li>cote</li><li>barnyard</li></ol>
аххьа|Abzhywa|а-ххьа|a-xx̍a	<i>noun</i><br><ol><li>passementerie</li></ol>
ахш|а́-хш|á-xš	<i>noun</i><br><ol><li>milk</li></ol>
ахшьырԥ|a-xš̍ərp|а-хшьырԥ	<i>noun</i><br><ol><li>sickle</li></ol>
ахы|а-хы́|а-х'ы|Abzhywa|a-xə́|ах'ы|a-xˤə	<i>noun</i><br><ol><li>head</li></ol>
ахылԥа|a-xəlpa|а-х'ылаԥа|а-хылԥа|Abzhywa|ах'ылаԥа|a-xˤəlapa	<i>noun</i><br><ol><li>hat</li></ol>
ахынгәысҭа|а-хынгәысҭа|Abzhywa	<i>noun</i><br><ol><li>trail</li></ol>
ахысбжьы|Abzhywa|а-хысбжьы|a-xəsbž̍ə	<i>noun</i><br><ol><li>gunshot sound</li></ol>
ахысра|Abzhywa|a-xəsra|а-хысра	<i>noun</i><br><ol><li>shooting</li></ol>
ахыц|a-xəc|а-хыц	<i>noun</i><br><ol><li>onion</li></ol>
ахьаа|а-хьаа́|a-x̍aá	<i>noun</i><br><ol><li>pain</li></ol>
ахьчԥаԥы́р|ax̍č̍papə́r	<i>noun</i><br><ol><li>butterfly</li></ol>
ахьы|а-хьы́|a-x̍ə́	<i>noun</i><br><ol><li>gold</li></ol>
ахьынҷкәыр|а-хьынҷкәыр	<i>noun</i><br><ol><li>sand lizard</li></ol>
ахьҭаҟа|а-хьҭаҟа|a-x̍taq̇a|Sadz	<i>prep</i><br><ol><li>in, on, at</li></ol>
ахьӡ|a-x̍ʒ|а-хьʒ	<i>noun</i><br><ol><li>name</li></ol>
ахьӡымҳәа|а-хьӡымҳәа	<i>noun</i><br><ol><li>(euphemistic) snake</li><li>(euphemistic) traitor</li></ol>
ахҷаҭ|а-хҷаҭ|a-xč̣̍at	<i>noun</i><br><ol><li>cream (oily part of milk)</li></ol>
ахәажә|Abzhywa|ах'әаҙә|а-х'әаҙә|а-хәажә	<i>noun</i><br><ol><li>pontic rhododendron (Rhododendron ponticum)</li></ol>
ахәамса|а-хәамса	<i>noun</i><br><ol><li>azalea caucasica (Rhododendron caucasicum)</li></ol>
ахәаша|а-хәаша	<i>noun</i><br><ol><li>Friday</li></ol>
ахәлԥҵыс|ах'әламҵьыҫ|Abzhywa|а-х'әламҵьыҫ|а-хәлԥҵыс	<i>noun</i><br><ol><li>bat</li></ol>
ахәмарра|Abzhywa|а-хәмарра	<i>noun</i><br><ol><li>(literary) game (playful or competitive activity)</li></ol>
ахәура|Abzhywa|а-хәура	<i>noun</i><br><ol><li>servanthood</li><li>servility</li></ol><br><i>verb</i><br><ol><li>to serve</li></ol>
ахәхәа|а-хәхәа	<i>adj</i><br><ol><li>(literary) long, lengthy</li></ol>
ахәшә|а-хәшә	<i>noun</i><br><ol><li>(Abzhywa) medicine, drug (substance that promotes healing)</li></ol>
ахәыл|а-хәы́л	<i>noun</i><br><ol><li>kohlrabi</li></ol>
ахәылфа|а-хәылфа	<i>noun</i><br><ol><li>(offensive, ethnic slur) ethnic Laz, cabbage-eaters</li></ol>
ахәыӡ|Abzhywa|а-хәыӡ	<i>noun</i><br><ol><li>millet, wheat</li></ol>
ац|ac	<i>noun</i><br><ol><li>(literary) tooth</li></ol>
аца|а-ца|a-ca	<i>noun</i><br><ol><li>cherry</li></ol>
ацаблыкь|a-cabləḳ̍|а-цаблыкь	<i>noun</i><br><ol><li>Eurasian woodcock</li></ol>
ацара|a-ca-rá|Abzhywa|а-ца-ра́	<i>verb</i><br><ol><li>to go</li></ol>
ацаԥха|а-цаԥха|a-capxa	<i>noun</i><br><ol><li>key</li></ol>
ацгәы|Abzhywa|а-цгәы	<i>noun</i><br><ol><li>cat</li></ol>
ацыр|а-цыр|a-cər	<i>noun</i><br><ol><li>(Bzyb) rennet (enzyme used to make cheese)</li></ol>
ацырҳә|а-цырҳә|Sadz	<i>noun</i><br><ol><li>Prunus</li></ol>
ацҳа|а́цҳақәа|á-cḥa|а́-цҳа	<i>noun</i><br><ol><li>bridge</li></ol>
ацә|а-цә	<i>noun</i><br><ol><li>ox</li></ol>
ацәанҵа|а-цәанҵа	<i>noun</i><br><ol><li>tattoo</li></ol>
ацәыргақәҵа|а-цәыргақәҵа|ацәыргақәҵақәа	<i>noun</i><br><ol><li>exhibition</li></ol>
ацәырҟьа-цәырасра|Abzhywa|а-цәырҟьа-цәырас-ра	<i>verb</i><br><ol><li>to flicker, to gleam</li></ol>
ацәҳәыра|а-цәҳәыра	<i>noun</i><br><ol><li>desert</li></ol>
ацәҵыхәа|а-цәҵыхәа|Abzhywa	<i>noun</i><br><ol><li>Gnaphalium caucasicum</li></ol>
ача|a-č̍a|а-ча	<i>noun</i><br><ol><li>bread</li></ol>
ачамчамыта|a-č̍amč̍amə́ṭa|а-чамчамы́та	<i>noun</i><br><ol><li>pancake, crepe, blini</li></ol>
ачар|Sadz|a-č̍ar|а-чар	<i>noun</i><br><ol><li>tsar</li></ol>
ачақмақ|a-č̍akmak|Sadz|а-чақмақ	<i>noun</i><br><ol><li>lighter (fire-making device)</li></ol>
ачаԥшь|а-чаԥшь|a-č̍apš̍	<i>noun</i><br><ol><li>barley</li></ol>
ачныр|a-č̍nər|а-чныр	<i>noun</i><br><ol><li>Hireling shepherd</li></ol>
ачырчылышь|а-чырчылышь|a-č̍ərč̍ələš̍|Sadz	<i>noun</i><br><ol><li>European green lizard</li></ol>
ачқьыԥ|а-чқьыԥ|a-č̍k̍əp	<i>noun</i><br><ol><li>fork</li></ol>
ашамыхьажь|а-шамыхьажь|a-šaməx̍až̍	<i>noun</i><br><ol><li>Eurasian hoopoe</li></ol>
ашас|Abzhywa|a-šas|а-шас	<i>noun</i><br><ol><li>pledge, deposit</li></ol>
ашаҳаҭ|a-šaḥat|а-шаҳаҭ	<i>noun</i><br><ol><li>witness</li></ol>
ашкәакәа|а́-шкәакәа	<i>adj</i><br><ol><li>white</li></ol>
ашшаӷьыч|а-шшаӷьыч|a-ššaγ̍əč̍	<i>noun</i><br><ol><li>Parus</li></ol>
ашышкамс|а-шышкамс|Abzhywa|a-šəšḳams	<i>noun</i><br><ol><li>ant</li></ol>
ашықәс|Abzhywa|а-шықәс	<i>noun</i><br><ol><li>year</li></ol>
ашьа|a-š̍á|а-шьа́	<i>noun</i><br><ol><li>blood</li></ol>
ашьамхы|a-š̍amxə|а-шьамхы	<i>noun</i><br><ol><li>knee</li></ol>
ашьаныӡа|a-š̍anəʒa|а-шьаныӡа	<i>noun</i><br><ol><li>greave</li></ol>
ашьапхыц|a-š̍aṗxəc|а-шьапхыц|Abzhywa	<i>noun</i><br><ol><li>toenail</li><li>claw</li></ol>
ашьапы|а-шьапы́|a-š̍aṗə́	<i>noun</i><br><ol><li>leg</li><li>foot</li></ol>
ашьапҿаҳәа|а-шьапҿаҳәа|a-š̍aṗč̣ah°̍a	<i>noun</i><br><ol><li>(offensive, ethnic slur) ethnic Turk</li></ol>
ашьацәхныслара|Abzhywa|ашьацәх'ыҫлара|а-шьацәхнысла-ра|а-шьацәх'ыҫла-ра	<i>verb</i><br><ol><li>to stumble (over), to trip</li></ol>
ашьаҟар|а-шьаҟар|a-š̍aq̇ar	<i>noun</i><br><ol><li>infantry</li></ol>
ашьаҳиҭ|а-шьаҳиҭ|a-š̍aḥit	<i>noun</i><br><ol><li>martyr</li></ol>
ашьха|Abzhywa|a-š̍xa|а-шьха	<i>noun</i><br><ol><li>mountain</li></ol>
ашьынка|а-шьы́нка|a-š̍ə́nḳa	<i>noun</i><br><ol><li>melon</li></ol>
ашьыршьыр|a-š̍ərš̍ər|а-шьыршьыр|Sadz	<i>noun</i><br><ol><li>duck</li></ol>
ашьышь|а-шьышь|a-š̍əš̍	<i>noun</i><br><ol><li>piglet, young pig</li></ol>
ашьыԥлика|a-š̍əpliḳa|а-шьыԥлика	<i>noun</i><br><ol><li>hairpin</li></ol>
ашқәс|á-šk°s|а́шқәсқәа|а́-шқәс	<i>noun</i><br><ol><li>year</li></ol>
ашҭа|a-šta|а-шҭа	<i>noun</i><br><ol><li>square</li><li>glade, meadow</li></ol>
ашҳам|a-šḥam|а-шҳам	<i>noun</i><br><ol><li>venom, poison</li></ol>
ашәанаӡы|а-шәанаӡы	<i>noun</i><br><ol><li>cuirass</li></ol>
ашәануа|ашәануаа|аҫәануаа|а-ҫәан-уа|Abzhywa|аҫәануа|а-шәан-уа	<i>noun</i><br><ol><li>Svan</li></ol>
ашәахсҭа|а-шәахсҭа	<i>noun</i><br><ol><li>scar</li></ol>
ашәахьа|а-ҫәахьы|аҫәахьы|а-шәахьа	<i>noun</i><br><ol><li>Monday</li></ol>
ашәра|а-шә-ра|Sadz	<i>verb</i><br><ol><li>to scream</li></ol>
ашәшь|а-шәшь	<i>noun</i><br><ol><li>ivy</li></ol>
ашәҟы|Abzhywa|ашәҟықәа́|а-шәҟы́	<i>noun</i><br><ol><li>book</li></ol>
ашәҟәы|ашәҟәқәа́|а-шәҟәы́	<i>noun</i><br><ol><li>book</li></ol>
аџьагәат|а-џьагәат|аџьгәатқәа|Sadz	<i>noun</i><br><ol><li>small ax, hatchet</li></ol>
аџьам|аџьамцәа|a-ǯ̍am|а-џьам	<i>noun</i><br><ol><li>Iranian</li><li>Persian</li></ol>
аџьам бызшәа|a-ǯ̍am bəzš°a|а-џьам бызшәа	<i>noun</i><br><ol><li>Persian language</li></ol>
аџьана|а-џьана|a-ǯ̍ana	<i>noun</i><br><ol><li>shirt</li></ol>
аџьармыкьа|a-ǯ̍arməḳ̍a|а-џьармыкьа	<i>noun</i><br><ol><li>market, bazaar</li></ol>
аџьыка|а-џьы́ка|a-ǯ̍ə́ḳa	<i>noun</i><br><ol><li>salt</li><li>adjika, adzhika</li></ol>
аџьықәреи|аџьықәреиқәа|а-џьықәреи	<i>noun</i><br><ol><li>maize</li></ol>
аҙх'аҙ|a-źxˤaź|а-ҙх'аҙ	<i>noun</i><br><ol><li>The space between the threshold and the hearth</li></ol>
аҙәиан|а-ҙәиан	<i>noun</i><br><ol><li>sky</li></ol>
ақаанун|Sadz|а-қаанун|a-kaanun	<i>noun</i><br><ol><li>laf</li></ol>
ақабла|а-қамла|ақамла|a-gamla|Abzhywa|а-қабла|агамла|a-kabla|a-kamla|а-гамла	<i>noun</i><br><ol><li>heifer</li></ol>
ақалақь|а́-қалақь|á-kalak̍|а́қалақьқәа	<i>noun</i><br><ol><li>city</li></ol>
ақампыр|a-kamṗər|а-қампыр|Abzhywa|а-кампыр|акампыр|a-ḳamṗər	<i>noun</i><br><ol><li>Caucasian bladdernut (Staphylea colchica)</li></ol>
ақамшьиа|a-kamš̍ia|а-қамшьиа	<i>noun</i><br><ol><li>European anchovy, Azov anchovy (small saltwater fish)</li></ol>
ақаԥақ|a-kapak|а-қаԥақ|Sadz	<i>noun</i><br><ol><li>lid, cover</li></ol>
ақды|а-қды|a-kdə	<i>noun</i><br><ol><li>log, beam</li></ol>
ақуҧш|а-қуҧш|a-kupš	<i>adj</i><br><ol><li>young</li></ol>
ақырҭуа|a-kərtua|а-қырҭуа	<i>noun</i><br><ol><li>Georgian (person)</li></ol>
ақыҭа|а-қыҭа|ақыҭақәа|a-kəta	<i>noun</i><br><ol><li>village</li><li>community</li></ol>
ақьабз|ақьабзқәа|a-k̍abz|а-қьабз	<i>noun</i><br><ol><li>rite, tradition</li></ol>
ақьала|a-k̍ala|а-қьала	<i>noun</i><br><ol><li>a simple wooden hut</li></ol>
ақьанар|а-қьанар|a-k̍anar|Sadz	<i>noun</i><br><ol><li>side</li></ol>
ақьаса|a-k̍asa|а-қьаса	<i>noun</i><br><ol><li>tobacco pouch</li></ol>
ақьаф|а-қьаф|a-k̍af	<i>noun</i><br><ol><li>good humor</li></ol>
ақьафан|a-k̍afan|ақьафанқәа|а-қьафан	<i>noun</i><br><ol><li>shroud</li></ol>
ақәа|а-қәа	<i>noun</i><br><ol><li>rain</li></ol>
ақәасаб|Abzhywa|а-қәасаб	<i>noun</i><br><ol><li>chamois (male)</li></ol>
ақәаџьақар|а-қәаџьақар	<i>adj</i><br><ol><li>decrepit, senile</li></ol>
ақәоура|а-қәоура	<i>noun</i><br><ol><li>rain</li></ol>
ақәрахьымӡа|а-қәрахьымӡа	<i>noun</i><br><ol><li>(euphemistic) girl (less often a young man) who died at a young age</li></ol>
ақәырқәыр|а-қәырқәыр|Sadz	<i>noun</i><br><ol><li>turkey</li></ol>
ақәыџьма|а-қәы́џьма	<i>noun</i><br><ol><li>wolf</li></ol>
аҟа́ма|a-q̇ama|а-ҟама	<i>noun</i><br><ol><li>dagger</li></ol>
аҟазауҭ|а-ҟазауҭ|a-q̇azaut	<i>noun</i><br><ol><li>holy war</li></ol>
аҟант|a-q̇anṭ|Abzhywa|а-ҟант	<i>noun</i><br><ol><li>drop</li></ol>
аҟармаҵыс|а-ҟармаҵьыҫ|Abzhywa|a-q̇armac̣əs|аҟармаҵьыҫ|a-q̇armać̣əś|а-ҟармаҵыс	<i>noun</i><br><ol><li>nightingale</li></ol>
аҟаршы|a-q̇aršə|а-ҟаршы	<i>noun</i><br><ol><li>red-backed shrike</li></ol>
аҟарҟалыш|а-ҟарҟалыш|Sadz|a-q̇arq̇aləš	<i>noun</i><br><ol><li>Lanius</li></ol>
аҟаҵарба|а-ҟаҵарба|a-q̇ac̣arba	<i>noun</i><br><ol><li>verb</li></ol>
аҟынӡа|a-q̇ənʒa|а-ҟынӡа	<i>prep</i><br><ol><li>before</li></ol>
аҟәара|а-ҟәара|аҟәарақәа	<i>noun</i><br><ol><li>stony shore</li></ol>
аҟәараан|Abzhywa|а-ҟәараан	<i>noun</i><br><ol><li>Corvus cornix</li></ol>
аҟәараса|Abzhywa|а-ҟәараса	<i>noun</i><br><ol><li>turtledove</li></ol>
аҟәараӷ|а-ҟәараӷ	<i>noun</i><br><ol><li>lasso</li></ol>
аҟәаса|а-ҟәаса	<i>noun</i><br><ol><li>Sadz form of абҳәаса (abh°̍asa)</li></ol>
аҟәаҟәа|аҟәаҟә|а-ҟәаҟәа|Abzhywa|а-ҟәаҟә	<i>noun</i><br><ol><li>back, the rear of the torso</li></ol>
аҟәлабиса|Abzhywa|а-ҟәлабиса	<i>noun</i><br><ol><li>fool, idiot</li></ol>
аҟәраан|а-ҟәраан	<i>noun</i><br><ol><li>Corvus cornix</li></ol>
аҟәылмиҭа|а-ҟәылми́ҭа	<i>noun</i><br><ol><li>horsemint (Mentha longifolia)</li></ol>
аҟәыра|а-ҟәыра|Sadz	<i>noun</i><br><ol><li>Corvus cornix</li></ol>
аҩаша|а-ҩа́ша	<i>noun</i><br><ol><li>Tuesday</li></ol>
аҩеидасра|Abzhywa|а-ҩеидас-ра	<i>verb</i><br><ol><li>to grow up</li></ol>
аҩны|а-ҩны́|аҩнқәа	<i>noun</i><br><ol><li>house</li></ol>
аҩы|а-ҩы	<i>noun</i><br><ol><li>wine</li></ol>
аҩынцәыш|а-ҩынцәыш	<i>noun</i><br><ol><li>European green lizard</li></ol>
аҫх'амшә|а-ҫх'амшә|a-śxˤamš°	<i>noun</i><br><ol><li>door sill</li></ol>
аҫыранҵара|a-śəranc̣a-ra|а-ҫыранҵа-ра	<i>verb</i><br><ol><li>warp preparation on a loom</li></ol>
аҫәиҫәи|а-шәишәи|а-ҫәиҫәи|ашәишәи	<i>noun</i><br><ol><li>turkey</li></ol>
аҭаарыф|а-ҭаарыф|a-taarəf|Sadz	<i>noun</i><br><ol><li>definition</li><li>description</li><li>recipe</li></ol>
аҭаацәа|Abzhywa|а-ҭаацәа|аҭаҳцәа|а-ҭаҳцәа	<i>noun</i><br><ol><li>immediate family</li></ol>
аҭамскәагә|Abzhywa|а-ҭамскәагә	<i>noun</i><br><ol><li>malleus for emasculation of the spermatic cord in male cattle</li></ol>
аҭарџьман|a-tarǯ̍man|а-ҭарџьман	<i>noun</i><br><ol><li>interpreter</li></ol>
аҭасра|a-tas-ra|а-ҭас-ра|Abzhywa	<i>verb</i><br><ol><li>to hit something</li></ol>
аҭаҳмада|a-taḥmada|а-ҭаҳмада|аҭаҳмадацәа	<i>noun</i><br><ol><li>old man</li><li>patriarch</li></ol>
аҭаҳәҭеи|а-ҭаҳәҭеи	<i>noun</i><br><ol><li>gun case</li><li>bow case</li></ol>
аҭира|a-ti-ra|а-ҭи-ра	<i>verb</i><br><ol><li>to sell</li></ol>
аҭкәицар|а-ҭкәицар	<i>noun</i><br><ol><li>crucian carp</li></ol>
аҭлахәа|а-ҭлахәа|Sadz	<i>noun</i><br><ol><li>an elderly person representing a certain clan</li></ol>
аҭлача|a-tlač̍a|а-ҭлача|Sadz	<i>adj</i><br><ol><li>lame</li></ol>
аҭлаш|а-ҭлаш|a-tlaš	<i>adj</i><br><ol><li>strong, powerful</li></ol>
аҭлаҩа|а-ҭлаҩа	<i>noun</i><br><ol><li>freshly formed mud, slurry (on a trail)</li></ol>
аҭоурых|а-ҭоурых|a-tourəx	<i>noun</i><br><ol><li>history</li></ol>
аҭрысра|Abzhywa|а-ҭрыс-ра|a-trəs-ra	<i>verb</i><br><ol><li>to start, to startle, to flinch, to wince</li></ol>
аҭсыс|Abzhywa|а-ҭсыс|a-tsəs	<i>noun</i><br><ol><li>male lamb</li></ol>
аҭырқә бызшәа|а-ҭырқә бызшәа	<i>noun</i><br><ol><li>Turkish language</li></ol>
аҭырқәуа|а-ҭырқә-уа|аҭырқәцәа	<i>noun</i><br><ol><li>Turk</li></ol>
аҭыӡгьаҳ|a-təʒg̍aḥ|а-ҭыӡгьаҳ	<i>noun</i><br><ol><li>workbench, machine</li></ol>
аҭыӡгәыла|а-ҭыӡгәыла|Sadz	<i>noun</i><br><ol><li>nearest neighbor</li></ol>
аҭыӷь|а-ҭыӷь|a-təγ̍	<i>noun</i><br><ol><li>stud ram</li></ol>
аҭыԥ|а-ҭыԥ|a-təp	<i>noun</i><br><ol><li>place</li><li>shieling</li></ol>
аҭәамба|Abzhywa|а-ҭәамба	<i>noun</i><br><ol><li>haystack</li></ol>
аҳ|а-ҳ-цәа|а-ҳ|аҳцәа|a-ḥ	<i>noun</i><br><ol><li>prince, duke</li></ol>
аҳа|а-ҳа|a-ḥa	<i>noun</i><br><ol><li>(literary) pear (fruit)</li></ol>
аҳабырзакь|a-ḥabərzaḳ̍|Abzhywa|а-ҳабырзакь	<i>noun</i><br><ol><li>watermelon</li></ol>
аҳадгәын|а-ҳадуан|a-ḥaduan|Sadz	<i>noun</i><br><ol><li>headstone, tombstone</li></ol>
аҳадуан|а-ҳадуан|a-ḥaduan|Sadz	<i>noun</i><br><ol><li>cemetery, graveyard</li></ol>
аҳаир|а-ҳаи́р|a-ḥaír	<i>noun</i><br><ol><li>air</li></ol>
аҳаирплан|a-ḥairṗlán|аҳаирпланқәа́|а-ҳаирпла́н	<i>noun</i><br><ol><li>aircraft</li></ol>
аҳаиртә|a-ḥaírṭ°|а-ҳаи́ртә	<i>adj</i><br><ol><li>air, aerial</li></ol>
аҳамҭа|a-ḥamta|а-ҳамҭа	<i>noun</i><br><ol><li>(literary) gift, present</li></ol>
аҳасаб|а-ҳасаб|a-ḥasab	<i>noun</i><br><ol><li>calculation</li><li>arithmetic</li></ol>
аҳасабтә|а-ҳасабтә|a-ḥasabṭ°	<i>noun</i><br><ol><li>(literary) task, problem</li></ol>
аҳақ|a-ḥak|а-ҳақ|Sadz	<i>noun</i><br><ol><li>justice</li><li>right</li></ol>
аҳаҭашә|a-ḥataš°|а-ҳаҭашә	<i>noun</i><br><ol><li>quark</li></ol>
аҳаҭыр|а-ҳаҭыр|a-ḥatər	<i>noun</i><br><ol><li>honour, respect</li></ol>
аҳаҷашь|а-ҳаҷашь|a-ḥač̣̍aš̍|Sadz	<i>noun</i><br><ol><li>guesthouse</li></ol>
аҳкәажә|а-ҳкәажә	<i>noun</i><br><ol><li>duchess, princess (wife)</li></ol>
аҳмада|а-ҳмада|a-ḥmada	<i>noun</i><br><ol><li>governor</li></ol>
аҳмадара|a-ḥmadara|а-ҳмадара	<i>noun</i><br><ol><li>governorship</li></ol>
аҳра|а-ҳра|a-ḥra	<i>noun</i><br><ol><li>principality</li></ol>
аҳраҭ|aḥrat	<i>noun</i><br><ol><li>akhirah</li><li>afterlife</li></ol>
аҳцәа|а-ҳ-цәа	<i>noun</i><br><ol><li>(euphemistic) chorea</li></ol>
аҳҭны|а-ҳҭны|a-ḥtnə	<i>noun</i><br><ol><li>residence</li><li>estate</li></ol>
аҳҭнырԥар|a-ḥtnərpar|а-ҳҭнырԥар	<i>noun</i><br><ol><li>princely guard</li></ol>
аҳҭнықалақь|а-ҳҭнықалақь|a-ḥtnəkalak̍	<i>noun</i><br><ol><li>capital city</li></ol>
аҳәа|а-ҳәа́	<i>noun</i><br><ol><li>pig</li></ol>
аҳәасаг|а-ҳәасаг|Abzhywa	<i>noun</i><br><ol><li>wooden hummer</li></ol>
аҳәаҭҳа|Abzhywa|а-ҳәаҭҳа	<i>noun</i><br><ol><li>weapon</li><li>equipment</li></ol>
аҳәиҵа|а-ҳәиҵа|Sadz	<i>noun</i><br><ol><li>piglet, young pig</li></ol>
аҳәызба|Abzhywa|а-ҳәызба	<i>noun</i><br><ol><li>knife</li></ol>
аҳәымҫаг|а-ҳәымҫаг	<i>noun</i><br><ol><li>scrub plane</li></ol>
аҳәынаҧ|а-ҳәы́наҧ	<i>noun</i><br><ol><li>mouse</li></ol>
аҳәынҵәырҟаԥшь|а-ҳәынҵәырҟаԥшь	<i>noun</i><br><ol><li>European robin</li></ol>
аҳәыс|Abzhywa|а-ҳәыс	<i>noun</i><br><ol><li>calf</li></ol>
аҳәысҭа|Abzhywa|а-ҳәысҭа	<i>noun</i><br><ol><li>subsidiary land</li></ol>
аҵаа|a-c̣aa|а-ҵаа	<i>noun</i><br><ol><li>corned beef</li><li>(literary) ice</li></ol>
аҵара|a-ć̣ara|аҵьара|а-ҵа-ра́|a-c̣a-rá|Abzhywa|а-ҵьара	<i>verb</i><br><ol><li>to learn</li><li>to teach</li><li>to study</li></ol>
аҵасра|a-c̣as-ra|а-ҵас-ра|Abzhywa	<i>verb</i><br><ol><li>to tremble, to shiver</li></ol>
аҵаҩы|аҵаҩцәа́|а-ҵаҩы́	<i>noun</i><br><ol><li>learner, student</li></ol>
аҵаҵмыџь|а-ҵаҵмыџь|a-c̣ac̣məǯ̍	<i>noun</i><br><ol><li>(literary) pomegranate</li></ol>
аҵаӷьыҭ|a-c̣aγ̍ət|а-ҵаӷьыҭ|Sadz	<i>noun</i><br><ol><li>owl</li></ol>
аҵла|а-ҵла|a-c̣la	<i>noun</i><br><ol><li>tree</li></ol>
аҵыбра|a-c̣əbra|Abzhywa|а-ҵыбра	<i>noun</i><br><ol><li>savory (Satureja gen. et spp.)</li></ol>
аҵыс|аҵьыҫ|а-ҵьыҫ|a-ć̣əś|а-ҵыс|a-c̣əs	<i>noun</i><br><ol><li>bird</li></ol>
аҵысҭра|a-ć̣əśtra|a-c̣əstra|а-ҵьыҫҭра|Abzhywa|а-ҵысҭра|аҵьыҫҭра	<i>noun</i><br><ol><li>nest</li></ol>
аҵыхә|Abzhywa|аҵых'ә|а-ҵыхә|а-ҵых'ә	<i>noun</i><br><ol><li>tail</li></ol>
аҵыхәаҩызы|а-ҵыхәаҩызы	<i>noun</i><br><ol><li>(euphemistic) mouse</li></ol>
аҵыҵындра|а-ҵыҵындра|Abzhywa|а-ҵьаҵьындыр|a-c̣əc̣əndra|аҵьаҵьындыр|a-ć̣ać̣əndər	<i>noun</i><br><ol><li>strawberry</li></ol>
аҵәца|а́ҵәцақәа|а́-ҵәца|аҵәцақәа́|а-ҵәца́	<i>noun</i><br><ol><li>drinking glass</li></ol><br><i>adj</i><br><ol><li>(meteorology) clear, sunny</li></ol>
аҵәырхәа|а-ҵәырхәа	<i>noun</i><br><ol><li>harpoon</li></ol>
аҵәҩан|аҵәиан|а-ҵәҩан|Abzhywa|а-ҵәиан	<i>noun</i><br><ol><li>hole</li></ol>
аҷандар|a-ҷанда́р|a-č̣̍andár	<i>noun</i><br><ol><li>(dialectal, Abzhywa) poplar</li><li>oriental plane (Platanus orientalis)</li></ol>
аҷапан|a-č̣̍aṗan|а-ҷапан	<i>noun</i><br><ol><li>navel</li></ol>
аҷарам|а-ҷара́м|a-č̣̍arám	<i>noun</i><br><ol><li>apricot (fruit of Prunus armeniaca)</li></ol>
аҷаҷа|а–ҷа́ҷа	<i>noun</i><br><ol><li>kidney</li></ol>
аҷыдаԥҟа|а-ҷыдаԥҟа|a-č̣̍ədapq̇a	<i>noun</i><br><ol><li>lemma</li></ol>
аҷыркәа|a-č̣̍ə́rḳ°a|а-ҷы́ркәа	<i>noun</i><br><ol><li>Jerusalem artichoke (Helianthus tuberosus)</li></ol>
аҷыфына|Abzhywa|а-ҷыфына|a-č̣̍əfəna	<i>noun</i><br><ol><li>a flirtatious woman (in a negative way)</li></ol>
аҽага|а-ҽага|a-čaga	<i>noun</i><br><ol><li>hoe</li></ol>
аҽада|a-čadá|а-ҽада́	<i>noun</i><br><ol><li>donkey</li></ol>
аҽбыга|a-čbəga|а-ҽбыга	<i>noun</i><br><ol><li>scythe</li></ol>
аҽхрыԥ|a-čxrəp|а-ҽхрыԥ	<i>noun</i><br><ol><li>Sadz form of ахшьырԥ (axš̍ərp)</li></ol>
аҽы|a-čə́|аҽқәа́|а-ҽы́	<i>noun</i><br><ol><li>horse</li></ol>
аҽҵыс|а-ҽҵыс|a-čc̣əs|аҽҵьыҫ|Abzhywa|čć̣əś|ҽҵьыҫ	<i>noun</i><br><ol><li>foal</li></ol>
аҿарҳасра|Abzhywa|а-ҿарҳас-ра|a-č̣arḥas-ra	<i>verb</i><br><ol><li>to yawn</li></ol>
аҿасра|Abzhywa|a-č̣as-ra|а-ҿас-ра	<i>verb</i><br><ol><li>to hit in the face</li></ol>
аҿатә|a-č̣aṭ°|а-ҿатә	<i>adj</i><br><ol><li>modern</li></ol>
аҿы|а-ҿы́|a-č̣ə́|аҿқәа́	<i>noun</i><br><ol><li>face</li></ol><br><i>prep</i><br><ol><li>in, on, at</li></ol>
аҿыц|a-ć̣əć|а-ҿыц|a-č̣əc|Abzhywa|а-ҵьыць|аҵьыць	<i>adj</i><br><ol><li>new</li></ol>
аӡ|a-ʒ|а-ӡ	<i>noun</i><br><ol><li>flea</li></ol>
аӡа|а-ӡа|a-ʒa	<i>adj</i><br><ol><li>damp</li></ol>
аӡахәа|Abzhywa|а-ӡьах'әа|а-ӡахәа́|аӡьах'әа	<i>noun</i><br><ol><li>grapevine (vine of genus Vitis, on which grapes grow)</li><li>liana (climbing woody vine)</li></ol>
аӡаӡа|a-ʒ́aʒ́a|Abzhywa|а-ӡьаӡьа|а-ӡаӡа|аӡьаӡьа|a-ʒaʒa	<i>noun</i><br><ol><li>dew</li></ol>
аӡеиқәа|а-ӡеиқәа	<i>noun</i><br><ol><li>pants, loose pants</li></ol>
аӡсара|Abzhywa|a-ʒsa-ra|а-ӡса-ра	<i>verb</i><br><ol><li>to swim</li></ol>
аӡы|a-ʒə́|а-ӡы́|аӡқәа́	<i>noun</i><br><ol><li>water</li><li>river, stream</li><li>(medicine) hydrops</li></ol>
аӡыжьԥсыӡ|Abzhywa|a-ʒəž̍psəʒ|а-ӡыжьԥсыӡ	<i>noun</i><br><ol><li>Squalius cephalus</li></ol>
аӡын|a-ʒ́ən|a-ʒən|Abzhywa|а-ӡын|а-ӡьын|аӡьын	<i>noun</i><br><ol><li>winter</li></ol>
аӡырҳәра|а-ӡырҳәра	<i>noun</i><br><ol><li>piracy</li></ol>
аӡыс|a-ʒ́əś|а-ӡьыҫ|аӡьыҫ|Abzhywa|a-ʒəs|а-ӡыс	<i>noun</i><br><ol><li>female kid goat, female goatling</li></ol>
аӡысаамҭа|Abzhywa|а-ӡысаамҭа|a-ʒəsaamta	<i>noun</i><br><ol><li>rainy time</li></ol>
аӡҭас|Abzhywa|a-ʒtas|а-ӡҭас	<i>noun</i><br><ol><li>kingfisher</li></ol>
аӡәыцәи|а-ӡәыцәи	<i>noun</i><br><ol><li>(literary) heron</li></ol>
аӡӷаб|a-ʒγab|а-ӡӷаб	<i>noun</i><br><ol><li>girl</li></ol>
аӷлам|a-γlam|а-ӷлам	<i>noun</i><br><ol><li>shark</li></ol>
аӷу|а-ҕу	<i>noun</i><br><ol><li>board, plank</li></ol>
аӷыбзаҫәа|а-ӷыбзаҫәа|Sadz	<i>noun</i><br><ol><li>a sad song</li></ol>
аӷьаз|Abzhywa|а-ӷьаз|a-γ̍az	<i>noun</i><br><ol><li>sycamore (Acer pseudoplatanus)</li></ol>
аӷәаӷә|а-ӷәаӷә	<i>noun</i><br><ol><li>membrane, film, coat, pleura</li></ol>
аӷәӷәа|а-ӷәӷәа	<i>adj</i><br><ol><li>strong</li></ol>
аԥаҭлыка|a-patləḳa|а-ԥаҭлыка	<i>noun</i><br><ol><li>bottle</li></ol>
аԥаҵасарҭа|Abzhywa|а-ԥаҵасарҭа|a-pac̣asarta	<i>noun</i><br><ol><li>barbershop (place to shave)</li></ol>
аԥаԥса|Abzhywa|a-papsa|а-ԥаԥса	<i>noun</i><br><ol><li>stepson</li></ol>
аԥдан|a-pdán|а-ԥда́н	<i>noun</i><br><ol><li>shackles, fetters</li></ol>
аԥелуан|а-ԥелуан|a-peluan	<i>noun</i><br><ol><li>strong man</li></ol>
аԥенџьыр|a-penǯ̍ər|а-ԥенџьыр	<i>noun</i><br><ol><li>window</li></ol>
аԥошьҭа|аԥошьҭақәа|а-ԥошьҭа|a-poš̍ta	<i>noun</i><br><ol><li>mail (U.S.), post (GB)</li><li>post office</li></ol>
аԥра|apra	<i>noun</i><br><ol><li>sail</li></ol>
аԥса|а-ԥса|a-psa|аԥсақәа	<i>noun</i><br><ol><li>spear (Abzhywa)</li><li>pine</li></ol>
аԥсаатә|а-ԥсаатә|a-psaaṭ°	<i>noun</i><br><ol><li>bird</li></ol>
аԥсабара|а-ԥсабара|Abzhywa|a-psabara	<i>noun</i><br><ol><li>nature</li></ol>
аԥсазаара|Abzhywa|а-ԥсазаара|a-psazaara	<i>noun</i><br><ol><li>denomination, value (of a banknote)</li></ol><br><i>verb</i><br><ol><li>to cost</li></ol>
аԥсара|Abzhywa|а-ԥсара|a-psara	<i>verb</i><br><ol><li>to cost</li></ol>
аԥсаса|Abzhywa|а-ԥсаса|a-psasa	<i>noun</i><br><ol><li>small cattle</li></ol>
аԥсауаҭла|а-ԥсауаҭла|a-psauatla	<i>noun</i><br><ol><li>life</li></ol>
аԥсахра|Abzhywa|a-psax-ra|а-ԥсах-ра	<i>verb</i><br><ol><li>to borrow (object, money)</li><li>to change, to exchange (object, money)</li></ol>
аԥсаԥа|а-ԥсаԥа|a-psapa	<i>noun</i><br><ol><li>redemption, good deed</li></ol>
аԥсеизгара|а-ԥсеизгара|a-pseizgara	<i>noun</i><br><ol><li>agony</li></ol>
аԥскра|а-ԥскра|a-psḳra	<i>noun</i><br><ol><li>asthma</li></ol>
аԥскәабазхада|а-ԥскәабазхада	<i>noun</i><br><ol><li>archbishop</li></ol>
аԥслаҳә|Abzhywa|аԥҫлаҳә|а-ԥслаҳә|а-ԥҫлаҳә	<i>noun</i><br><ol><li>chamois (female)</li></ol>
аԥслы|а-ԥслы|Abzhywa|а-ԥҫлы|a-pślə|аԥҫлы|a-pslə	<i>noun</i><br><ol><li>otter</li></ol>
аԥслымӡ|а́-ԥслымӡ|á-psləmʒ	<i>noun</i><br><ol><li>swamp</li><li>sand</li></ol>
аԥслыш|Abzhywa|а-ԥслыш|a-psləš	<i>noun</i><br><ol><li>willow, white willow</li></ol>
аԥсра|Abzhywa|a-ps-ra|а-ԥс-ра	<i>noun</i><br><ol><li>to die</li></ol>
аԥссара|Abzhywa|a-pssar-ra|а-ԥссар-ра	<i>verb</i><br><ol><li>to sweep clean</li></ol>
аԥсуа бызшәа|а-ԥсуа бызшәа	<i>noun</i><br><ol><li>Abkhaz language</li></ol>
аԥсуаҭҵааҩы|Abzhywa|а-ԥсуаҭҵааҩы	<i>noun</i><br><ol><li>Abkhazologist</li></ol>
аԥсхыхра|a-psxəxra|а-ԥсхыхра	<i>noun</i><br><ol><li>agony</li></ol>
аԥсхыҵра|а-ԥсхыҵра|a-psxəc̣ra	<i>noun</i><br><ol><li>agony</li></ol>
аԥсхәра|Abzhywa|а-ԥсхә-ра	<i>verb</i><br><ol><li>to wake</li></ol>
аԥсхәы|аԥҫх'әы|а-ԥҫх'әы|а-ԥсхәы|Abzhywa	<i>noun</i><br><ol><li>wake, funeral feast</li></ol>
аԥсшәа|а-ԥсшәа	<i>noun</i><br><ol><li>Abkhaz language</li></ol>
аԥсы|a-psə|а-ԥсы	<i>noun</i><br><ol><li>soul</li><li>corpse (Abzhywa)</li></ol>
аԥсыжырҭа|a-psəžərta|Abzhywa|а-ԥсыжырҭа	<i>noun</i><br><ol><li>cemetery, graveyard</li><li>burial ground, sepulchre</li></ol>
аԥсымбза|Abzhywa|а-ԥсымбза|a-psəmbza	<i>adj</i><br><ol><li>half-dead</li></ol>
аԥсынгьери|а-ԥсынгьери|a-psəng̍eri	<i>noun</i><br><ol><li>anvil</li></ol>
аԥсыӡ|а-ԥҫыӡ|а-ԥсы́ӡ|аԥсыӡқәа|аԥҫыӡқәа|a-pśəʒ|аԥҫыӡ|a-psə́ʒ	<i>noun</i><br><ol><li>fish</li></ol>
аԥсыӡкра|Abzhywa|а-ԥсыӡкра|a-psəʒḳra	<i>noun</i><br><ol><li>fishing</li></ol>
аԥсыӡкҩы|Abzhywa|а-ԥсыӡкҩы	<i>noun</i><br><ol><li>fisherman, fisher</li></ol>
аԥсқьар|а-ԥсқьар|a-psk̍ar	<i>noun</i><br><ol><li>poacher</li></ol>
аԥсҟы|Abzhywa|а-ԥсҟы|a-psq̇ə	<i>noun</i><br><ol><li>rudder</li></ol>
аԥсҭа|аԥҫҭа|а-ԥҫҭа|а-ԥсҭа|Abzhywa|a-psta|a-pśta	<i>noun</i><br><ol><li>gorge</li></ol>
аԥсҭа бызшәа|Abzhywa|а-ԥсҭа бызшәа	<i>noun</i><br><ol><li>Hunter language (secret language of the Abkhaz)</li></ol>
аԥсҭазаара|а-ԥсҭазаара|a-pstazaara	<i>noun</i><br><ol><li>life</li></ol>
аԥсҭам|a-pstam|а-ԥсҭам	<i>noun</i><br><ol><li>nitrogen</li></ol>
аԥсҭыр|а-ԥсҭыр|a-pstər	<i>noun</i><br><ol><li>raid squads</li><li>army</li></ol>
аԥсҳәысҭра|Abzhywa|а-ԥсҳәысҭра	<i>noun</i><br><ol><li>herpes</li></ol>
аԥхасҭа|аԥх'аҫҭа|а-ԥх'аҫҭа|a-pxˤaśta|Abzhywa|а-ԥхасҭа|a-pxasta	<i>noun</i><br><ol><li>losse, damage</li></ol>
аԥхьа|а-ԥхьа|a-px̍a	<i>prep</i><br><ol><li>in front of, before, ahead of</li></ol>
аԥш|Abzhywa|а-ԥш|аԥшқәа|a-pš	<i>noun</i><br><ol><li>maize</li></ol>
аԥша|a-pšá|а-ԥша́	<i>noun</i><br><ol><li>wind</li></ol>
аԥшьаша|а-ԥшьаша|a-pš̍aša	<i>noun</i><br><ol><li>Thursday</li></ol>
аԥшьырҳа|а-ԥшьырҳа|a-pš̍ərḥa	<i>noun</i><br><ol><li>wooden container for sour milk</li></ol>
аԥшәма|а-ԥшәма	<i>noun</i><br><ol><li>husband</li></ol>
аԥынҵа|а-ԥынҵа|a-pənc̣a	<i>noun</i><br><ol><li>nose</li></ol>
аԥынҵаҵәыр|Abzhywa|а-ԥынҵаҵәыр	<i>noun</i><br><ol><li>naval ram</li></ol>
аԥынӡар|а-ԥынӡар|a-pənʒar	<i>noun</i><br><ol><li>battle helmet</li></ol>
аԥырра|а́-ԥыр-ра|á-pər-ra	<i>verb</i><br><ol><li>to fly</li></ol>
аԥырсал|а-ԥырсал|a-pərsal	<i>noun</i><br><ol><li>anchor</li></ol>
аԥыхьҟа|а-ԥыхьҟа|a-pəx̍q̇a	<i>prep</i><br><ol><li>Sadz form of аԥхьа (apx̍a)</li></ol>
аԥҟаҭара|a-pq̇ata-ra|а-ԥҟаҭа-ра	<i>verb</i><br><ol><li>to exploded, detonate</li></ol>
аԥҟыз|a-pq̇əz|Abzhywa|а-ԥҟыз	<i>noun</i><br><ol><li>common rush (Juncus effusus)</li></ol>
аԥҫа|a-pśa|а-ԥҫа	<i>noun</i><br><ol><li>spear</li></ol>
аԥҫцәаҳа|а-ԥҫцәаҳа	<i>noun</i><br><ol><li>ghost (spirith of death)</li></ol>
аԥҫы|a-pśə|а-ԥҫы	<i>noun</i><br><ol><li>corpse</li></ol>
аԥҫых'ә|a-pśəxˤ°|а-ԥҫых'ә	<i>adv</i><br><ol><li>possibly</li></ol>
аԥҭека|аԥҭекақәа|apteḳa	<i>noun</i><br><ol><li>chemist (store); drugstore; pharmacy</li></ol>
аԥҳа|а-ԥҳа́|a-pḥá	<i>noun</i><br><ol><li>daughter</li></ol>
аԥҳал|a-pḥal|а-ԥҳал	<i>noun</i><br><ol><li>clay jug</li></ol>
аԥҳаԥса|а-ԥҳаԥса|a-pḥapsa|Abzhywa	<i>noun</i><br><ol><li>stepdaughter</li></ol>
аԥҳә|а́-ԥҳә	<i>noun</i><br><ol><li>stalk of grain</li></ol>
аԥҳәыс|Abzhywa|аԥҳәысцәа|а-ԥҳәыс	<i>noun</i><br><ol><li>wife</li></ol>
аԥҳәысеиба|Abzhywa|а-ԥҳәысеиба	<i>noun</i><br><ol><li>widow</li></ol>
аԥҵаду|а-ԥҵаду|a-pc̣adu	<i>noun</i><br><ol><li>(offensive, ethnic slur) ethnic Kurd</li></ol>
б|B|Б|b	<i>character</i><br><ol><li>The second letter of the Abkhaz alphabet, written in the Cyrillic script.</li></ol>
бара|bara	<i>pron</i><br><ol><li>you (2nd person feminine singular pronoun)</li></ol>
бжьба|bž̍ba	<i>num</i><br><ol><li>seven (7)</li></ol>
в|V|v|В	<i>character</i><br><ol><li>The third letter of the Abkhaz alphabet, written in the Cyrillic script.</li></ol>
ваза|vaza	<i>noun</i><br><ol><li>vase</li></ol>
г|g|Г	<i>character</i><br><ol><li>The fourth letter of the Abkhaz alphabet, written in the Cyrillic script.</li></ol>
гь|Гь|g̍|G̍	<i>character</i><br><ol><li>The fifth letter of the Abkhaz alphabet, written in the Cyrillic script.</li></ol>
гьена|Sadz|g̍ena	<i>adv</i><br><ol><li>again</li></ol>
гә|Гә	<i>character</i><br><ol><li>The sixth letter of the Abkhaz alphabet, written in the Cyrillic script.</li></ol>
гәата-бӷата	<i>adv</i><br><ol><li>calmly, quietly</li></ol>
д|Д|d	<i>character</i><br><ol><li>The tenth letter of the Abkhaz alphabet, written in the Cyrillic script.</li></ol>
даара|daara	<i>adv</i><br><ol><li>very</li></ol>
даараӡа|daaraʒa	<i>adv</i><br><ol><li>very</li></ol>
дада|dada	<i>noun</i><br><ol><li>father</li></ol>
данцаз|д-ан-ца́з|d-an-cáz	<i>verb</i><br><ol><li>when he went, when she went</li></ol>
дара|dārā	<i>pron</i><br><ol><li>they (3rd person plural pronoun)</li></ol>
дә|Дә	<i>character</i><br><ol><li>The eleventh letter of the Abkhaz alphabet, written in the Cyrillic script.</li></ol>
е|e|Е	<i>character</i><br><ol><li>The twelfth letter of the Abkhaz alphabet, written in the Cyrillic script.</li></ol>
еркьжьоу|erḳ̍ž̍ou|еркьжьоуқәа	<i>noun</i><br><ol><li>deceiver, liar</li></ol>
ж|Ж|ž	<i>character</i><br><ol><li>The thirteenth letter of the Abkhaz alphabet, written in the Cyrillic script.</li></ol>
жь|Ž̍|Жь|ž̍	<i>character</i><br><ol><li>The fourteenth letter of the Abkhaz alphabet, written in the Cyrillic script.</li></ol>
жә|ž°|Ž°|Жә	<i>character</i><br><ol><li>The fifteenth letter of the Abkhaz alphabet, written in the Cyrillic script.</li></ol>
жәаа	<i>num</i><br><ol><li>eighteen (18)</li></ol>
жәаба	<i>num</i><br><ol><li>ten (10)</li></ol>
жәабран|žwabran	<i>noun</i><br><ol><li>February</li></ol>
жәаф	<i>num</i><br><ol><li>sixteen (16)</li></ol>
жәаха	<i>num</i><br><ol><li>thirteen (13)</li></ol>
жәаҩа	<i>num</i><br><ol><li>twelve (12)</li></ol>
жәба	<i>num</i><br><ol><li>nine (9)</li></ol>
жәеиза	<i>num</i><br><ol><li>eleven (11)</li></ol>
жәибжь	<i>num</i><br><ol><li>seventeen (17)</li></ol>
жәиԥшь	<i>num</i><br><ol><li>fourteen (14)</li></ol>
жәохә	<i>num</i><br><ol><li>fifteen (15)</li></ol>
з|З|z	<i>character</i><br><ol><li>The sixteenth letter of the Abkhaz alphabet, written in the Cyrillic script.</li></ol>
зааҭен|zaaten|Sadz	<i>adv</i><br><ol><li>already</li><li>in any case</li><li>in fact</li></ol>
зеижә|zeiž°	<i>num</i><br><ol><li>nineteen (19)</li></ol>
зықы|zəkə	<i>num</i><br><ol><li>thousand</li></ol>
и|И|i	<i>character</i><br><ol><li>The nineteenth letter of the Abkhaz alphabet, written in the Cyrillic script.</li></ol>
иара|iārā	<i>pron</i><br><ol><li>he (3rd person masculine singular pronoun)</li><li>it (3rd person inanimate singular pronoun)</li></ol>
иҭабуп	<i>intj</i><br><ol><li>thank you</li></ol>
иҭых-ҭыԥшуа|itəx-təpšua	<i>adv</i><br><ol><li>carefully (looking around)</li></ol>
к|ḳ|К	<i>character</i><br><ol><li>The twentieth letter of the Abkhaz alphabet, written in the Cyrillic script.</li></ol>
кь|Ḳ̍|ḳ̍|Кь	<i>character</i><br><ol><li>The twenty-first letter of the Abkhaz alphabet, written in the Cyrillic script.</li></ol>
кә|Кә|Ḳ°|ḳ°	<i>character</i><br><ol><li>The twenty-second letter of the Abkhaz alphabet, written in the Cyrillic script.</li></ol>
л|Л|l	<i>character</i><br><ol><li>The twenty-ninth letter of the Abkhaz alphabet, written in the Cyrillic script.</li></ol>
лара|lārā	<i>pron</i><br><ol><li>she (3rd person feminine singular pronoun)</li></ol>
м|М	<i>character</i><br><ol><li>The thirtieth letter of the Abkhaz alphabet, written in the Cyrillic script.</li></ol>
мар ҫәмоуп	<i>intj</i><br><ol><li>bon appétit!</li></ol>
мачхума|mač̍xuma	<i>adv</i><br><ol><li>(slang) a lot of</li><li>(slang) many</li></ol>
маџь|maǯ̍	<i>noun</i><br><ol><li>(slang) dude, guy</li></ol>
н|Н	<i>character</i><br><ol><li>The thirty-first letter of the Abkhaz alphabet, written in the Cyrillic script.</li></ol>
нанҳәа|nanḥwa	<i>noun</i><br><ol><li>August</li></ol>
наҟ-ааҟ|naq̇-aaq̇	<i>adv</i><br><ol><li>(against) each other, eyeball to eyeball</li></ol>
наԥс|naps	<i>noun</i><br><ol><li>(slang) a person whose gaze brings misfortune</li></ol>
нудизм|nudizm	<i>noun</i><br><ol><li>nudism (the belief in or practice of social, non-sexual nudity).</li></ol>
о|О|o	<i>character</i><br><ol><li>The thirty-second letter of the Abkhaz alphabet, written in the Cyrillic script.</li></ol>
ора|ora	<i>noun</i><br><ol><li>(slang) hey!</li></ol>
п|П|ṗ	<i>character</i><br><ol><li>The thirty-third letter of the Abkhaz alphabet, written in the Cyrillic script.</li></ol>
р|r|Р	<i>character</i><br><ol><li>The thirty-fifth letter of the Abkhaz alphabet, written in the Cyrillic script.</li></ol>
с|С	<i>character</i><br><ol><li>The thirty-sixth letter of the Abkhaz alphabet, written in the Cyrillic script.</li></ol>
сара|sārā	<i>pron</i><br><ol><li>I (1st person singular pronoun)</li></ol>
саӷо|saγo	<i>noun</i><br><ol><li>(slang) good</li><li>(slang) thanks</li></ol>
седру|Abzhywa|sedru	<i>intj</i><br><ol><li>I don't know</li></ol>
сынтәа|Abzhywa	<i>adv</i><br><ol><li>on this year</li></ol>
т|Т|ṭ	<i>character</i><br><ol><li>The thirty-seventh letter of the Abkhaz alphabet, written in the Cyrillic script.</li></ol>
тә|ṭ°|Ṭ°|Тә	<i>character</i><br><ol><li>The thirty-eighth letter of the Abkhaz alphabet, written in the Cyrillic script.</li></ol>
у|У|u	<i>character</i><br><ol><li>The forty-first letter of the Abkhaz alphabet, written in the Cyrillic script.</li></ol>
уара|uārā	<i>pron</i><br><ol><li>you (2nd person masculine singular pronoun)</li></ol>
уаха|uaxá|уаха́	<i>adv</i><br><ol><li>this evening</li></ol>
уахатәи|уахатәи́|уахатәқәа́	<i>adj</i><br><ol><li>this evening's, of this evening</li></ol>
ф|Ф	<i>character</i><br><ol><li>The forty-second letter of the Abkhaz alphabet, written in the Cyrillic script.</li></ol>
фба|fba	<i>num</i><br><ol><li>six (6)</li></ol>
х|Х|x	<i>character</i><br><ol><li>The forty-third letter of the Abkhaz alphabet, written in the Cyrillic script.</li></ol>
х'|xˤ|Х'|Xˤ	<i>character</i><br><ol><li>Additional letter for Bzyp dialect of the Abkhaz alphabet</li></ol>
х'ан-х'аны|xˤan-xˤanə	<i>adv</i><br><ol><li>apart, separately</li><li>disorder</li></ol>
х'ә|Х'ә	<i>character</i><br><ol><li>Additional letter for Bzyp dialect of the Abkhaz alphabet</li></ol>
хь|X̍|x̍|Хь	<i>character</i><br><ol><li>The forty-fourth letter of the Abkhaz alphabet, written in the Cyrillic script.</li></ol>
хә|Хә	<i>character</i><br><ol><li>The forty-fifth letter of the Abkhaz alphabet, written in the Cyrillic script.</li></ol>
хәажәкыра	<i>noun</i><br><ol><li>March</li></ol>
хәба	<i>num</i><br><ol><li>five (5)</li></ol>
хԥа|xpa	<i>num</i><br><ol><li>three (3)</li></ol>
ц|c|Ц	<i>character</i><br><ol><li>The forty-eighth letter of the Abkhaz alphabet, written in the Cyrillic script.</li></ol>
цас|Abzhywa|cas	<i>adv</i><br><ol><li>on purpose, deliberately</li></ol>
цхәаԥина	<i>noun</i><br><ol><li>(slang) miserable looking girl</li></ol>
ць|Ць|ц'|ć|Ц'|Ć	<i>character</i><br><ol><li>Additional letter for Bzyp dialect of the Abkhaz alphabet</li></ol>
цә|Цә	<i>character</i><br><ol><li>The forty-ninth letter of the Abkhaz alphabet, written in the Cyrillic script.</li></ol>
цәыббра	<i>noun</i><br><ol><li>September</li></ol>
ч|č̍|Ч	<i>character</i><br><ol><li>The fifty-second letter of the Abkhaz alphabet, written in the Cyrillic script.</li></ol>
ш|Ш|š	<i>character</i><br><ol><li>The fifty-sixth letter of the Abkhaz alphabet, written in the Cyrillic script.</li></ol>
шыбжьон|šəbž̍on	<i>adv</i><br><ol><li>noon, midday</li></ol>
шь|š̍|Š̍|Шь	<i>character</i><br><ol><li>The fifty-seventh letter of the Abkhaz alphabet, written in the Cyrillic script.</li></ol>
шьҭанахыс|š̍tanaxəs	<i>adv</i><br><ol><li>henceforth</li><li>from now on</li></ol>
шә|š°|Š°|Шә	<i>character</i><br><ol><li>The fifty-eighth letter of the Abkhaz alphabet, written in the Cyrillic script.</li></ol>
шәара|swārā	<i>pron</i><br><ol><li>you (2nd person plural pronoun)</li></ol>
шәкы	<i>num</i><br><ol><li>hundred</li></ol>
ы|ə|Ы	<i>character</i><br><ol><li>The fifty-ninth letter of the Abkhaz alphabet, written in the Cyrillic script.</li></ol>
ь|Ь	<i>character</i><br><ol><li>The sixty-third letter of the Abkhaz alphabet, written in the Cyrillic script.</li></ol>
џ|ǯ|Џ	<i>character</i><br><ol><li>The sixty-first letter of the Abkhaz alphabet, written in the Cyrillic script.</li></ol>
џь|ǯ̍|Џь|Ǯ̍	<i>character</i><br><ol><li>The sixty-second letter of the Abkhaz alphabet, written in the Cyrillic script.</li></ol>
џьанаҭ|џьана́ҭ|ǯ̍anát	<i>name</i><br><ol><li>heaven, paradise</li></ol>
џьаҳаным|ǯ̍aḥanə́m|џьаҳаны́м	<i>name</i><br><ol><li>hell</li></ol>
џьмафик|ǯ̍mafiḳ	<i>noun</i><br><ol><li>(slang) loser</li></ol>
џьузон|ǯ̍uzon	<i>noun</i><br><ol><li>(slang) music, song</li></ol>
ҕ|Ҕ	<i>character</i><br><ol><li>The seventh letter of the Abkhaz alphabet</li></ol>
ҕь|Ҕь	<i>character</i><br><ol><li>The eighth letter of the Abkhaz alphabet</li></ol>
ҕә|Ҕә	<i>character</i><br><ol><li>The ninth letter of the Abkhaz alphabet</li></ol>
Ҙ|ҙ|ź|Ź	<i>character</i><br><ol><li>Additional letter for Bzyp dialect of the Abkhaz alphabet</li></ol>
Ҙә|ź°|ҙә|Ź°	<i>character</i><br><ol><li>Additional letter for Bzyp dialect of the Abkhaz alphabet</li></ol>
ҙ|ź|Ź|Ҙ	<i>character</i><br><ol><li>Additional letter for Bzyp dialect of the Abkhaz alphabet</li></ol>
ҙә|Ҙә|ź°|Ź°	<i>character</i><br><ol><li>Additional letter for Bzyp dialect of the Abkhaz alphabet</li></ol>
Қарҭ|Kart	<i>noun</i><br><ol><li>Tbilisi (the capital city of the country of Georgia)</li></ol>
Қырҭтәыла	<i>name</i><br><ol><li>Georgia (country)</li></ol>
Қь|k̍|K̍|қь	<i>character</i><br><ol><li>The twenty-fourth letter of the Abkhaz alphabet</li></ol>
Қьырса|Қьы́рса|K̍ə́rsa	<i>name</i><br><ol><li>Christ</li><li>Christmas</li></ol>
Қә|қә	<i>character</i><br><ol><li>The twenty-fifth letter of the Abkhaz alphabet</li></ol>
қ|Қ	<i>character</i><br><ol><li>The twenty-third letter of the Abkhaz alphabet, written in the Cyrillic script.</li></ol>
қь|k̍|K̍|Қь	<i>character</i><br><ol><li>The twenty-fourth letter of the Abkhaz alphabet, written in the Cyrillic script.</li></ol>
қә|Қә	<i>character</i><br><ol><li>The twenty-fifth letter of the Abkhaz alphabet, written in the Cyrillic script.</li></ol>
қәсырԥа|Abzhywa	<i>noun</i><br><ol><li>long jump (sport)</li></ol>
Ҟ|q̇|Q̇|ҟ	<i>character</i><br><ol><li>The twenty-sixth letter of the Abkhaz alphabet</li></ol>
Ҟазахсҭан|Q̇azaxstan	<i>name</i><br><ol><li>Kazakhstan (a country in Asia)</li></ol>
Ҟырӷызсҭан|Q̇ərγəzstan	<i>name</i><br><ol><li>Kyrgyzstan (a country in Asia)</li></ol>
Ҟь|Q̇̍|q̇̍|ҟь	<i>character</i><br><ol><li>The twenty-seventh letter of the Abkhaz alphabet</li></ol>
Ҟә|ҟә	<i>character</i><br><ol><li>The twenty-eighth letter of the Abkhaz alphabet</li></ol>
ҟ|q̇|Q̇|Ҟ	<i>character</i><br><ol><li>The twenty-sixth letter of the Abkhaz alphabet, written in the Cyrillic script.</li></ol>
ҟь|Ҟь|Q̇̍|q̇̍	<i>character</i><br><ol><li>The twenty-seventh letter of the Abkhaz alphabet, written in the Cyrillic script.</li></ol>
ҟә|Ҟә	<i>character</i><br><ol><li>The twenty-eighth letter of the Abkhaz alphabet, written in the Cyrillic script.</li></ol>
Ҩ|ҩ	<i>character</i><br><ol><li>O-hook; Letter of the Cyrillic alphabet as used in the Abkhaz language.</li></ol>
ҩ|Ҩ	<i>character</i><br><ol><li>The sixtieth letter of the Abkhaz alphabet, written in the Cyrillic script.</li></ol>
ҩажәа|иежәа	<i>num</i><br><ol><li>twenty (20)</li></ol>
ҩба	<i>num</i><br><ol><li>two (2)</li></ol>
Ҫ|ś|Ś|ҫ	<i>character</i><br><ol><li>Additional letter for Bzyp dialect of the Abkhaz alphabet</li></ol>
Ҫә|Ś°|ś°|ҫә	<i>character</i><br><ol><li>Additional letter for Bzyp dialect of the Abkhaz alphabet</li></ol>
ҫ|ś|Ś|Ҫ	<i>character</i><br><ol><li>Additional letter for Bzyp dialect of the Abkhaz alphabet</li></ol>
ҫә|Ҫә|ś°|Ś°	<i>character</i><br><ol><li>Additional letter for Bzyp dialect of the Abkhaz alphabet</li></ol>
Ҭаџьықисҭан|Taǯ̍əkistan	<i>name</i><br><ol><li>Tajikistan (a country in Asia)</li></ol>
Ҭырқәтәыла	<i>name</i><br><ol><li>Turkey (a country in western Asia)</li></ol>
Ҭә|ҭә	<i>character</i><br><ol><li>The fortieth letter of the Abkhaz alphabet</li></ol>
ҭ|t|Ҭ	<i>character</i><br><ol><li>The thirty-ninth letter of the Abkhaz alphabet, written in the Cyrillic script.</li></ol>
ҭагалан|tagalan	<i>noun</i><br><ol><li>autumn</li></ol>
ҭарс|tars	<i>noun</i><br><ol><li>(slang) a person whose gaze brings misfortune</li></ol>
ҭауан|tauan	<i>noun</i><br><ol><li>(slang) debt; gambling debt.</li></ol>
ҭә|Ҭә	<i>character</i><br><ol><li>The fortieth letter of the Abkhaz alphabet, written in the Cyrillic script.</li></ol>
Ҳоландиа|Ḥolandia	<i>name</i><br><ol><li>Netherlands (a country in Europe)</li></ol>
Ҳә|ҳә	<i>character</i><br><ol><li>The forty-seventh letter of the Abkhaz alphabet</li></ol>
ҳ|ḥ|Ҳ	<i>character</i><br><ol><li>The forty-sixth letter of the Abkhaz alphabet, written in the Cyrillic script.</li></ol>
ҳаи|hai	<i>particle</i><br><ol><li>no</li></ol>
ҳара|ḥará|ҳара́	<i>pron</i><br><ol><li>we (1st person plural pronoun)</li></ol>
ҳерҳалда|ḥerḥalda|Sadz	<i>adv</i><br><ol><li>possibly, perhaps</li></ol>
ҳә|Ҳә	<i>character</i><br><ol><li>The forty-seventh letter of the Abkhaz alphabet, written in the Cyrillic script.</li></ol>
Ҵь|ҵ'|ҵь|Ć̣|Ҵ'|ć̣	<i>character</i><br><ol><li>Additional letter for Bzyp dialect of the Abkhaz alphabet</li></ol>
Ҵә|ҵә	<i>character</i><br><ol><li>The fifty-first letter of the Abkhaz alphabet</li></ol>
ҵ|c̣|Ҵ	<i>character</i><br><ol><li>The fiftieth letter of the Abkhaz alphabet, written in the Cyrillic script.</li></ol>
ҵь|ҵ'|Ҵ'|Ć̣|Ҵь|ć̣	<i>character</i><br><ol><li>Additional letter for Bzyp dialect of the Abkhaz alphabet</li></ol>
ҵә|Ҵә	<i>character</i><br><ol><li>The fifty-first letter of the Abkhaz alphabet, written in the Cyrillic script.</li></ol>
ҷ|Ҷ|č̣̍	<i>character</i><br><ol><li>The fifty-third letter of the Abkhaz alphabet, written in the Cyrillic script.</li></ol>
Ҽ|Č|č|ҽ	<i>character</i><br><ol><li>The fifty-fourth letter of the Abkhaz alphabet</li></ol>
ҽ|Ҽ|Č|č	<i>character</i><br><ol><li>The fifty-fourth letter of the Abkhaz alphabet, written in the Cyrillic script.</li></ol>
Ҿ|Č̣|ҿ|č̣	<i>character</i><br><ol><li>The fifty-fifth letter of the Abkhaz alphabet</li></ol>
ҿ|č̣|Ҿ|Č̣	<i>character</i><br><ol><li>The fifty-fifth letter of the Abkhaz alphabet, written in the Cyrillic script.</li></ol>
ә|w|Ә	<i>character</i><br><ol><li>The sixty-fourth letter of the Abkhaz alphabet, written in the Cyrillic script.</li></ol>
Ӡь|Ӡ'|ʒ́|ӡ'|Ʒ́|ӡь	<i>character</i><br><ol><li>Additional letter for Bzyp dialect of the Abkhaz alphabet</li></ol>
Ӡә|ӡә	<i>character</i><br><ol><li>The eighteenth letter of the Abkhaz alphabet</li></ol>
ӡ|ʒ|Ӡ	<i>character</i><br><ol><li>The seventeenth letter of the Abkhaz alphabet, written in the Cyrillic script.</li></ol>
ӡь|Ӡ'|ʒ́|ӡ'|Ӡь|Ʒ́	<i>character</i><br><ol><li>Additional letter for Bzyp dialect of the Abkhaz alphabet</li></ol>
ӡә|Ӡә	<i>character</i><br><ol><li>The eighteenth letter of the Abkhaz alphabet, written in the Cyrillic script.</li></ol>
Ӷь|ӷь	<i>character</i><br><ol><li>The eighth letter of the Abkhaz alphabet</li></ol>
Ӷә|ӷә	<i>character</i><br><ol><li>The ninth letter of the Abkhaz alphabet</li></ol>
ӷ|Ӷ	<i>character</i><br><ol><li>The seventh letter of the Abkhaz alphabet, written in the Cyrillic script.</li></ol>
ӷь|Ӷь	<i>character</i><br><ol><li>The eighth letter of the Abkhaz alphabet, written in the Cyrillic script.</li></ol>
ӷә|Ӷә	<i>character</i><br><ol><li>The ninth letter of the Abkhaz alphabet, written in the Cyrillic script.</li></ol>
ԥ|p|Ԥ	<i>character</i><br><ol><li>The thirty-fourth letter of the Abkhaz alphabet, written in the Cyrillic script.</li></ol>
ԥақь|Sadz|pak̍	<i>intj</i><br><ol><li>okay</li><li>well</li></ol>
ԥхынгәы|ṗĥəngwə	<i>noun</i><br><ol><li>July</li></ol>
ԥхынҷкәын	<i>noun</i><br><ol><li>December</li></ol>
ԥшьба|pš̍ba	<i>num</i><br><ol><li>four (4)</li></ol>
ⱬ|Ӡә|ӡә	<i>character</i><br><ol><li>The forty-fourth letter of the Abkhaz alphabet, in the Latin script.</li></ol>
Ꚅ|ꚅ	<i>character</i><br><ol><li>(obsolete) A letter of the old Abkhaz Cyrillic alphabet. Now replaced by Жә.</li></ol>
ꚅ|Ꚅ	<i>character</i><br><ol><li>(obsolete) A letter of the old Abkhaz Cyrillic alphabet. Now replaced by Жә.</li></ol>
Ꚇ|ꚇ	<i>character</i><br><ol><li>(obsolete) A letter of the old Abkhaz alphabet, currently represented by the letter Ҽ.</li></ol>
ꚇ|Ꚇ	<i>character</i><br><ol><li>(obsolete) A letter of the old Abkhaz alphabet, currently represented by the letter Ҽ.</li></ol>
Ꚍ|ꚍ	<i>character</i><br><ol><li>(obsolete) A letter of the old Abkhaz alphabet, corresponding to the modern-day Тә.</li></ol>
ꚍ|Ꚍ	<i>character</i><br><ol><li>(obsolete) A letter of the old Abkhaz alphabet, corresponding to the modern-day Тә.</li></ol>
