ሀልሎ|hällo	<i>intj</i><br><ol><li>hello</li></ol>
ሀያ|haya|həya|ሃያ|ህያ	<i>num</i><br><ol><li>twenty</li></ol>
ሀይቅ|häyḳ	<i>noun</i><br><ol><li>lake</li></ol>
ሁለተኛ|hulätäña	<i>num</i><br><ol><li>second (2nd)</li></ol>
ሁለት|hulätt	<i>num</i><br><ol><li>two</li></ol>
ሁሉ|hullu	<i>det</i><br><ol><li>all, every</li></ol><br><i>pron</i><br><ol><li>all, everybody, everything</li></ol>
ሁሉም|hulum	<i>det</i><br><ol><li>all</li></ol>
ሃምራዊ|hamrawi	<i>adj</i><br><ol><li>purple</li></ol>
ሃርድዌር|hardəwer	<i>noun</i><br><ol><li>(computing) hardware</li></ol>
ሃያ ሁለት|haya hulätt	<i>num</i><br><ol><li>twenty-two (22)</li></ol>
ሃያ ሰባት|haya säbatt	<i>num</i><br><ol><li>twenty-seven (27)</li></ol>
ሃያ ስምንት|haya səmmənt	<i>num</i><br><ol><li>twenty-eight (28)</li></ol>
ሃያ ስድስት|haya səddəst	<i>num</i><br><ol><li>twenty-six (26)</li></ol>
ሃያ ሶስት|haya sost	<i>num</i><br><ol><li>twenty-three (23)</li></ol>
ሃያ አምስት|haya ʾämməst	<i>num</i><br><ol><li>twenty-five (25)</li></ol>
ሃያ አራት|haya ʾärat	<i>num</i><br><ol><li>twenty-four (24)</li></ol>
ሃያ አንድ|haya ʾänd	<i>num</i><br><ol><li>twenty-one (21)</li></ol>
ሃያ ዘጠኝ|haya zäṭäññ	<i>num</i><br><ol><li>twenty-nine (29)</li></ol>
ህዝብ|həzb	<i>noun</i><br><ol><li>people</li></ol>
ህግ|həg	<i>noun</i><br><ol><li>a law</li></ol>
ህጻን|həṣan	<i>noun</i><br><ol><li>child</li></ol>
ሆድ|hod	<i>noun</i><br><ol><li>belly, abdomen</li></ol>
ለስላሳ|läslasa	<i>adj</i><br><ol><li>smooth</li></ol>
ለወሰ|läwwäsä	<i>verb</i><br><ol><li>to knead</li></ol>
ለውዝ|läwz	<i>noun</i><br><ol><li>almond</li></ol>
ሉል|lul	<i>noun</i><br><ol><li>pearl</li></ol>
ላም|lam|ላማችን|ላምሽ|ላምን|ላምዎ|ላሙ|ላማችሁ|ላሜ|ላሚቱ|ላሚቱን|ላሟን|ላሟ|ላሚቷን|ላሚቷ|ላማቸው|ላምህ	<i>noun</i><br><ol><li>cow (female bovine)</li></ol>
ላባ|laba	<i>noun</i><br><ol><li>feather</li></ol>
ላት|lat	<i>noun</i><br><ol><li>fat tail</li></ol>
ሌሊት|lelit	<i>noun</i><br><ol><li>night</li></ol>
ሌባ|leba	<i>noun</i><br><ol><li>thief</li></ol>
ሌት|let	<i>noun</i><br><ol><li>night</li></ol>
ልምጭ|ləmč̣	<i>noun</i><br><ol><li>stick</li></ol>
ልሳን|ləsan	<i>noun</i><br><ol><li>language</li><li>tongue</li></ol>
ልብ|ləbb	<i>noun</i><br><ol><li>heart</li><li>belly</li><li>chest</li><li>courage</li><li>attention</li><li>truth, fact</li><li>mind, intelligence</li></ol>
ልብስ|ləbs	<i>noun</i><br><ol><li>clothes</li></ol>
ልብን|ləbn	<i>noun</i><br><ol><li>storax (Styrax officinalis), in particular the resin thereof)</li></ol>
ልጅ|ልጄ|ልዣቸው|ልዣችን|ልጅሽ|ልዡን|ልዤ|ልዧ|ልጅን|ልጃችሁ|ልጃችን|ልዥ|ልጅህ|ልጃቸው|ልጅዎ|ልዡ|ləǧ|ልዥህ|ልዥን|ልዥዎ|ልጇ|ልዥሽ|ልጁን|ልጁ|ልዣችሁ|ləž	<i>noun</i><br><ol><li>boy</li><li>son</li><li>child (of unspecified gender)</li></ol>
ልጓም|ləgʷam	<i>noun</i><br><ol><li>bridle</li></ol>
ሎሚ|lomi	<i>noun</i><br><ol><li>lime, lemon, citrus</li><li>fruit</li></ol>
ሐሙስ|ḥämus	<i>noun</i><br><ol><li>Thursday</li></ol>
ሐምሌ|ሀምሌ|hamle|ኃምሌ|ḫamle|ሓምሌ|ḥamle	<i>noun</i><br><ol><li>The eleventh month in the Ethiopian calendar, ranging from 8 July to 6 August.</li></ol>
ሐሳብ|ḥäsab	<i>noun</i><br><ol><li>idea</li></ol>
ሐተታ|ḥätäta	<i>noun</i><br><ol><li>commentary.</li><li>treaty.</li></ol>
ሐኪም|ḥäkim	<i>noun</i><br><ol><li>doctor</li></ol>
ሐያ|ḥäya	<i>num</i><br><ol><li>twenty</li></ol>
ሕመም|ሕመምን|ሕመምህ|ሕመምዎ|ሕመማቸው|ሕመሙን|ḥəmäm|ሕመምሽ|ሕመሟ|ሕመሙ|ሕመማችሁ|ሕመሜ|ሕመማችን	<i>noun</i><br><ol><li>illness, disease</li></ol>
ሕሙም|ሕሙሚቷ|ሕሙማን|ሕሙሟን|ሕሙምን|ሕሙምሽ|ሕሙምህ|ሕሙማችን|ሕሙምዎ|ሕሙሚቱን|ሕሙሙን|ሕሙሟ|ሕሙሜ|ሕሙማቸው|ሕሙማችሁ|ሕሙሚቷን|ሕሙሚቱ|ḥəmum|ሕሙሙ	<i>noun</i><br><ol><li>patient, sick person</li></ol>
ሕቅ|ḥəḳ	<i>noun</i><br><ol><li>truth</li></ol>
ሕገ መንግሥት|ḥəgä mängəśt	<i>noun</i><br><ol><li>constitution.</li></ol>
ሕገ መንግስት|ḥəgä mängəst	<i>noun</i><br><ol><li>constitution.</li></ol>
ሕግ|ḥəg	<i>noun</i><br><ol><li>law, rule, legislation, dogma</li></ol>
ሕፃን|ሕፃናት|ḥəṣ́an	<i>noun</i><br><ol><li>baby, infant</li></ol>
መሄድ|mähed	<i>verb</i><br><ol><li>to walk</li></ol>
መልካም፡ልደት|mälkam lədät	<i>phrase</i><br><ol><li>happy birthday</li></ol>
መልካም፡አዲስ፡አመት|mälkam ʾaddis ʾamät	<i>phrase</i><br><ol><li>happy New Year</li></ol>
መማር|mämar	<i>verb</i><br><ol><li>to learn</li></ol>
መምታት|mämətat	<i>verb</i><br><ol><li>to hit</li></ol>
መምጣት|mäməṭat	<i>verb</i><br><ol><li>to come</li></ol>
መሞት|mämot	<i>verb</i><br><ol><li>to die</li></ol>
መረብ|märäb	<i>noun</i><br><ol><li>net</li></ol>
መራ|mära	<i>verb</i><br><ol><li>to lead</li></ol>
መራራ|märara	<i>adj</i><br><ol><li>bitter</li></ol>
መሬት|märet	<i>noun</i><br><ol><li>earth</li></ol>
መርከብ|märkäb	<i>noun</i><br><ol><li>boat</li></ol>
መርፌ|märfe	<i>noun</i><br><ol><li>needle</li></ol>
መስማት|mäsəmat	<i>verb</i><br><ol><li>to hear</li></ol>
መስራት|mäsrat	<i>verb</i><br><ol><li>to make</li></ol>
መስታዎት|mästawot	<i>noun</i><br><ol><li>mirror</li></ol>
መስከረም|mäskäräm	<i>noun</i><br><ol><li>september</li></ol>
መስኮት|mäskot	<i>noun</i><br><ol><li>window</li></ol>
መስጊድ|መስጊድህ|መስጊድሽ|mäsgid|መስጊድዎ|መስጊዴ|መስጊድን|መስጊዱ|መስጊዳቸው|መስጊዳችን|መስጊዱን|መስጊዳችሁ|መስጊዷ	<i>noun</i><br><ol><li>mosque</li></ol>
መስጠት|mäsṭät	<i>verb</i><br><ol><li>to give</li></ol>
መሸጥ|mäšäṭ	<i>verb</i><br><ol><li>to sell</li></ol>
መቀመጥ|mäḳämmäṭ	<i>verb</i><br><ol><li>to sit</li></ol>
መቀስ|mäḳäs	<i>noun</i><br><ol><li>scissors.</li><li>nightjar.</li></ol>
መቀዝቀዝ|mäḳäzḳäz	<i>verb</i><br><ol><li>to freeze</li></ol>
መቁረጥ|mäquräṭ	<i>verb</i><br><ol><li>to cut</li></ol>
መቁጠር|mäquṭär	<i>verb</i><br><ol><li>to count</li></ol>
መቅሠፍት|mäḳśäft	<i>noun</i><br><ol><li>disaster.</li></ol>
መቆም|mäqom	<i>verb</i><br><ol><li>to stand</li></ol>
መቆፈር|mäqofär	<i>verb</i><br><ol><li>to dig</li></ol>
መብረር|mäbərär	<i>verb</i><br><ol><li>to fly</li></ol>
መብረቅ|mäbräq	<i>noun</i><br><ol><li>lightning</li></ol>
መቦረሽ|mäboräš	<i>verb</i><br><ol><li>to rub</li></ol>
መተንፈስ|mätänfäs	<i>verb</i><br><ol><li>to breathe</li></ol>
መተኛት|mätäñat	<i>verb</i><br><ol><li>to sleep</li></ol>
መታገል|mätagäl	<i>verb</i><br><ol><li>to fight</li></ol>
መታጠፍ|mätaṭäf	<i>verb</i><br><ol><li>(intransitive) to turn</li></ol>
መትፋት|mätəfat	<i>verb</i><br><ol><li>to spit</li></ol>
መቶ|mäto	<i>num</i><br><ol><li>hundred</li></ol>
መቼ|mäče	<i>pron</i><br><ol><li>when (interrogative pronoun)</li></ol>
መነኩሴ|mänäkuse	<i>noun</i><br><ol><li>monk</li></ol>
መነጣጠል|mänäṭaṭäl	<i>verb</i><br><ol><li>to split</li></ol>
መነጽር|mänäṣr	<i>noun</i><br><ol><li>eyeglasses; spectacles.</li></ol>
መናገር|mänagär	<i>verb</i><br><ol><li>to say</li></ol>
መንሳፈፍ|mänsafäf	<i>verb</i><br><ol><li>to float</li></ol>
መንበር|mänbär	<i>noun</i><br><ol><li>chair</li><li>seat</li><li>altar</li></ol>
መንደር|mändär	<i>noun</i><br><ol><li>village</li></ol>
መንገድ|mängäd	<i>noun</i><br><ol><li>road</li></ol>
መንግሥት|mängəst|መንግስት	<i>noun</i><br><ol><li>government</li><li>state, regime</li></ol>
መንጣፍ|mänṭaf	<i>noun</i><br><ol><li>carpet</li></ol>
መንፈስ|mänəfäs	<i>verb</i><br><ol><li>to blow</li></ol>
መኖር|mänor	<i>verb</i><br><ol><li>to live</li></ol>
መከፈቻ|mäkkäfäča	<i>noun</i><br><ol><li>means for being opened</li></ol>
መኪና|መኪናችን|መኪናዎ|መኪናቸው|መኪናችሁ|መኪናዋ|mäkina|መኪናዬ|መኪናውን|መኪናሽ|መኪናን|መኪናው|መኪናህ	<i>noun</i><br><ol><li>automobile, car</li><li>machine</li><li>lorry, truck</li><li>typewriter</li></ol>
መክፈቻ|mäkfäča	<i>noun</i><br><ol><li>key</li></ol>
መወርወር|mäwärwär	<i>verb</i><br><ol><li>to throw</li></ol>
መዋኘት|mäwañät	<i>verb</i><br><ol><li>to swim</li></ol>
መዘመር|mäzämär	<i>verb</i><br><ol><li>to sing</li></ol>
መዘነ|mäzzänä	<i>verb</i><br><ol><li>to weigh</li></ol>
መዝገበ ቃላት|mäzgäbä ḳalat	<i>noun</i><br><ol><li>dictionary</li></ol>
መያዝ|mäyaz	<i>verb</i><br><ol><li>to hold</li></ol>
መይ|mäy	<i>noun</i><br><ol><li>May</li></ol>
መድፍ|mädf	<i>noun</i><br><ol><li>cannon</li></ol>
መዶሻ|mädoša	<i>noun</i><br><ol><li>hammer</li></ol>
መጀመሪያ|mäǧämäriya	<i>noun</i><br><ol><li>beginning</li></ol>
መገንባት|mägänbat	<i>verb</i><br><ol><li>to build</li></ol>
መጋቢት|mägabit	<i>noun</i><br><ol><li>Seventh month in the Ethiopian calendar</li><li>March</li></ol>
መጋደም|mägadäm	<i>verb</i><br><ol><li>to lie (as in a bed)</li></ol>
መግቢያ|mägbiya	<i>noun</i><br><ol><li>entrance</li></ol>
መግባት|mägbat	<i>verb</i><br><ol><li>enter</li></ol>
መግዛት|mägzat	<i>verb</i><br><ol><li>to buy</li></ol>
መግደል|mägədäl	<i>verb</i><br><ol><li>to kill</li></ol>
መግፋት|mägəfat	<i>verb</i><br><ol><li>to push</li></ol>
መጎተት|mägotät	<i>verb</i><br><ol><li>to pull</li></ol>
መጠበቅ|mäṭäbäq	<i>verb</i><br><ol><li>to wait</li></ol>
መጠየቅ|mäṭäyäq	<i>verb</i><br><ol><li>to ask</li></ol>
መጠጣት|mäṭäṭat	<i>verb</i><br><ol><li>to drink</li></ol>
መጠጥ|mäṭäṭ	<i>noun</i><br><ol><li>beverage</li></ol>
መጥረጊያ|mäṭrägiya	<i>noun</i><br><ol><li>broom</li></ol>
መጥባት|mäṭəbat	<i>verb</i><br><ol><li>to suck</li></ol>
መጥፎ|mäṭfo	<i>adj</i><br><ol><li>bad</li></ol>
መጫን|mäč̣an	<i>verb</i><br><ol><li>to squeeze</li></ol>
መጫወት|mäč̣awät	<i>verb</i><br><ol><li>to play</li></ol>
መፋቅ|mäfaq	<i>verb</i><br><ol><li>to scratch</li></ol>
መፍራት|mäfərat	<i>verb</i><br><ol><li>to fear</li></ol>
ሙሉ|mulu	<i>adj</i><br><ol><li>full</li></ol>
ሙሉክዬ|mulukəye|mulukəyye	<i>noun</i><br><ol><li>mulukhiyah (Corchorus olitorius and the vegetable thereof)</li></ol>
ሙስሊም|muslim	<i>noun</i><br><ol><li>(Islam) Muslim</li></ol>
ሙሽራ|ሙሽራይቷ|ሙሽራይቱ|ሙሽራህ|ሙሽራው|ሙሽራሽ|ሙሽራውን|ሙሽራዎ|ሙሽራቸው|ሙሽራዋን|ሙሽራዬ|ሙሽራዋ|ሙሽራችሁ|ሙሽራችን|mušərra|ሙሽራይቱን|ሙሽራን|ሙሽራይቷን	<i>noun</i><br><ol><li>wedder (participant of a marriage)</li></ol>
ሙቅ|muḳ	<i>adj</i><br><ol><li>warm</li></ol>
ሙት|mut|ሙታን	<i>adj</i><br><ol><li>dead</li></ol>
ሙዝ|muz	<i>noun</i><br><ol><li>banana</li></ol>
ሚስት|mist	<i>noun</i><br><ol><li>wife</li></ol>
ሚኒስትር|ministər	<i>noun</i><br><ol><li>minister.</li></ol>
ሚዛን|mizan	<i>verb</i><br><ol><li>balance, scales</li></ol>
ሚያዝያ|miyazəya	<i>noun</i><br><ol><li>eighth month of the Ethiopian calendar</li><li>April</li></ol>
ሚጥሚጣ|miṭmiṭa	<i>noun</i><br><ol><li>mitmita (a spice mixture based on hot crushed pepper that is added while eating)</li></ol>
ማልቀስ|malḳäs	<i>verb</i><br><ol><li>to weep</li></ol>
ማረስ|maräs	<i>verb</i><br><ol><li>to plow</li></ol>
ማረሻ|maräša	<i>noun</i><br><ol><li>plough</li></ol>
ማር|mar	<i>noun</i><br><ol><li>honey</li></ol>
ማርች|marč	<i>noun</i><br><ol><li>March</li></ol>
ማሰር|masär	<i>verb</i><br><ol><li>to tie</li></ol>
ማሰብ|masäb	<i>verb</i><br><ol><li>to think</li></ol>
ማስታወክ|mastawäk	<i>verb</i><br><ol><li>to vomit</li></ol>
ማሽላ|mašəlla	<i>noun</i><br><ol><li>sorghum</li></ol>
ማሽተት|maštät	<i>verb</i><br><ol><li>to smell</li></ol>
ማቃጠል|maḳaṭäl	<i>verb</i><br><ol><li>to burn</li></ol>
ማበጥ|mabäṭ	<i>verb</i><br><ol><li>to swell</li></ol>
ማብራቅ|mabraḳ	<i>noun</i><br><ol><li>lightning</li></ol>
ማኅበረሰብ|maḫbäräsäb	<i>noun</i><br><ol><li>community.</li></ol>
ማኅበርተኛ|maḫbärtäña	<i>noun</i><br><ol><li>member.</li></ol>
ማን|mannən|ማን፡ማን|man|እነማን|ማንን|ʾənnäman|mannän|ማነን	<i>pron</i><br><ol><li>who? whom?</li></ol>
ማንበብ|manbäb	<i>verb</i><br><ol><li>to read</li></ol>
ማንኛቸው|mannəññaččäw	<i>pron</i><br><ol><li>which one of them?</li></ol>
ማንኛችሁ|mannəññaččəhu	<i>pron</i><br><ol><li>which one of you?</li></ol>
ማንኛችን|mannəññaččən	<i>pron</i><br><ol><li>which one of us?</li></ol>
ማንኛው|mannəññaw	<i>det</i><br><ol><li>which? (masculine)</li></ol><br><i>pron</i><br><ol><li>which one? (masculine)</li></ol>
ማንካ|manka	<i>noun</i><br><ol><li>spoon</li></ol>
ማክሰኞ|māksäñño	<i>noun</i><br><ol><li>Tuesday</li></ol>
ማወቅ|mawäq	<i>verb</i><br><ol><li>to know</li></ol>
ማዎቅ|mawoq	<i>verb</i><br><ol><li>to know</li></ol>
ማየት|mayät	<i>verb</i><br><ol><li>to see</li></ol>
ማደን|madän	<i>verb</i><br><ol><li>to hunt</li></ol>
ማዳመጥ|madamäṭ	<i>verb</i><br><ol><li>to listen</li></ol>
ማድረግ|madräg	<i>verb</i><br><ol><li>to do</li></ol>
ማጠብ|maṭäb	<i>verb</i><br><ol><li>to wash</li></ol>
ምላስ|መላስ|mälas|məlas	<i>noun</i><br><ol><li>tongue</li></ol>
ምላሽ|məllaš	<i>noun</i><br><ol><li>answer, reply</li></ol>
ምርጫ|mərč̣a	<i>noun</i><br><ol><li>choice</li><li>option</li><li>election, voting</li></ol>
ምሰሶ|məsäso	<i>noun</i><br><ol><li>post, pillar</li></ol>
ምስል|məsl	<i>noun</i><br><ol><li>likeness, similitude, resemblance, image, figure</li><li>parable, example, proverb</li></ol>
ምስር|məsr|məssər	<i>noun</i><br><ol><li>lentil</li><li>Egypt (a country in North Africa)</li></ol>
ምስት|məst	<i>noun</i><br><ol><li>(rare) Alternative form of ሚስት (mist)</li></ol>
ምስጋና|məsgana	<i>noun</i><br><ol><li>glory, praise, honor,</li><li>thanksgiving, commendation, thanks, gratitude, encomium</li></ol>
ምስጥ|məsṭ	<i>noun</i><br><ol><li>termite</li></ol>
ምሽት|ምሼቴ|məššət|ምሽትህ|ምሽታችሁ|ምሾታችሁ|ምሼትህ|ምሼቷ|ምሽትዎ|ምሾትን|ምሾትህ|ምሾቱን|ምሼታቸው|ምሽትን|ምሼቱ|məšet|ምሸትዎ|ምሾታችን|məšot|ምሾታቸው|ምሾትዎ|ምሼት|ምሾትሽ|ምሸት|ምሼቱን|ምሽታችን|ምሸታቸው|ምሾቱ|ምሸትሽ|ምሸቴ|məšät|ምሸቱን|ምሸቷ|ምሽቱ|ምሸታችን|ምሼትሽ|ምሽቴ|ምሽትሽ|ምሼትን|ምሼታችን|ምሸቱ|ምሾቷ|ምሽታቸው|ምሾቴ|ምሽቷ|ምሾት|ምሼታችሁ|ምሼትዎ|ምሸትህ|ምሸትን|ምሽቱን|ምሸታችሁ	<i>noun</i><br><ol><li>evening</li></ol>
ምን|ምንና፡ምን|mənənna mən|mənənnamən|mənočč|ምኖች|ምንናምን|mən mən|mən|ምን፡ምን	<i>pron</i><br><ol><li>what?</li></ol>
ምንድን|məndən|ምንድኖች|məndər|ምንድር	<i>det</i><br><ol><li>what kind of?</li></ol><br><i>pron</i><br><ol><li>what?</li></ol>
ምክንያት|mikiniyati	<i>noun</i><br><ol><li>reason</li></ol>
ምግብ|məgb	<i>noun</i><br><ol><li>food</li><li>meal</li></ol>
ምግብ ቤት|məgb bet	<i>noun</i><br><ol><li>restaurant</li></ol>
ሞተ|motä	<i>verb</i><br><ol><li>to die</li></ol>
ሞት|mot	<i>noun</i><br><ol><li>death</li></ol>
ሞንጎመሪ|mongomäri	<i>name</i><br><ol><li>Montgomery</li></ol>
ሠላሳ|śälasa	<i>num</i><br><ol><li>thirty</li></ol>
ሥልሳ|ሥሳ|səlsa|śəlsa|śədsa|ሥድሳ|śəssa|ስልሳ	<i>num</i><br><ol><li>sixty</li></ol>
ሥር|sər	<i>noun</i><br><ol><li>root (also figurative)</li><li>bottom, base</li><li>vein, artery, tendon and similar (and also figuratively)</li></ol><br><i>postp</i><br><ol><li>underneath, below</li></ol>
ሦስት|śost|sost|ሶስት	<i>num</i><br><ol><li>three</li></ol>
ረቡዕ|räbuʿ|ረቡ|räbu	<i>noun</i><br><ol><li>Wednesday</li></ol><br><i>adv</i><br><ol><li>on Wednesday</li></ol>
ረጂም|räǧim	<i>adj</i><br><ol><li>long</li></ol>
ሩሲያ|rusiya	<i>noun</i><br><ol><li>Russia</li></ol>
ሩቅ|ruḳ	<i>adv</i><br><ol><li>far</li></ol>
ሩዝ|ሩዙን|ruz|ሩዟ|ሩዛችሁ|ሩዝዎ|ሩዝህ|ሩዛችን|ሩዛቸው|ሩዝን|ሩዜ|ሩዝሽ|ሩዙ	<i>noun</i><br><ol><li>rice</li></ol>
ሩጫ|ruč̣č̣a	<i>noun</i><br><ol><li>the act of running</li></ol>
ራስ|ራስህ|ራሳችሁ|ራሳቸው|ራስዎ|ራስሽ|ራሷ|ራሱ|ራሱን|ራሴ|ras|ራሳችን|ራስን	<i>noun</i><br><ol><li>head</li><li>top, summit</li><li>(obsolete) ras (leader ranking directly below a king)</li><li>When possessed, used to form reflexive pronouns; -self, -selves</li></ol>
ራብ|rab	<i>noun</i><br><ol><li>hunger</li><li>famine</li></ol>
ሬሳ|ሬሳሽ|ሬሳዬ|ሬሳችሁ|ሬሳህ|ሬሳው|ሬሳችን|ሬሳዋ|ሬሳዎ|resa|ሬሳውን|ሬሳቸው|ሬሳን	<i>noun</i><br><ol><li>corpse, carcass</li></ol>
ርእሰ ብሔር|rəʾsä bəḥer	<i>noun</i><br><ol><li>president</li></ol>
ርግብ|rəgb|rəgəbb	<i>noun</i><br><ol><li>dove, pigeon</li><li>(figuratively) a good-hearted person</li></ol><br><i>adj</i><br><ol><li>slack, sagging, loose</li></ol>
ርጥብ|rəṭb	<i>adj</i><br><ol><li>wet</li></ol>
ሮማን|roman|ሩማን|ruman	<i>noun</i><br><ol><li>pomegranate</li></ol>
ሮም|rom	<i>name</i><br><ol><li>Rome (the capital city of Italy)</li></ol>
ሮም፡በአንድ፡ቀን፡አልተገነባችም|rom bäʾand ḳän ʾaltägänäbbaččəmm|ሮም በአንድ ቀን አልተገነባችም	<i>proverb</i><br><ol><li>Rome wasn't built in a day</li></ol>
ሮብ|rob	<i>noun</i><br><ol><li>Synonym of ረቡዕ (räbuʿ)</li></ol><br><i>adv</i><br><ol><li>Synonym of ረቡዕ (räbuʿ)</li></ol>
ሮዝ|roz	<i>adj</i><br><ol><li>pink</li></ol>
ሯጭ|rʷač̣	<i>noun</i><br><ol><li>runner</li></ol>
ሰላም|sälam	<i>noun</i><br><ol><li>peace</li><li>hello</li></ol>
ሰላጣ|sälaṭa	<i>noun</i><br><ol><li>salad</li></ol>
ሰማ|sämmä	<i>verb</i><br><ol><li>to hear</li></ol>
ሰማንያ|sämanya	<i>num</i><br><ol><li>eighty</li></ol>
ሰማያዊ|sämayawi	<i>adj</i><br><ol><li>blue</li></ol>
ሰማይ|sämay	<i>noun</i><br><ol><li>heaven</li><li>sky</li></ol>
ሰበረ|säbbärä	<i>verb</i><br><ol><li>(transitive) to break, to destroy</li></ol>
ሰበን|säbän	<i>noun</i><br><ol><li>kerchief, miter, scarf</li></ol>
ሰባ|säba	<i>num</i><br><ol><li>seventy</li></ol>
ሰባተኛ|säbatäña	<i>num</i><br><ol><li>seventh (7th)</li></ol>
ሰባት|säbatt	<i>num</i><br><ol><li>seven</li></ol>
ሰናፍጭ|sänafəč̣č̣	<i>noun</i><br><ol><li>mustard (plant and spice)</li></ol>
ሰኔ|säne	<i>noun</i><br><ol><li>Tenth month in the Ethiopian calendar</li><li>April</li></ol>
ሰንሰለት|sänsälät	<i>noun</i><br><ol><li>chain</li></ol>
ሰኞ|säñño	<i>noun</i><br><ol><li>Monday</li></ol>
ሰዋሰው|säwasäw	<i>noun</i><br><ol><li>grammar</li></ol>
ሰው|ሰውዬዬ|ሰውዬዋ|ሰውዬውን|ሰውዬ|ሰዋችን|ሰውዬያችን|ሰዋቸው|ሰውዬህ|ሰዉ|ሰውዎ|säwəyye|ሰውዬን|ሰውዬሽ|ሰውዬያችሁ|ሰውዬዎ|ሰውዬያቸው|ሰውህ|säw|ሰውዬው|ሰዋችሁ|ሰውሽ|ሰውኧ|ሰዌ	<i>noun</i><br><ol><li>(collective) man</li><li>(collective) mankind</li><li>(collective) gentleman</li></ol><br><i>pron</i><br><ol><li>anybody, somebody, anyone, someone</li><li>(+ negative) nobody, no-one</li></ol>
ሰውነት|säwnät	<i>noun</i><br><ol><li>body</li></ol>
ሰውዬ|ሰውዬዬ|ሰውዬዋ|ሰውዬውን|ሰው|ሰውዬያችን|ሰዋችን|ሰዋቸው|ሰውዬህ|ሰዉ|ሰውዎ|säwəyye|ሰውዬን|ሰውዬሽ|ሰውዬያችሁ|ሰውዬዎ|ሰውዬያቸው|ሰውህ|säw|ሰውዬው|ሰዋችሁ|ሰውሽ|ሰውኧ|ሰዌ	<i>noun</i><br><ol><li>man, male</li><li>male individual</li></ol>
ሰዓት|säʿat	<i>noun</i><br><ol><li>hour</li><li>time</li><li>clock, watch</li><li>noon, midday</li></ol>
ሰይፍ|säyf	<i>noun</i><br><ol><li>sword</li></ol>
ሰዳ|säda	<i>verb</i><br><ol><li>to shoot; to fire.</li></ol>
ሰጎን|sägon	<i>noun</i><br><ol><li>ostrich</li></ol>
ሰፊ|säfi	<i>adj</i><br><ol><li>wide</li></ol>
ሰፕቴምበር|säptembär	<i>noun</i><br><ol><li>September</li></ol>
ሱሪ|surri|ስራውር	<i>noun</i><br><ol><li>trousers, pants</li></ol>
ሱሺ|suši	<i>noun</i><br><ol><li>sushi</li></ol>
ሱቅ|suḳ	<i>noun</i><br><ol><li>shop</li></ol>
ሲኒማ|sinima	<i>noun</i><br><ol><li>cinema</li></ol>
ሲጃራ|siǧara	<i>noun</i><br><ol><li>cigarette</li></ol>
ሲጋራ|sigara	<i>noun</i><br><ol><li>cigarette</li></ol>
ሳመ|samä	<i>verb</i><br><ol><li>to kiss</li></ol>
ሳሙና|sabuna|ሳቡና|samuna	<i>noun</i><br><ol><li>soap</li></ol>
ሳማ|samma	<i>noun</i><br><ol><li>nettle (Urtica simensis)</li></ol>
ሳምንት|sammənt	<i>noun</i><br><ol><li>week</li></ol>
ሳር|sar	<i>noun</i><br><ol><li>grass</li></ol>
ሳቀ|መሳቁን|መሳቅን|saḳä|መሳቅህ|መሳቇ|መሳቁ|መሳቅ|መሳቅሽ|መሳቄ|መሳቃችሁ|መሳቃቸው|መሳቃችን|መሳቅዎ|mäsaḳ	<i>verb</i><br><ol><li>(intransitive) to laugh</li></ol>
ሳት|sat	<i>noun</i><br><ol><li>Aphetic form of እሳት (ʾəsat)</li></ol>
ሳንቲም|santim	<i>noun</i><br><ol><li>coin</li><li>santim (one one-hundredth of a birr)</li></ol>
ሴት|ሴቷ|ሴትዮው|ሴትዮዋችን|ሴትዮይቷ|ሴታችን|ሴትዮዎ|ሴቴ|ሴትዮዋን|ሴትዮዋችሁ|ሴትዎ|ሴትዮይቱን|ሴታችሁ|ሴቱ|ሴትዮዬ|ሴትህ|ሴትዮይቱ|ሴትዮይቷን|ሴትዮህ|ሴትዮ|ሴትዮዋ|setəyyo|ሴትዮዋቸው|ሴትዮን|set|ሴትሽ|ሴታቸው|ሴትዮሽ	<i>noun</i><br><ol><li>(collective) woman, female</li><li>(collective) womankind</li><li>(collective, figuratively) coward</li><li>(grammar) feminine gender</li></ol>
ሴት ልጅ|set ləj	<i>noun</i><br><ol><li>daughter</li></ol>
ሴትዮ|ሴትዮው|ሴቷ|ሴትዮዋችን|ሴትዮይቷ|ሴታችን|ሴትዮዎ|ሴትዮዋን|ሴቴ|ሴት|ሴትዮዋችሁ|ሴትዎ|ሴትዮይቱን|ሴታችሁ|ሴቱ|ሴትዮዬ|ሴትህ|ሴትዮይቱ|ሴትዮይቷን|ሴትዮህ|ሴትዮዋ|setəyyo|ሴትዮዋቸው|ሴትዮን|set|ሴትሽ|ሴታቸው|ሴትዮሽ	<i>noun</i><br><ol><li>woman, female</li><li>female individual</li></ol>
ስለት|səlät	<i>adj</i><br><ol><li>sharp</li></ol>
ስልቻ|səlləča	<i>noun</i><br><ol><li>smaller sack or bag of skin</li><li>(figuratively) “sack of”, “bag of” (complaints, worries and the like)</li><li>(not used in Shewa) scrotum</li></ol>
ስልክ|səlk	<i>noun</i><br><ol><li>telephone</li></ol>
ስም|ስምህ|ስሜ|ስምሽ|səm|ስሙን|ስምዎ|ስማችን|ስማችሁ|ስማቸው|ስሟ|ስምን|səme|ስሙ	<i>noun</i><br><ol><li>name</li><li>fame, reputation</li><li>(grammar) noun</li></ol>
ስምህ፡ማን፡ነው|ስምሽ፡ማን፡ነው፧|səməh man näw?|ስምህ፡ማን፡ነው፧|səməš man näw?|ስምሽ፡ማን፡ነው	<i>phrase</i><br><ol><li>What is your name?</li></ol>
ስምንተኛ|səmnətäña	<i>num</i><br><ol><li>eighth (8th)</li></ol>
ስምንት|səmmənt	<i>num</i><br><ol><li>eight</li></ol>
ስር|sər	<i>noun</i><br><ol><li>root</li></ol>
ስንዴ|sənde	<i>noun</i><br><ol><li>wheat (Triticum aestivum)</li></ol>
ስኳር|səkʷar	<i>noun</i><br><ol><li>sugar</li></ol>
ስድስተኛ|sədsətäña	<i>num</i><br><ol><li>sixth (6th)</li></ol>
ስድስት|səddəst	<i>num</i><br><ol><li>six</li></ol>
ስጋ|ስጋዎች|ስጎች|səga	<i>noun</i><br><ol><li>flesh</li><li>meat</li><li>pulp</li></ol>
ስጦታ|səṭota	<i>noun</i><br><ol><li>gift</li></ol>
ስጳንያ|Spanya	<i>name</i><br><ol><li>Spain (a country in Europe)</li></ol>
ስፍር|səfr	<i>num</i><br><ol><li>(archaic) Synonym of ዜሮ (zero)</li></ol>
ስፖርት|səport	<i>noun</i><br><ol><li>sports, sport</li></ol>
ሶማሊ|somali	<i>name</i><br><ol><li>Somalia</li></ol>
ሶስተኛ|sostäña	<i>num</i><br><ol><li>third (3rd)</li></ol>
ሶፍትዌር|softəwer	<i>noun</i><br><ol><li>(computing) software (encoded computer instructions)</li></ol>
ሸለመ|አሸለመ|šällämä|ʾaššällämä	<i>verb</i><br><ol><li>(transitive) to decorate</li><li>(intransitive) to give an award</li><li>(intransitive) to recover from a minor illness</li><li>(intransitive) to get pockmarks on one's face</li><li>(intransitive) to recover from smallpox, but retain pockmarks on one's face</li></ol>
ሸለቆ|šäläqo	<i>noun</i><br><ol><li>valley</li></ol>
ሸሚዝ|šämiz	<i>noun</i><br><ol><li>shirt</li></ol>
ሸረሪት|šärärit	<i>noun</i><br><ol><li>spider</li></ol>
ሸክላ|šäkla	<i>noun</i><br><ol><li>clay</li></ol>
ሺ|ših|ši|ሺህ	<i>num</i><br><ol><li>thousand</li></ol>
ሻል|šal	<i>noun</i><br><ol><li>shawl</li></ol>
ሻይ|ቻይ|čay|šay	<i>noun</i><br><ol><li>tea plant (Camellia sinensis)</li><li>tea (hot beverage made from the tea plant)</li></ol>
ሽላን|šəlan|šəllan	<i>noun</i><br><ol><li>anise (Pimpinella anisum)</li></ol>
ሽል|šəl	<i>noun</i><br><ol><li>fetus, embryo</li><li>conception, gravidation</li></ol>
ሽምብራ|šənbəra|ሽንብራ|šumbəra|šəmbəra|ሹምብራ	<i>noun</i><br><ol><li>chickpea (Cicer arietinum)</li><li>chickpea (the seed of this plant)</li></ol>
ሽታ|šəta	<i>noun</i><br><ol><li>odor, aroma, scent</li></ol>
ሽንት|ሽንትሽ|ሽንታችሁ|ሽንታችን|ሽንትን|ሽንቱ|ሽንቱን|ሽንትህ|ሽንትዎ|ሽንቷ|šənt|ሽንታቸው|ሽንቴ	<i>noun</i><br><ol><li>piss, urine</li></ol>
ሽንት፡ቤት|ሽንት፡ቤቱ|ሽንት፡ቤትን|ሽንት፡ቤቱን|ሽንት፡ቤታቸው|ሽንት፡ቤታችን|ሽንት፡ቤታችሁ|ሽንት፡ቤትህ|ሽንት፡ቤቷ|ሽንት፡ቤትሽ|ሽንት፡ቤቴ|ሽንት፡ቤትዎ|šənt bet	<i>noun</i><br><ol><li>toilet, lavatory</li></ol>
ሽንኩርት|šənkurt	<i>noun</i><br><ol><li>onion</li></ol>
ሽጉጡን፡ጠጣ|šəgguṭun ṭäṭṭa	<i>verb</i><br><ol><li>(intransitive) to commit suicide by shooting oneself in the mouth</li></ol>
ሽጉጥ|ሽጉጧ|ሽጉጥን|ሽጉጡ|ሽጉጡን|šəgguṭ|ሽጉጥህ|ሽጉጥዎ|ሽጉጣችሁ|šəgguṭun|ሽጉጣችን|ሽጉጥሽ|ሽጉጣቸው|ሽጉጤ	<i>noun</i><br><ol><li>handgun, pistol</li><li>flask of liquor</li></ol>
ሾክ|šok	<i>noun</i><br><ol><li>thorn</li></ol>
ቀረበ|ḳärräbä	<i>verb</i><br><ol><li>to be near, to be close, to approach</li></ol>
ቀረጸ|ḳäräṣä	<i>verb</i><br><ol><li>to incise</li></ol>
ቀረፋ|ḳäräfa	<i>noun</i><br><ol><li>cinnamon</li></ol>
ቀስተ ደመና|qästä dämäna	<i>noun</i><br><ol><li>rainbow</li></ol>
ቀስተዳመና|ḳästädamäna	<i>noun</i><br><ol><li>rainbow</li></ol>
ቀበሌ|ḳäbäle	<i>noun</i><br><ol><li>neighborhood</li><li>kebele the smallest administrative unit of Ethiopia, contained within a woreda</li></ol>
ቀን|ḳän	<i>noun</i><br><ol><li>day</li></ol>
ቀንድ|ḳänd	<i>noun</i><br><ol><li>horn</li></ol>
ቀዝቃዛ|ḳäzḳazza	<i>adj</i><br><ol><li>cold</li></ol>
ቀይ|qäy	<i>adj</i><br><ol><li>red</li></ol>
ቀጥታ|ḳäṭta	<i>adj</i><br><ol><li>straight</li></ol>
ቀጭኔ|ḳäč̣ne	<i>noun</i><br><ol><li>giraffe</li></ol>
ቀጭን|ḳäč̣ən	<i>adj</i><br><ol><li>thin</li></ol>
ቁላ|ḳula	<i>noun</i><br><ol><li>(anatomy) penis</li></ol>
ቁራ|qura	<i>noun</i><br><ol><li>crow</li></ol>
ቁንዶ በርበሬ|qundo bärbäre	<i>noun</i><br><ol><li>(black) pepper</li></ol>
ቁጣ|ḳuṭa	<i>noun</i><br><ol><li>anger</li></ol>
ቂንጥር|ቂንጥሬ|ቂንጥራቸው|ቂንጥርን|ቂንጥርህ|ḳinṭər|ቂንጥሯ|ቂንጥርሽ|ቂንጥሩ|ቂንጥርዎ|ቂንጥሩን|ቂንጥራችሁ|ቂንጥራችን	<i>noun</i><br><ol><li>clitoris, vagina</li></ol>
ቃል|ቃላችሁ|ቃልዎ|ቃላችን|ḳal|ቃሉን|ቃልህ|ቃሉ|ቃልን|ቃሌ|ቃሏ|ቃላቸው|ቃልሽ	<i>noun</i><br><ol><li>word</li><li>voice</li><li>sound</li><li>speech</li><li>statement</li><li>expression</li><li>vote</li><li>message</li><li>(Christianity) Word</li></ol>
ቃጥሎ|ḳaṭlo	<i>noun</i><br><ol><li>fire; flame</li></ol>
ቅማል|ḳəmal	<i>noun</i><br><ol><li>louse</li></ol>
ቅርፊት|ḳərfit	<i>noun</i><br><ol><li>bark (of a tree)</li></ol>
ቅንፍዝ|ḳənfəz	<i>noun</i><br><ol><li>porcupine</li><li>hedgehog</li></ol>
ቅዳሜ|qədāme	<i>noun</i><br><ol><li>Saturday</li></ol>
ቅጠል|ḳəṭäl	<i>noun</i><br><ol><li>leaf</li></ol>
ቆርቆሮ|ḳorḳoro	<i>noun</i><br><ol><li>tin (chemical element)</li></ol>
ቆስጣ|qosṭa	<i>noun</i><br><ol><li>spinach</li></ol>
ቆሻሻ|qošaša	<i>adj</i><br><ol><li>dirty</li></ol>
ቆብ|qob	<i>noun</i><br><ol><li>hat</li></ol>
ቆንጆ|qonjo	<i>adj</i><br><ol><li>beautiful</li></ol>
ቆዳ|qoda	<i>noun</i><br><ol><li>skin</li></ol>
ቋንቋ|ḳʷanḳʷa	<i>noun</i><br><ol><li>language</li></ol>
ቍርስ|ḳʷərs|ቁርስ|ḳurs	<i>noun</i><br><ol><li>breakfast</li></ol>
በለስ|bäläs	<i>noun</i><br><ol><li>fig</li><li>prickly pear</li></ol>
በላ|mäblat|bäla|መብላት	<i>verb</i><br><ol><li>to eat</li></ol>
በረሃ|bäräha	<i>noun</i><br><ol><li>desert</li></ol>
በረዶ|bärädo	<i>noun</i><br><ol><li>ice</li></ol>
በሬ|በሬዎ|በሬዬ|በሬዋ|በሬሽ|bäre|በሬው|በሬያቸው|በሬህ|በሬን|በሬያችሁ|በሬውን|በሬያችን	<i>noun</i><br><ol><li>ox, bull (male bovine)</li><li>(figuratively) strong and gentle person</li></ol>
በር|bär	<i>noun</i><br><ol><li>door, gate</li></ol>
በርበሬ|bärbäre	<i>noun</i><br><ol><li>berbere (a spice mixture based on crushed red pepper)</li></ol>
በርኖስ|bärnos	<i>noun</i><br><ol><li>burnoose</li></ol>
በቅሎ|በቅሎች|በቅሎዋን|bäḳlo|በቅሎዋቸው|በቅሎይቱ|በቅሎሽ|በቅሎይቱን|በቅሎዎች|በቅሎውን|በቅሎዬ|በቅሎዎ|በቅሎዋችን|በቅሎይቷ|በቅሎዋችሁ|በቅሎው|በቅሎዋ|በቅሎይቷን|በቅሎን|በቅሎህ	<i>noun</i><br><ol><li>mule</li></ol>
በቆሎ|bäḳolo	<i>noun</i><br><ol><li>maize</li></ol>
በታች|bätač	<i>prep</i><br><ol><li>below</li></ol>
በዳ|bäda	<i>verb</i><br><ol><li>(vulgar slang) to fuck</li></ol>
በገና|በገናይቱን|በገናዎ|በገናዋ|በገናችን|በገናው|በገናሽ|በገናቸው|በገናውን|በገናዬ|በገናይቱ|በገናዋን|በገናይቷ|በገናን|bägäna|በገናችሁ|በገናይቷን|በገናህ	<i>adj</i><br><ol><li>burning with rage</li></ol><br><i>noun</i><br><ol><li>begena (ten-stringed harp)</li></ol>
በገን|bägän	<i>noun</i><br><ol><li>redness of the skin of the legs when one has exposed them to the sun during the wet season</li></ol>
በጠለ|bäṭälä|bäṭṭälä	<i>verb</i><br><ol><li>to twist</li><li>to be spoiled, to be ruined, to be abolished</li></ol>
በጣጢስ|በጣጢሱ|በጣጢስሽ|በጣጢሴ|በጣጢስዎ|በጣጢሱን|በጣጢሷ|በጣጢሳችሁ|በጣጢሳቸው|በጣጢስህ|በጣጢስን|bäṭaṭis|በጣጢሳችን	<i>noun</i><br><ol><li>sweet potato</li></ol>
ቡራኬ|burake|በረከት	<i>noun</i><br><ol><li>blessing</li></ol>
ቡና|bunna	<i>noun</i><br><ol><li>coffee</li></ol>
ቡናይነት|bunaynät	<i>adj</i><br><ol><li>brown</li></ol>
ቡን|bunn	<i>noun</i><br><ol><li>coffee</li></ol>
ቢላዋ|bilawa	<i>noun</i><br><ol><li>knife</li></ol>
ቢምቢ|bimbi	<i>noun</i><br><ol><li>mosquito</li></ol>
ቢራቢሮ|birrabirro	<i>noun</i><br><ol><li>butterfly</li></ol>
ባህር|bahr	<i>noun</i><br><ol><li>sea</li></ol>
ባል|ባልሽ|bal|ባላችን|ባልን|ባልህ|ባልዎ|ባላቸው|ባሏ|ባሉ|ባሉን|ባላችሁ|ባሌ	<i>noun</i><br><ol><li>husband</li><li>master</li><li>festival</li></ol>
ባሕር|baḥr	<i>noun</i><br><ol><li>sea</li></ol>
ባሚያ|bamiya	<i>noun</i><br><ol><li>okra</li></ol>
ባረከ|baräkä	<i>verb</i><br><ol><li>to bless</li></ol>
ባሪያ|bariya	<i>noun</i><br><ol><li>slave.</li></ol>
ባቄላ|baḳela	<i>noun</i><br><ol><li>broad bean (Vicia faba)</li></ol>
ባንዴራ|bandera	<i>noun</i><br><ol><li>flag</li></ol>
ባዶ|bado	<i>adj</i><br><ol><li>empty</li></ol>
ቤተሰብ|betäsäb	<i>noun</i><br><ol><li>immediate family</li></ol>
ቤተ፡ክርስቲያን|ቤተ፡ክርስቲያናችን|betä krəstiyan|ቤተ፡ክርስቲያኗን|ቤተ፡ክርስቲያኒቱ|ቤተ፡ክርስቲያናችሁ|ቤተ፡ክርስቲያኑ|ቤተ፡ክርስቲያኒቷ|ቤተ፡ክርስቲያንሽ|ቤተ፡ክርስቲያናቸው|ቤተ፡ክርስቲያኗ|ቤተ፡ክርስቲያኔ|ቤተ፡ክርስቲያንህ|ቤተ፡ክርስቲያንን|ቤተ፡ክርስቲያኒቱን|ቤተ፡ክርስቲያኒቷን|ቤተ፡ክርስቲያንዎ	<i>noun</i><br><ol><li>church</li></ol>
ቤት|bete|ቤትሽ|ቤቴ|ቤታችሁ|ቤቷ|ቤቱን|ቤትህ|ቤትዎ|ቤታቸው|ቤታችን|bet|ቤቱ|ቤትን	<i>noun</i><br><ol><li>house</li><li>room</li><li>family</li><li>generation</li><li>stall, stable</li><li>verse (of poetry)</li><li>box, sheath</li><li>(grammar) person</li><li>(mathematics) period</li></ol>
ብሄራዊ|bəherawi	<i>adj</i><br><ol><li>national</li></ol>
ብሔረተኝነት	<i>noun</i><br><ol><li>nationalism</li></ol>
ብሔር|ብሔራት|bəḥer	<i>noun</i><br><ol><li>birthplace, homeland, nation</li><li>ethnic group, race, tribe</li></ol>
ብር|bər	<i>noun</i><br><ol><li>silver</li><li>birr (unit of currency)</li></ol>
ብርቱካን|bərtukan	<i>noun</i><br><ol><li>orange (fruit)</li><li>orange (color)</li></ol>
ብርክ|bərk	<i>noun</i><br><ol><li>knee</li></ol>
ብብት|bəbt	<i>noun</i><br><ol><li>armpit</li></ol>
ብቻ|bəčča	<i>adv</i><br><ol><li>only, just, ... alone</li></ol>
ብናኝ|bənañ	<i>noun</i><br><ol><li>snow</li></ol>
ብዕር|bəʿər	<i>noun</i><br><ol><li>pen</li></ol>
ብዙ|bəzu	<i>det</i><br><ol><li>many</li></ol>
ብጒንጅ|bəgʷinǧ	<i>noun</i><br><ol><li>sore, furuncle</li></ol>
ብጫ|ብጫዋን|ብጫይቱ|ብጫይቱን|ቢጫን|ብጫው|ብጫይቷን|ብጫን|ቢጫው|ቢጫይቷ|ብጫውን|ቢጫይቱን|ቢጫውን|bəč̣a|ብጫዋ|ቢጫዋ|ቢጫይቷን|ቢጫዋን|bič̣a|ቢጫይቱ|ብጫይቷ|ቢጫ	<i>adj</i><br><ol><li>yellow</li></ol>
ቧምቧ|bʷambʷa	<i>noun</i><br><ol><li>pipe</li></ol>
ቪዛ|biza|viza|ቢዛ	<i>noun</i><br><ol><li>visa</li></ol>
ቫይረስ|vayräs	<i>noun</i><br><ol><li>virus</li></ol>
ቫዮሊን|vayolin	<i>noun</i><br><ol><li>violin</li></ol>
ተመን|tämän	<i>noun</i><br><ol><li>price, rate by which something is remunerated for obtaining it</li><li>threshold, compass, limit e.g. of age</li><li>snake</li></ol>
ተመኘ|tämäñä	<i>verb</i><br><ol><li>to desire</li><li>to lust</li></ol>
ተማሪ|ተማሪው|ተማሪውን|ተማሪይቷን|tämari|ተማሪይቱ|ተማሪይቱን|ተማሪዎ|ተማሪዋ|ተማሪይቷ|ተማሪያችን|ተማሪህ|ተማሪዋን|ተማሪዬ|ተማሪያቸው|ተማሪያችሁ|ተማሪሽ|ተማሪን	<i>noun</i><br><ol><li>student</li></ol>
ተምር|tämər	<i>noun</i><br><ol><li>date (fruit and tree)</li></ol>
ተረከዝ|täräkäz	<i>noun</i><br><ol><li>heel (of a foot)</li><li>heel (of a shoe)</li><li>heel bone</li></ol>
ተራራ|tärara	<i>noun</i><br><ol><li>mountain</li></ol>
ተንታኝ|ተንታኙ|ተንታኛችሁ|ተንታኝዎ|täntañ|ተንታኝን|ተንታኟን|ተንታኛችን|ተንታኟ|ተንታኚቱ|ተንታኜ|ተንታኚቱን|ተንታኝሽ|ተንታኚቷን|ተንታኝህ|ተንታኚቷ|ተንታኛቸው|ተንታኙን	<i>noun</i><br><ol><li>analyst</li></ol>
ተከፈተ|täkäffätä	<i>verb</i><br><ol><li>(stative) to be opened</li><li>(stative) to be hollow</li><li>(stative) to be uncovered</li><li>(stative) to be turned on</li><li>(intransitive) to open</li></ol>
ቲማቲም|timatim	<i>noun</i><br><ol><li>tomato</li></ol>
ታህሳስ|tahsas	<i>noun</i><br><ol><li>Fourth month of the Ethiopian Calendar,</li><li>December</li></ol>
ታንክ|tank	<i>noun</i><br><ol><li>tank (vehicle).</li></ol>
ቴሌፎን|telefon	<i>noun</i><br><ol><li>telephone</li></ol>
ቴምብር|tembər	<i>noun</i><br><ol><li>(postage) stamp</li></ol>
ትል|təl	<i>noun</i><br><ol><li>worm</li></ol>
ትልቅ|təlləḳ	<i>adj</i><br><ol><li>big, large</li></ol>
ትምባሆ|təmbaho	<i>noun</i><br><ol><li>tobacco</li></ol>
ትራስ|təras	<i>noun</i><br><ol><li>pillow</li></ol>
ትራፊክ|trafik	<i>noun</i><br><ol><li>(vehicular) traffic</li></ol>
ትርንጎ|tərəngo	<i>noun</i><br><ol><li>citron (Citrus medica)</li></ol>
ትናንት|tənant	<i>adv</i><br><ol><li>yesterday</li></ol>
ትናንትና|tənantəna	<i>adv</i><br><ol><li>yesterday</li></ol>
ትንሽ|tənš	<i>adj</i><br><ol><li>small, little</li></ol>
ትንቢት|tənbit	<i>noun</i><br><ol><li>prophecy</li></ol>
ትግርኛ|təgrəñña	<i>noun</i><br><ol><li>The Tigrinya language.</li></ol>
ቺሌ|Chiri	<i>name</i><br><ol><li>Chile (a country in South America)</li></ol>
ቻይ|čay	<i>noun</i><br><ol><li>patient</li><li>endurer</li></ol>
ችግር|čəgər	<i>noun</i><br><ol><li>problem, disturbance</li></ol>
ኀልዮ|ḫälyo	<i>noun</i><br><ol><li>theory.</li></ol>
ኅብረት|ḫəbrät	<i>noun</i><br><ol><li>alliance, union, cooperation, coalition</li></ol>
ኅብር|ḫəbr	<i>noun</i><br><ol><li>combination</li></ol>
ኅዳር|ḫədar	<i>noun</i><br><ol><li>third month of the Ethiopian calendar, equivalent to Hathyr in the Coptic calendar</li><li>November</li></ol>
ነሐሴ|näḥäse	<i>noun</i><br><ol><li>August</li></ol>
ነሕስ|näḥs	<i>noun</i><br><ol><li>copper</li></ol>
ነበረ|näbbärä	<i>verb</i><br><ol><li>(intransitive) to stay</li><li>(intransitive) to sit</li><li>(intransitive) to settle</li><li>(intransitive) to live</li><li>(copulative, past tense) to have been</li></ol>
ነቢት|näbit	<i>noun</i><br><ol><li>wine</li></ol>
ነገ|nägä	<i>adv</i><br><ol><li>tomorrow</li></ol>
ነገር|nägär	<i>noun</i><br><ol><li>thing</li></ol>
ነጭ|näč̣	<i>adj</i><br><ol><li>white</li></ol>
ነጭ ሽንኩርት|näč̣ šənkurt	<i>noun</i><br><ol><li>garlic</li></ol>
ነፃነት|näṣ́anät	<i>noun</i><br><ol><li>liberty, freedom</li></ol>
ነፋ|näffa	<i>verb</i><br><ol><li>to blow</li></ol>
ነፋስ|näfas	<i>noun</i><br><ol><li>wind</li></ol>
ነፍስ|näfs	<i>noun</i><br><ol><li>breath, soul, spirit</li></ol>
ኑዛዜ|ኑዛዜሽ|ኑዛዜውን|ኑዛዜዎ|ኑዛዜያችሁ|ኑዛዜዋ|ኑዛዜን|ኑዛዜያቸው|ኑዛዜው|ኑዛዜህ|ኑዛዜዬ|ኑዛዜያችን|nuzzaze	<i>noun</i><br><ol><li>testament, will</li><li>(Christianity) confession</li></ol>
ናሚቢያ|namibiya	<i>name</i><br><ol><li>Namibia</li></ol>
ንስር|ምስር|məsr|nəsr|nəsər	<i>noun</i><br><ol><li>eagle</li></ol>
ንብ|nəb	<i>noun</i><br><ol><li>bee (insect)</li></ol>
ንጉሥ|ንጉሤ|ንጉሡ|ንጉሣቸው|ንጉሧ|ንጉሦቻቸው|ንጉሦቿ|ንጉሣችን|ንጉሦችዎ|ንጉሦቹ|ንጉሦቼ|ንጉሡን|ንጉሦችሽ|ንጉሥህ|ንጉሦች|ነገሥታት|ንጉሦቻችሁ|nəguśočč|ንጉሥዎ|ንጉሦችህ|ንጉሣችሁ|ንጉሦቻችን|ነገሥት|ንጉሥሽ|ንጉሦችን|ንጉሥን|nəguś|ንጉሦቹን	<i>noun</i><br><ol><li>king, negus</li><li>(chess) king</li></ol>
ንጋት|nəgat	<i>noun</i><br><ol><li>dawn</li></ol>
ንግሥት|ንግሥቴ|ንግሥታችን|ንግሥትሽ|ንግሥቶቼ|ንግሥትን|ንግሥቶችህ|ንግሥቶች|ንግሥቲቷ|ንግሥቲቱን|ንግሥቶችዎ|ንግሥትዎ|ንግሥቶቻቸው|ንግሥቲቷን|ንግሥቷ|ንግሥቶችን|ንግሥቲቱ|ንግሥቶቹ|ንግሥትህ|ንግሥቶችሽ|ንግሥታችሁ|ንግሥታቸው|nəgəśt|ንግሥቱ|ንግሥቶቻችን|ንግሥታት|ንግሥቶቹን|ንግሥቷን|ንግሥቶቻችሁ|ንግሥቶቿ|nəgəśtočč	<i>noun</i><br><ol><li>queen</li><li>(chess) queen</li></ol>
ንፋስ|nəfas	<i>noun</i><br><ol><li>wind</li></ol>
ኖቬምበር|novembär	<i>noun</i><br><ol><li>November</li></ol>
አሁን|ʾähun	<i>adv</i><br><ol><li>now</li></ol>
አህያ|ʾähya	<i>noun</i><br><ol><li>donkey</li></ol>
አለ|ʾälä	<i>verb</i><br><ol><li>to tell</li></ol>
አላህ|ʾälah	<i>name</i><br><ol><li>(Islam) Allah</li></ol>
አልማዝ|ʾälmaz	<i>noun</i><br><ol><li>diamond</li></ol>
አልቦ|አልቦዋ|አልቦዎ|አልቦዋችን|አልቦህ|አልቦዋችሁ|አልቦዬ|አልቦን|አልቦሽ|አልቦዋቸው|አልቦው|ʾalbo|አልቦውን	<i>noun</i><br><ol><li>bead</li><li>woman's anklet made of beads</li><li>mule's necklet made of beads</li></ol><br><i>num</i><br><ol><li>(rare) Synonym of ዜሮ (zero)</li></ol>
አልጋ|ʾälga	<i>noun</i><br><ol><li>bed</li></ol>
አመት|አመታችን|አመቶች|አመቱን|አመታቸው|አመቷን|አመቴ|አመታችሁ|አመቲቷ|አመቲቱ|አመቷ|አመትዎ|አመቱ|አመት|አመታት|አመቲቷን|አመትሽ|ʾamät|አመትን|አመቲቱን|አመትህ	<i>noun</i><br><ol><li>(rare) handmaid, female slave</li></ol>
አመነ|ʾämänä	<i>verb</i><br><ol><li>to believe</li></ol>
አመድ|amäd	<i>noun</i><br><ol><li>ash</li></ol>
አማርኛ|ʾämarəñña	<i>noun</i><br><ol><li>Amharic language</li></ol>
አምላክ|ʾämlak	<i>noun</i><br><ol><li>god</li></ol>
አምሳ|ʾamsa	<i>num</i><br><ol><li>fifty</li></ol>
አምሳግር|ʾamsagər	<i>noun</i><br><ol><li>centipede</li></ol>
አምሳ፡እግር|ʾamsa ʾəgər	<i>noun</i><br><ol><li>Synonym of አምሳግር (ʾamsagər)</li></ol>
አምስተኛ|ʾämsətäña	<i>num</i><br><ol><li>fifth (5th)</li></ol>
አምስት|ʾamməst	<i>num</i><br><ol><li>five</li></ol>
አሞሌ|ʾämole	<i>noun</i><br><ol><li>bar (rigid object)</li><li>(historical) bar of salt used as currency</li></ol>
አሞት|ʾämot	<i>noun</i><br><ol><li>bile</li></ol>
አሥራራት|ʿaśraratt	<i>num</i><br><ol><li>Contraction of ዐሥራ፡አራት (ʿaśra ʾaratt).</li></ol>
አረም|ʾäräm	<i>noun</i><br><ol><li>weed</li></ol>
አረሰ|ʾarräsä	<i>verb</i><br><ol><li>(transitive) to plough, to farm</li><li>(transitive) to take care of one's parturient wife</li></ol>
አረቂ|ʾäräḳi	<i>noun</i><br><ol><li>liquor, alcoholic beverage, schnapps, vodka</li></ol>
አረንጓዴ|ʾärängʷade	<i>adj</i><br><ol><li>green</li></ol>
አራ|ʾära	<i>verb</i><br><ol><li>to poop, to shit</li></ol>
አራተኛ|ʾäratäña	<i>num</i><br><ol><li>fourth (4th)</li></ol>
አራት|ʾaratt	<i>num</i><br><ol><li>four</li></ol>
አርሜንኛ|አርመንኛሽ|አርመንኛውን|አርሜንኛዋ|አርሜንኛን|አርመንኛዎ|አርመንኛቸው|አርመንኛ|አርመንኛህ|አርመንኛዬ|አርሜንኛሽ|ʾarmenəñña|አርሜንኛው|ʾarmänəñña|አርሜንኛውን|አርሜንኛችሁ|አርሜንኛቸው|አርሜንኛህ|አርመንኛችሁ|አርመንኛዋ|አርመንኛን|አርሜንኛዎ|አርሜንኛዬ|አርመንኛችን|አርሜንኛችን|አርመንኛው	<i>noun</i><br><ol><li>Armenian language</li></ol>
አርበኛ|ʾärbäñña	<i>noun</i><br><ol><li>patriot, partisan</li></ol>
አርባ|ʾarba	<i>num</i><br><ol><li>forty</li></ol>
አሮጌ|aroge	<i>adj</i><br><ol><li>old</li></ol>
አሳ|asa	<i>noun</i><br><ol><li>fish</li></ol>
አስረኛ|ʾäsräña	<i>num</i><br><ol><li>tenth (10th)</li></ol>
አስራአንድ|ʾäsra ʾänd	<i>num</i><br><ol><li>eleven</li></ol>
አስተማሪ|አስተማሪያችን|አስተማሪውን|አስተማሪይቱን|አስተማሪሽ|አስተማሪዬ|ʾastämari|አስተማሪዋ|አስተማሪዎ|አስተማሪዋን|አስተማሪያችሁ|አስተማሪያቸው|አስተማሪህ|አስተማሪው|አስተማሪይቷን|አስተማሪይቱ|አስተማሪን|አስተማሪይቷ	<i>noun</i><br><ol><li>teacher</li></ol>
አስኳል|ʾäskʷal	<i>noun</i><br><ol><li>yolk</li><li>nucleolus</li></ol>
አሸዋ|ašäwa	<i>noun</i><br><ol><li>sand</li></ol>
አሽዋ|ʾäšwa	<i>noun</i><br><ol><li>sand</li></ol>
አበባ|ăbäba	<i>noun</i><br><ol><li>flower</li></ol>
አቡነ|abunä	<i>noun</i><br><ol><li>bishop</li></ol>
አባት|ʾabbat	<i>noun</i><br><ol><li>father</li><li>ancestor</li></ol>
አባጨጓሬ|ʾäbač̣ägʷare	<i>noun</i><br><ol><li>caterpillar</li></ol>
አቧራ|ʾäbʷara	<i>noun</i><br><ol><li>dust</li></ol>
አናናስ|ʾänanas	<i>noun</i><br><ol><li>pineapple (fruit)</li></ol>
አንሶላ|ʾänsola	<i>noun</i><br><ol><li>sheet, bedsheet</li></ol>
አንቄ|ʾänəḳḳe|ʾänḳe	<i>noun</i><br><ol><li>hawk</li></ol>
አንበሳ|ʾambässa|አምበሳ|ʾanbässa|አንብስት	<i>noun</i><br><ol><li>lion (Panthera leo)</li></ol>
አንተ|ʾantä	<i>pron</i><br><ol><li>thou, you (singular)</li></ol>
አንቱ|ʾantu	<i>pron</i><br><ol><li>(rare) Synonym of እስዎ (ʾəssəwo)</li></ol>
አንቺ|ʾanči	<i>pron</i><br><ol><li>thou, you (singular)</li></ol>
አንደኛ|ʾändäña	<i>num</i><br><ol><li>first (1st)</li></ol>
አንድ|ʾandit|ʾand|አንዲት	<i>num</i><br><ol><li>one</li></ol>
አንጀባ|ʾanǧäbba	<i>noun</i><br><ol><li>boastful but inane speech, mumbo jumbo</li></ol>
አንገት|ʾängät	<i>noun</i><br><ol><li>neck</li></ol>
አንጎል|ʾängol	<i>noun</i><br><ol><li>brain</li></ol>
አክሊል|አክሊላት|ʾäklil	<i>noun</i><br><ol><li>crown</li><li>aureole</li></ol><br><i>name</i><br><ol><li>the Gurage Zone</li></ol>
አክስት|ʾäksət	<i>noun</i><br><ol><li>aunt</li></ol>
አኮርዲዮን|ʾäkordiyon	<i>noun</i><br><ol><li>accordion</li></ol>
አውራ ዶሮ|ʾäwra doro	<i>noun</i><br><ol><li>rooster</li></ol>
አውሬ|awre	<i>noun</i><br><ol><li>beast, wild animal</li></ol>
አውሮፓ|ʾäwropa	<i>name</i><br><ol><li>Europe</li></ol>
አውሮፕላን|awroplan	<i>noun</i><br><ol><li>airplane</li></ol>
አውስትራልያ|ʾäwsətralya	<i>name</i><br><ol><li>Australia (a continent and country in Oceania)</li></ol>
አዘን|ʾäzän	<i>noun</i><br><ol><li>regret, sorrow, repentance, affliction, sorrow</li></ol>
አየር|ʾäyär	<i>noun</i><br><ol><li>air</li></ol>
አያት|ʾäyat	<i>noun</i><br><ol><li>grandfather</li></ol>
አይብ|ʾäyb	<i>noun</i><br><ol><li>cheese</li></ol>
አይጥ|ʾäyṭ	<i>noun</i><br><ol><li>mouse</li></ol>
አደሰ|ʾaddäsä	<i>verb</i><br><ol><li>to be new</li><li>to renew</li></ol>
አደገኛ|ʾädägäña	<i>adj</i><br><ol><li>dangerous</li></ol>
አዲስ|ʾäddis|addis|ሐጅስ|ሐዲስ|äǧǧəs	<i>adj</i><br><ol><li>new</li></ol>
አዲስ አበባ|ʾäddis ʾäbäba	<i>name</i><br><ol><li>Addis Ababa (the capital city of Ethiopia)</li></ol>
አዶ|ʾädo	<i>noun</i><br><ol><li>(computing) icon</li></ol>
አገራት|ʾägärat	<i>noun</i><br><ol><li>state</li></ol>
አገር|ʾägär	<i>noun</i><br><ol><li>country, district, region</li></ol>
አግዓዘን|ʾägʿazän	<i>noun</i><br><ol><li>greater kudu (Tragelaphus strepsiceros)</li></ol>
አጥር|ʾäṭr	<i>noun</i><br><ol><li>fence</li></ol>
አጥንት|ʾäṭnət	<i>noun</i><br><ol><li>bone</li></ol>
አጭር|ač̣ər	<i>adj</i><br><ol><li>short</li></ol>
አፈረ|ʾäfärä	<i>verb</i><br><ol><li>to be ashamed</li></ol>
አፈር|ʾäfär	<i>noun</i><br><ol><li>clay, dust</li></ol>
አፍ|ʾäf	<i>noun</i><br><ol><li>mouth</li></ol>
አፍንጫ|አፍንጫዎ|አፍንጫህ|አፍንጫቸው|አፍንጫዋ|አፍንጫውን|አፍንጫሽ|አፍንጫዬ|አፍንጫው|አፍንጫችሁ|አፍንጫችን|ʾafənč̣a|አፍንጫን	<i>noun</i><br><ol><li>nose, nostril</li></ol>
ኡነት|ʾunät	<i>noun</i><br><ol><li>truth</li></ol>
ኢትዮጵያ|ʾityop̣p̣ya	<i>name</i><br><ol><li>Ethiopia (a country in East Africa)</li></ol>
ኢንተርኔት|intärnet	<i>noun</i><br><ol><li>internet</li></ol>
ኣልጋ|ʼalga	<i>noun</i><br><ol><li>bed</li></ol>
ኣከስት|ʼakäst	<i>noun</i><br><ol><li>aunt</li></ol>
ኣጎት|ʼagot	<i>noun</i><br><ol><li>uncle</li></ol>
ኤሌክትሪክ|elektrik	<i>noun</i><br><ol><li>electricity</li></ol><br><i>adj</i><br><ol><li>electric</li></ol>
ኤርትራ|ʾertra	<i>name</i><br><ol><li>Eritrea (a country in East Africa)</li></ol>
ኤስቶኒያ|ʾestoniya	<i>name</i><br><ol><li>Estonia</li></ol>
ኤፕሪል|ʾepril	<i>noun</i><br><ol><li>April</li></ol>
እህል|əhəl	<i>noun</i><br><ol><li>grain</li></ol>
እህት|ʼəhət	<i>noun</i><br><ol><li>sister</li></ol>
እልም	<i>noun</i><br><ol><li>dream, vision</li></ol>
እሑድ|ʾəḥud	<i>noun</i><br><ol><li>Sunday</li></ol>
እምስ|እምስህ|እምስሽ|እምሷ|እምሱ|እምሴ|እምሳቸው|እምስን|ʾəms|እምሳችን|እምሳችሁ|እምሱን|እምስዎ	<i>noun</i><br><ol><li>vagina, vulva</li><li>(slang) pussy</li></ol>
እራስ|እራሳችን|እራሴ|እራሳችሁ|እራስሽ|ʾəras|እራሷ|እራስህ|እራሳቸው|እራሱ|እራስን|እራሱን|እራስዎ	<i>noun</i><br><ol><li>Prothetic form of ራስ (ras)</li></ol>
እራብ|ʾərab	<i>noun</i><br><ol><li>Prothetic form of ራብ (rab)</li></ol>
እርቃን|ʾərḳan	<i>adj</i><br><ol><li>naked</li></ol>
እርዳታ|ʾərdata	<i>noun</i><br><ol><li>help</li></ol>
እርድ|ʾərd	<i>noun</i><br><ol><li>turmeric</li><li>saffron</li><li>slaughtered beast</li><li>slaughter of a beast</li><li>stronghold, trench</li></ol>
እርጎ|ʼərgo	<i>noun</i><br><ol><li>yogurt</li></ol>
እሮብ|ʾərob	<i>noun</i><br><ol><li>Prothetic form of ሮብ (rob)</li></ol>
እሱ|እርሱ|ʾəssu|ʾərsu	<i>pron</i><br><ol><li>he</li></ol>
እሳተ ጎመራ|ʼəsatä gomära	<i>noun</i><br><ol><li>volcano</li></ol>
እሳት|ʾəsat	<i>noun</i><br><ol><li>fire</li><li>(figuratively) clever person</li></ol>
እሳቸው|እርሳቸው|ʾəssaččäw|ʾərsaččäw	<i>pron</i><br><ol><li>He, She (formal)</li></ol>
እሴት|ʾəset	<i>noun</i><br><ol><li>Prothetic form of ሴት (set)</li></ol>
እስላማዊ|ʾəslamawi	<i>noun</i><br><ol><li>(Islam) Muslim.</li></ol>
እስልምና|ʾəsləmna	<i>name</i><br><ol><li>(Islam) Islam</li></ol>
እስስት|əsəst	<i>noun</i><br><ol><li>chameleon</li><li>The constellation Chamaeleon</li></ol>
እስትንፋስ|እስትንፋሴ|እስትንፋሷ|እስትንፋስህ|እስትንፋስን|እስትንፋስዎ|እስትንፋስሽ|እስትንፋሱን|እስትንፋሳችሁ|እስትንፋሱ|እስትንፋሳችን|እስትንፋሳቸው|ʾəstənfas	<i>noun</i><br><ol><li>breath</li></ol>
እስዎ|ʾərsəwo|እርስዎ|ʾəssəwo	<i>pron</i><br><ol><li>You (formal)</li></ol>
እሷ|ʾərsʷa|እርሷ|ʾəssʷa	<i>pron</i><br><ol><li>she</li></ol>
እሾህ|ʾəšoh	<i>noun</i><br><ol><li>thorn</li></ol>
እሾክ|ʾəšok	<i>noun</i><br><ol><li>Prothetic form of ሾክ (šok)</li></ol>
እባብ|ʾəbab|ḥəbab|ሕባብ	<i>noun</i><br><ol><li>snake</li></ol>
እባት|ʼəbat	<i>noun</i><br><ol><li>father</li></ol>
እኅት|ʾəḫət|እኅቶች|እት|እቶች|እትማማች|እኅትማማች|ʾət	<i>noun</i><br><ol><li>sister</li></ol>
እነሱ|እነርሱ|ʾǝnnärsu|ʾǝnnässu	<i>pron</i><br><ol><li>they</li></ol>
እነዚህ|ʾənnäzzih	<i>det</i><br><ol><li>these (plural)</li></ol><br><i>pron</i><br><ol><li>these (plural)</li></ol>
እነዚያ|ʾənnäzziya	<i>det</i><br><ol><li>those (plural)</li></ol><br><i>pron</i><br><ol><li>those (plural)</li></ol>
እናት|ʼənnat	<i>noun</i><br><ol><li>mother</li><li>original, source</li></ol>
እናንተ|ʾənnantä	<i>pron</i><br><ol><li>ye, you (plural)</li></ol>
እናንት|ʾənnantə	<i>pron</i><br><ol><li>(rare) Alternative form of እናንተ (ʾənnantä)</li></ol>
እኔ|ʾəne	<i>pron</i><br><ol><li>I</li></ol>
እንስሳ|ənsəsa	<i>noun</i><br><ol><li>animal</li></ol>
እንሽላሊት|ʾənšəlalit	<i>noun</i><br><ol><li>lizard</li></ol>
እንቁላል|ənḳulal	<i>noun</i><br><ol><li>egg</li></ol>
እንቁራሪት|ʾənḳurarit	<i>noun</i><br><ol><li>frog</li></ol>
እንቆቅልሽ|ʾənḳoḳləš	<i>noun</i><br><ol><li>riddle</li></ol>
እንባ|ʾənba	<i>noun</i><br><ol><li>tear (eye)</li></ol>
እንብርት|ʾənbərt	<i>noun</i><br><ol><li>navel</li></ol>
እንኰይ|ʾənkoy|ʾənkʷäy|እንኮይ	<i>noun</i><br><ol><li>mountain plum (Ximenia americana)</li></ol>
እንዴት|ʾəndet	<i>pron</i><br><ol><li>how (interrogative pronoun)</li></ol>
እንጀራ|ʾənǧära	<i>noun</i><br><ol><li>injera</li></ol>
እንግሊዝኛ፡ትችላለህ|እንግሊዝኛ፡ትችያለሽ፧|እንግሊዝኛ፡ይችላሉ|ʾənglizəñña təčəyalläš?|ʾənglizəñña yəčəlallu?|እንግሊዝኛ፡ይችላሉ፧|እንግሊዝኛ፡ትችላለህ፧|እንግሊዝኛ፡ትችያለሽ|ʾənglizəñña təčəlalläh?	<i>phrase</i><br><ol><li>do you speak English?</li></ol>
እንግዳ|ʾəngəda	<i>noun</i><br><ol><li>guest</li></ol>
እንጨት|ʾənč̣ät	<i>noun</i><br><ol><li>wood</li></ol>
እኛ|ʾǝñña	<i>pron</i><br><ol><li>we</li></ol>
እዛብ|ʾəzab	<i>noun</i><br><ol><li>reins, made of braided leather</li></ol>
እጅ|ʾəǧǧ	<i>noun</i><br><ol><li>arm, hand</li><li>(figuratively) power</li><li>(figuratively) authority</li></ol>
እግረኛ|እግረኛይቱ|እግረኛህ|እግረኛሽ|እግረኛዬ|እግረኛዋ|እግረኛይቷ|እግረኛዋን|እግረኛን|እግረኛቸው|እግረኛችሁ|እግረኛውን|እግረኛዎ|እግረኛይቱን|ʾəgräñña|እግረኛችን|እግረኛይቷን|እግረኛው	<i>noun</i><br><ol><li>pedestrian</li><li>foot soldier</li></ol>
እግር|እግራቸው|እግርሽ|እግርህ|ʾəgər|እግራችሁ|እግሩ|እግሯ|እግራችን|እግርዎ|እግሬ|እግሩን|እግርን	<i>noun</i><br><ol><li>leg, foot</li><li>stem, stalk</li><li>wheel (of a vehicle)</li></ol>
እግር ኳስ|ʾəgr kʷas	<i>noun</i><br><ol><li>football, soccer</li></ol>
እግርጌ|ʾəgərge	<i>noun</i><br><ol><li>foot of a bed</li></ol>
እጡብ|ʾəṭub	<i>noun</i><br><ol><li>Prothetic form of ጡብ (ṭub)</li></ol>
እጥር|əṭr|əṭṭər	<i>adj</i><br><ol><li>fenced, enclosed in a hedge etc.</li><li>concise, terse, succinct (of the style of someone’s language)</li></ol>
ኦሃዮ|ʾohayo	<i>name</i><br><ol><li>Ohio</li></ol>
ኦክቶበር|ʾoktobär	<i>noun</i><br><ol><li>October</li></ol>
ኦገስት|ʾogäst	<i>noun</i><br><ol><li>August</li></ol>
ከልብ|kälb	<i>noun</i><br><ol><li>dog</li></ol>
ከሎታ|kälota	<i>noun</i><br><ol><li>cloth cap or skullcap</li></ol>
ከሰረት|ከሰረቷ|ከሰረቱን|ከሰረታችን|ከሰረትዎ|ከሰረታቸው|ከሰረቴ|ከሰረታችሁ|käsärät|ከሰረትን|ከሰረቱ|ከሰረትህ|ከሰረትሽ	<i>noun</i><br><ol><li>basil (plant of the genus Ocimum)</li></ol>
ከበሮ|käbäro	<i>noun</i><br><ol><li>drum, timbrel</li></ol>
ከተማ|kätäma	<i>noun</i><br><ol><li>military camp, garrison, cantonment</li><li>city, town</li></ol>
ከተበ|kättäbä	<i>verb</i><br><ol><li>to write, to jot down</li><li>to make an amulet with writing on it</li><li>to incise, to scratch, to prick</li><li>(horticulture) to inoculate, to graft</li><li>to vaccinate, to jab</li><li>(obsolete) to draft, to enlist, to enroll (soldiers or students)</li></ol>
ከታተበ|kätattäbä	<i>verb</i><br><ol><li>to write much or repeatedly</li><li>to scribble, to scrawl</li></ol>
ከፈተ|käffätä	<i>verb</i><br><ol><li>(transitive) to open</li><li>(transitive) to unlock</li><li>(transitive) to turn on</li><li>(transitive) to reveal</li><li>(transitive) to explain</li><li>(transitive) to subjugate</li><li>(intransitive, of weather) to clear up</li><li>(intransitive, of colours) to brighten</li></ol>
ኩራት|kurat	<i>noun</i><br><ol><li>pride</li></ol>
ኪሩብ|kirub	<i>noun</i><br><ol><li>cherub</li></ol>
ኪስ|kis	<i>noun</i><br><ol><li>pocket</li></ol>
ኪያር|kiyar	<i>noun</i><br><ol><li>cucumber</li></ol>
ካርታ|karta	<i>noun</i><br><ol><li>map</li></ol>
ክረምት|kərämt|krämt	<i>noun</i><br><ol><li>rainy season</li></ol>
ክራር|kərar	<i>noun</i><br><ol><li>krar, a type of lyre native to Ethiopia</li></ol>
ክርስትና|krəstənna	<i>noun</i><br><ol><li>Christianity</li><li>baptism, christening</li></ol>
ክሮኤሽያ|kəroʾešya	<i>name</i><br><ol><li>Croatia</li></ol>
ክብ|kəb	<i>adj</i><br><ol><li>round</li></ol>
ክብር|ክብርህ|ክብራችሁ|ክብርዎ|ክብራችን|ክብሩ|ክብሯ|ክብርን|ክብርሽ|ክብሩን|ክብራቸው|ክብሬ|kəbər|kəbr	<i>noun</i><br><ol><li>respect</li><li>honour, dignity</li></ol>
ክታብ|kətab	<i>noun</i><br><ol><li>amulet, talisman, fetish, charm particularly wrapped in parchment or with medicinal herbs</li><li>book, document</li></ol>
ክንድ|kənd	<i>noun</i><br><ol><li>arm</li></ol>
ኮረንቲ|koränti	<i>noun</i><br><ol><li>electricity</li></ol>
ኮሪቻ|koriča	<i>noun</i><br><ol><li>saddle</li></ol>
ኮር|kor	<i>noun</i><br><ol><li>saddle</li></ol>
ኮከብ|kokäb	<i>noun</i><br><ol><li>star</li></ol>
ኮክ|kok	<i>noun</i><br><ol><li>peach</li></ol>
ኳሰ|kʷasä	<i>verb</i><br><ol><li>(intransitive) to jump</li><li>(intransitive) to bounce</li></ol>
ኳስ|kʷas	<i>noun</i><br><ol><li>ball</li></ol>
ወምበር|wämbär|ወንበር|wänbär	<i>noun</i><br><ol><li>chair, seat</li></ol>
ወረቀት|wäräḳät	<i>noun</i><br><ol><li>paper</li></ol>
ወረዳ|wäräda	<i>noun</i><br><ol><li>woreda, an administrative division in Ethiopia</li></ol>
ወር|wär	<i>noun</i><br><ol><li>month</li></ol>
ወርቅ|wärḳ	<i>noun</i><br><ol><li>gold</li></ol>
ወተት|wätät	<i>noun</i><br><ol><li>milk</li></ol>
ወንዝ|wänz	<i>noun</i><br><ol><li>river</li></ol>
ወንድም|ወንድምህ|ወንድማችሁ|ወንድማችን|ወንድምዬህ|ወንድምዬውን|ወንድምዬያችን|ወንድምዬያችሁ|ወንድምዬዋ|ወንድምዬያቸው|ወንድምዬው|ወንድምዬዎ|ወንድምዬን|ወንድሜ|ወንድማቸው|ወንድምሽ|ወንድምዬዬ|ወንድሟ|wändəmm|ወንድምዬሽ|ወንድምዎ|ወንድሙ|ወንድምዬ|wändəmməyye	<i>noun</i><br><ol><li>brother</li><li>(male) cousin</li><li>(male) second cousin</li></ol>
ወንጌል|wängel	<i>noun</i><br><ol><li>gospel</li></ol>
ወይም|wäym	<i>conj</i><br><ol><li>or</li></ol>
ወይራ|wayrā	<i>noun</i><br><ol><li>wild olive, brown olive (Olea europaea subsp. cuspidata)</li></ol>
ወይን|wäyn	<i>noun</i><br><ol><li>grape</li></ol>
ወይፈን|ወይፈኑ|ወይፈንህ|ወይፈኑን|ወይፈንሽ|ወይፈንን|ወይፈኔ|ወይፈናችን|ወይፈኗ|ወይፈናችሁ|wäyfän|ወይፈናቸው|ወይፈንዎ	<i>noun</i><br><ol><li>bullet (bull of about 2-3 years)</li></ol>
ወፍ|wäf	<i>noun</i><br><ol><li>bird</li></ol>
ወፍራም|wäfram	<i>adj</i><br><ol><li>thick</li></ol>
ወፍጮ|wäfč̣o	<i>noun</i><br><ol><li>mill</li></ol>
ዉሻ|wuša	<i>noun</i><br><ol><li>dog</li></ol>
ዊኪፔዲያ|wikipēdiyā	<i>name</i><br><ol><li>Wikipedia</li></ol>
ዋሊያ|waliya	<i>noun</i><br><ol><li>an antelope or mountain goat such as the Walia ibex</li></ol>
ዋሻ|waša	<i>noun</i><br><ol><li>cave</li></ol>
ዋና|wana|wanna	<i>noun</i><br><ol><li>master</li><li>chief, head</li><li>original (of a written document)</li><li>swimming, swim</li></ol>
ዋንዛ|wānzā	<i>noun</i><br><ol><li>large-leafed cordia（Cordia africana, syn. C. abyssinica)</li></ol>
ውሃ|wəha	<i>noun</i><br><ol><li>water.</li></ol>
ውሻ|ውሻዋን|ውሻዎቹን|wəššawočč|ውሾቻችሁ|wəšša|ውሻዎች|ውሻዎችን|ውሾቻችን|ውሻው|ውሻችሁ|ውሾቹን|ውሾችህ|ውሻቸው|wəššočč|ውሻይቱን|ውሾቿ|ውሾችሽ|ውሻዎቻችሁ|ውሻዎችሽ|ውሻዎቹ|ውሻዎችዎ|ውሾችዎ|ውሻይቱ|ውሻዎቿ|ውሾቼ|ውሻሽ|ውሻዎቼ|ውሻውን|ውሻዎቻቸው|ውሻዎችህ|ውሾች|ውሾቹ|ውሾችን|ውሻዬ|ውሻዎቻችን|ውሾቻቸው|ውሻህ|ውሻችን|ውሻይቷ|ውሻይቷን|ውሻን|ውሻዎ|ውሻዋ	<i>noun</i><br><ol><li>dog</li></ol>
ውኃ|wəḫa	<i>noun</i><br><ol><li>water.</li></ol>
ውጭ|wəč̣č̣	<i>noun</i><br><ol><li>exterior, outside</li><li>outside, outdoors</li><li>abroad</li></ol><br><i>postp</i><br><ol><li>outwith, exterior to</li></ol>
ዐምባ|ʿämba	<i>noun</i><br><ol><li>amba (flat-topped hill)</li></ol>
ዐሥራ|ʿaśra|ʾasra|አስራ	<i>num</i><br><ol><li>Used to form cardinal numbers from 11 to 19: -teen</li></ol>
ዐሥራ ሁለት|ʾäsra hulät	<i>num</i><br><ol><li>twelve (12)</li></ol>
ዐሥራምስት|ʿaśramməst	<i>num</i><br><ol><li>Contraction of ዐሥራ፡አምስት (ʿaśra ʾamməst).</li></ol>
ዐሥራንድ|ʿaśrand	<i>num</i><br><ol><li>Contraction of ዐሥራ፡አንድ (ʿaśra ʾand).</li></ol>
ዐሥራ፡ሁለት|አስራ፡ሁለት|ʾasra hulätt|ʿaśra hulätt	<i>num</i><br><ol><li>twelve</li></ol>
ዐሥራ፡ሦስት|ʿaśra śost|ʾasra sost|አስራ፡ሶስት	<i>num</i><br><ol><li>thirteen</li></ol>
ዐሥራ፡ሰባት|አስራ፡ሰባት|ʿaśra säbatt|ʾasra säbatt	<i>num</i><br><ol><li>seventeen</li></ol>
ዐሥራ፡ስምንት|ʾasra səmmənt|ʿaśra səmmənt|አስራ፡ስምንት	<i>num</i><br><ol><li>eighteen</li></ol>
ዐሥራ፡ስድስት|ʿaśra səddəst|ʾasra səddəst|አስራ፡ስድስት	<i>num</i><br><ol><li>sixteen</li></ol>
ዐሥራ፡አምስት|ʾasra ʾamməst|አስራ፡አምስት|ʿaśra ʾamməst	<i>num</i><br><ol><li>fifteen</li></ol>
ዐሥራ፡አራት|አስራ፡አራት|ʾasra ʾaratt|ʿaśra ʾaratt	<i>num</i><br><ol><li>fourteen</li></ol>
ዐሥራ፡አንድ|ʿaśra ʾand|ʾasra ʾand|አስራ፡አንድ	<i>num</i><br><ol><li>eleven</li></ol>
ዐሥራ፡ዘጠኝ|ʾasra zäṭäññ|አስራ፡ዘጠኝ|ʿaśra zäṭäññ	<i>num</i><br><ol><li>nineteen</li></ol>
ዐሥር|ʿaśśər|አስር|ʾassər	<i>num</i><br><ol><li>ten</li></ol>
ዐባይ|ʿäbbay	<i>name</i><br><ol><li>Blue Nile (a river in Africa)</li></ol>
ዐይን|ʿäyn	<i>noun</i><br><ol><li>eye</li></ol>
ዐጨደ|ʿäč̣č̣ädä	<i>verb</i><br><ol><li>to reap, to crop</li></ol>
ዓለም|አለም|ʾäläm|ʿaläm	<i>noun</i><br><ol><li>universe, world</li></ol>
ዓመት|አመታችን|አመቶች|ዓመቱን|ዐመትህ|አመቱን|ʿamät|ዓመቶች|አመታቸው|አመቷን|አመቴ|አመታችሁ|ዓመታችሁ|ዐመቱ|ዐመት|አመቲቷ|ዓመቷ|ዓመትሽ|ዓመታችን|ዓመቱ|ዓመትህ|ዓመታት|ዓመትን|አመቲቱ|ዐመቶች|አመቷ|ዐመቴ|አመትዎ|አመቱ|ዓመቴ|አመት|አመቲቷን|አመታት|ዐመቷ|ዐመታችን|አመትሽ|ዐመታቸው|ዓመትዎ|ዐመትን|ዐመታችሁ|ʾamät|ዐመቱን|አመትህ|ዐመትዎ|ዐመትሽ|አመቲቱን|አመትን|ዐመታት|ዓመታቸው	<i>noun</i><br><ol><li>year</li></ol>
ዓሣ|ʿaśa	<i>noun</i><br><ol><li>fish</li></ol>
ዓርብ|‘ārb	<i>noun</i><br><ol><li>Friday</li></ol>
ዓዋቂ|ʿawaḳi	<i>noun</i><br><ol><li>expert, specialist, professional</li><li>(computing) wizard</li></ol>
ዕርድ|ʿərd	<i>noun</i><br><ol><li>fortified camp, fort</li></ol>
ዕንጨት|ʿənč̣ät	<i>noun</i><br><ol><li>wood, timber</li><li>peg, stake</li><li>pole</li></ol>
ዕጣን|ʿəṭan	<i>noun</i><br><ol><li>incense</li></ol>
ዕጥር|əṭr|እጥር	<i>noun</i><br><ol><li>perfume, odorament</li></ol>
ዘመተ|zämmätä|ʾazzämmätä|አዘመተ	<i>verb</i><br><ol><li>(intransitive) to go on campaign</li><li>(intransitive) to raid</li><li>(intransitive) to go on an expedition</li><li>(intransitive, of disease) to spread</li><li>(intransitive, of birds) to migrate</li><li>(intransitive, of vines) to spread over the ground</li></ol>
ዘመናዊ|zämänawi	<i>adj</i><br><ol><li>modern</li></ol>
ዘመን|ዘበን|zämän|zäbän	<i>noun</i><br><ol><li>time, period</li><li>era</li></ol>
ዘር|zär	<i>noun</i><br><ol><li>seed</li></ol>
ዘነዘና|zänäzäna|ዘነዘናውን|ዘነዘናው|ዘነዘናቸው|ዘነዘናሽ|ዘነዘናህ|ዘነዘናዋ|ዘነዘናችሁ|ዘነዘናን|ዘነዘናችን|ዘነዘናዎ|ዘነዘናዬ	<i>noun</i><br><ol><li>pestle</li></ol>
ዘውድ|zäwd	<i>noun</i><br><ol><li>crown</li></ol>
ዘይት|zäyt	<i>noun</i><br><ol><li>oil</li></ol>
ዘጠነኛ|zäṭänäña	<i>num</i><br><ol><li>ninth (9th)</li></ol>
ዘጠና|zäṭäna	<i>num</i><br><ol><li>ninety</li></ol>
ዘጠኝ|zäṭäññ	<i>num</i><br><ol><li>nine</li></ol>
ዛሬ|zare	<i>adv</i><br><ol><li>today</li></ol>
ዛብ|zab	<i>noun</i><br><ol><li>Aphetic form of እዛብ (ʾəzab)</li></ol>
ዛፍ|zaf	<i>noun</i><br><ol><li>tree</li></ol>
ዜሮ|zero	<i>num</i><br><ol><li>zero</li></ol>
ዝሆን|zəhon	<i>noun</i><br><ol><li>elephant</li></ol>
ዝምብ|ዝንብ|zənb|zəmb	<i>noun</i><br><ol><li>fly</li></ol>
ዝናብ|zənab	<i>noun</i><br><ol><li>rain</li></ol>
ዝንጀሮ|zənjäro	<i>noun</i><br><ol><li>monkey</li></ol>
ዝንጅብል|zənǧəbəl	<i>noun</i><br><ol><li>ginger</li></ol>
ዝይ|zəy	<i>noun</i><br><ol><li>goose</li></ol>
ዝግጁ|zegeju	<i>adj</i><br><ol><li>ready</li></ol>
ዝፍት|zəft	<i>noun</i><br><ol><li>pitch, tar, asphalt</li></ol>
የሱ|yässu|yärsu|የርሱ	<i>det</i><br><ol><li>his</li></ol><br><i>pron</i><br><ol><li>his</li></ol>
የሷ|yärsʷa|የርሷ|yässʷa	<i>det</i><br><ol><li>her</li></ol><br><i>pron</i><br><ol><li>hers</li></ol>
የቱ|የቲቱ|yätitu|yätʷa|yätu|የቷ	<i>det</i><br><ol><li>which? (masculine)</li></ol><br><i>pron</i><br><ol><li>which one? (masculine)</li></ol>
የት|yät	<i>adv</i><br><ol><li>where?</li></ol>
የትኛው|yätəññaw	<i>det</i><br><ol><li>which? (masculine)</li></ol><br><i>pron</i><br><ol><li>which one? (masculine)</li></ol>
የነሱ|yännärsu|yännässu|የነርሱ	<i>det</i><br><ol><li>their</li></ol><br><i>pron</i><br><ol><li>theirs</li></ol>
የናንተ|yännantä	<i>det</i><br><ol><li>your, y'all's</li></ol><br><i>pron</i><br><ol><li>your, y'all's</li></ol>
የኔ|yäne	<i>det</i><br><ol><li>my</li></ol><br><i>pron</i><br><ol><li>mine</li></ol>
የኛ|yäñña	<i>det</i><br><ol><li>our</li></ol><br><i>pron</i><br><ol><li>ours</li></ol>
የእርስ በእርስ ጦርነት|yäʾrəs bäʾrəs ṭornät	<i>noun</i><br><ol><li>civil war.</li></ol>
የካቲት|yäkatit	<i>noun</i><br><ol><li>the sixth month of the Ethiopian calendar</li><li>February</li></ol>
የገማ|yägäma	<i>adj</i><br><ol><li>rotten</li></ol>
ያ|ya	<i>det</i><br><ol><li>that (masculine)</li></ol><br><i>pron</i><br><ol><li>that (masculine)</li></ol>
ያች|yačči|ያቺ|yačč	<i>det</i><br><ol><li>that (feminine)</li></ol><br><i>pron</i><br><ol><li>that (feminine)</li></ol>
ያንተ|yantä	<i>det</i><br><ol><li>thy, your</li></ol><br><i>pron</i><br><ol><li>thine, yours</li></ol>
ያንቺ|yanči	<i>det</i><br><ol><li>thy, thine</li></ol><br><i>pron</i><br><ol><li>thy, thine</li></ol>
ይህ|yəh	<i>det</i><br><ol><li>this (masculine)</li></ol><br><i>pron</i><br><ol><li>this (masculine)</li></ol>
ይህች|ይች|yəčč|ይህቺ|ʾəčči|yəčči|እች|ይቺ|ʾəčč|yəhəčči|እቺ|yəhəčč	<i>det</i><br><ol><li>this (feminine)</li></ol><br><i>pron</i><br><ol><li>this (feminine)</li></ol>
ይሉኝታ|yiluññita	<i>noun</i><br><ol><li>The inability to say "no"; caring about what others may think; consideration of others; swallowing one’s pride and doing what seems wrong in order not to offend; concern for public opinion; peer pressure.</li></ol>
ደመረ|dämärä	<i>verb</i><br><ol><li>to add</li></ol>
ደመና|dämäna	<i>noun</i><br><ol><li>cloud</li></ol>
ደም|däm	<i>noun</i><br><ol><li>blood</li></ol>
ደረሰ|däräsä	<i>verb</i><br><ol><li>to arrive</li></ol>
ደረቅ|däräḳ	<i>adj</i><br><ol><li>dry</li></ol>
ደሴት|däset	<i>noun</i><br><ol><li>island</li></ol>
ደብር|däbr	<i>noun</i><br><ol><li>church</li></ol>
ደብዳቤ|ደብዳቤያችሁ|ደብዳቤው|ደብዳቤህ|ደብዳቤዋ|ደብዳቤሽ|ደብዳቤዎ|ደብዳቤያችን|ደብዳቤያቸው|ደብዳቤን|däbdabbe|ደብዳቤውን|ደብዳቤዬ	<i>noun</i><br><ol><li>letter (written communication)</li></ol>
ደን|dän	<i>noun</i><br><ol><li>forest</li></ol>
ደንቆሮ|dänḳoro	<i>adj</i><br><ol><li>deaf</li></ol>
ደንዳና|dändana	<i>adj</i><br><ol><li>thick</li></ol>
ደካማ|däkama	<i>adj</i><br><ol><li>weak</li></ol>
ደግ|dägg|ደጊቷ|ደጊቷን|ደጋግ|ደግን|ደጉን|ደጊቱ|ደጉ|ደጓን|ደጓ|ደጊቱን	<i>adj</i><br><ol><li>kind, gentle</li><li>generous</li></ol>
ዱባ|dubba	<i>noun</i><br><ol><li>melon, gourd</li></ol>
ዲሴምበር|disembär	<i>noun</i><br><ol><li>December</li></ol>
ዲዳ|ዲዳይቱ|ድዳዋን|ዲዳው|ዲዳዋ|ድዳውን|ድዳዋ|ድዳይቱን|ድዳን|dida|ድዳ|ዲዳን|ዲዳውን|ድዳይቱ|ዲዳይቷ|ድዳይቷ|ዲዳዋን|ድዳይቷን|ድዳው|dəda|ዲዳይቷን|ዲዳይቱን	<i>adj</i><br><ol><li>dumb</li><li>mute</li></ol>
ዳር|dar	<i>noun</i><br><ol><li>shore</li></ol>
ዳቦ|dabo	<i>noun</i><br><ol><li>bread</li></ol>
ዳኛ|daña	<i>noun</i><br><ol><li>judge</li></ol>
ዳክየ|dakəyä	<i>noun</i><br><ol><li>duck</li></ol>
ዴሞክራሲ|demokrasi	<i>noun</i><br><ol><li>democracy</li></ol>
ዴንማርክ|denmark	<i>name</i><br><ol><li>Denmark</li></ol>
ድልድይ|dəldəy	<i>noun</i><br><ol><li>bridge</li></ol>
ድመት|ድመቲቷ|ድመታችሁ|ድመትን|ድመቷን|ድመታችን|dəmmät|ድመቱ|ድመትዎ|ድመቷ|ድመቲቷን|ድመታቸው|ድመቱን|ድመቲቱ|ድመቴ|ድመቲቱን|ድመትሽ|ድመትህ	<i>noun</i><br><ol><li>cat</li></ol>
ድርቂ|dərḳi	<i>noun</i><br><ol><li>drought</li></ol>
ድብ|dǝbb	<i>noun</i><br><ol><li>bear</li></ol>
ድንች|ድንችህ|ድንችን|ድንቹን|ድንችዎ|ድንቻችን|ድንቼ|ድንቻችሁ|ድንችሽ|ድንቿ|dənnəčč|ድንቻቸው|ድንቹ	<i>noun</i><br><ol><li>potato (Solanum tuberosum)</li><li>potato (root vegetable from this plant)</li></ol>
ድንክ|dənk	<i>noun</i><br><ol><li>dwarf, pigmy</li></ol>
ድንጋይ|dəngay	<i>noun</i><br><ol><li>stone</li></ol>
ዶሮ|ዶሮዋ|ዶሮዋን|ዶሮዋቸው|ዶሮዋችን|ዶሮህ|ዶሮዬ|ዶሮይቷ|ዶሮን|ዶሮው|ዶሮዋችሁ|ዶሮሽ|ዶሮዎ|ዶሮይቷን|ዶሮይቱ|doro|ዶሮይቱን	<i>noun</i><br><ol><li>hen</li></ol>
ዶሮ ወጥ|doro wäṭ	<i>noun</i><br><ol><li>(cooking) a spicy chicken stew (a popular traditional dish of Ethiopia)</li></ol>
ጀርመን|ǧärmän	<i>name</i><br><ol><li>Germany</li></ol>
ጀርባ|järba	<i>noun</i><br><ol><li>(anatomy) back</li></ol>
ጀብዱ|ጀብዱዋችን|ጀብዱዋ|ጀብዱህ|ጀብዱዋችሁ|ጀብዱው|ጀብዱን|ጀብዱዬ|ጀብዱዎ|ጀብዱውን|ጀብዱዋቸው|ጀብዱሽ|ǧäbdu	<i>noun</i><br><ol><li>adventure</li><li>act of bravery; exploit</li></ol>
ጀነት|ǧännät	<i>noun</i><br><ol><li>(chiefly Islam) Paradise, Jannat</li></ol>
ጀግና|ǧägna	<i>noun</i><br><ol><li>hero</li></ol>
ጁላይ|ǧulay	<i>noun</i><br><ol><li>July</li></ol>
ጁን|ǧun	<i>noun</i><br><ol><li>June</li></ol>
ጂንስ|ǧins	<i>noun</i><br><ol><li>jeans</li></ol>
ጃርት|jart	<i>noun</i><br><ol><li>aardvark</li></ol>
ጃንዩዌሪ|ǧanyuweri	<i>noun</i><br><ol><li>January</li></ol>
ጃንጥላ|janṭəla	<i>noun</i><br><ol><li>umbrella</li></ol>
ጃኬት|ǧaket	<i>noun</i><br><ol><li>jacket</li></ol>
ጅራት|ǧərat	<i>noun</i><br><ol><li>tail</li></ol>
ጅብ|ǧəb	<i>noun</i><br><ol><li>hyena</li><li>pocket</li></ol>
ጅብዱ|ጅብዱዋችን|ጅብዱዋቸው|ጅብዱዋ|ጅብዱው|ጅብዱውን|ጅብዱዋችሁ|ጅብዱን|ጅብዱሽ|ጅብዱዬ|ጅብዱዎ|ጅብዱህ|ǧəbdu	<i>noun</i><br><ol><li>adventure</li></ol>
ጅግራ|ǧəgra	<i>noun</i><br><ol><li>turkey</li></ol>
ጆሮ|joro	<i>noun</i><br><ol><li>ear</li></ol>
ገመድ|gämäd	<i>noun</i><br><ol><li>rope</li></ol>
ገረድ|ገረዳቸው|ገረድን|ገረዴ|ገረዳችሁ|ገረዳችን|ገረዱ|ገረድህ|ገረዷ|ገረዲቱ|gäräd|ገረድዎ|ገረዷን|ገረዲቷን|ገረድሽ|ገረዲቷ|ገረዲቱን	<i>noun</i><br><ol><li>maid (female servant)</li></ol>
ገበሬ|gäbäre	<i>noun</i><br><ol><li>farmer</li></ol>
ገባ|gäba	<i>verb</i><br><ol><li>come in</li><li>go in</li></ol>
ገብስ|gäbs	<i>noun</i><br><ol><li>barley</li></ol>
ገነት|ገነታት|gännät	<i>noun</i><br><ol><li>garden, park, or any luxuriant stead</li><li>Paradise</li></ol>
ገና|gäna|gänna	<i>adv</i><br><ol><li>yet not, still not</li></ol><br><i>noun</i><br><ol><li>Christmas</li></ol>
ገንዘብ|gänzäb	<i>noun</i><br><ol><li>money</li></ol>
ገንፎ|gänfo	<i>noun</i><br><ol><li>genfo, a porridge-like food from Ethiopia and Eritrea</li></ol>
ገውዝ|gäwz	<i>noun</i><br><ol><li>nut in general (even nutmeg)</li></ol>
ገዛ|gäza	<i>verb</i><br><ol><li>to buy, purchase</li></ol>
ገጆ|gäǧo	<i>noun</i><br><ol><li>hut</li></ol>
ጉልበት|ጉልበቱን|ጉልበትሽ|ጉልበቱ|ጉልበትህ|ጉልበቷ|ጉልበቴ|ጉልበትዎ|gulbät|ጉልበታችን|ጉልበታችሁ|ጉልበትን|ጉልበታቸው	<i>noun</i><br><ol><li>knee</li></ol>
ጉሮሮ|guroro	<i>noun</i><br><ol><li>(anatomy) guts, entrails</li></ol>
ጉበት|ጉበትህ|ጉበቱ|ጉበታችን|ጉበታቸው|ጉበቴ|ጉበትሽ|ጉበቷ|ጉበትዎ|ጉበቱን|gubbät|ጉበታችሁ|ጉበትን	<i>noun</i><br><ol><li>liver</li></ol>
ጉዞ|guzo	<i>noun</i><br><ol><li>journey, trip</li><li>errand</li><li>cruise</li></ol>
ጉጉት|gugut	<i>noun</i><br><ol><li>owl</li></ol>
ጊታር|gitar	<i>noun</i><br><ol><li>guitar</li></ol>
ጊዜ|gize	<i>noun</i><br><ol><li>time</li></ol>
ጋሜ|gamme	<i>noun</i><br><ol><li>A kind of strait haircut, clean-shaven save for a circumferent strip at the nethermost part.</li></ol>
ጋር|gar	<i>postp</i><br><ol><li>with, in the company of</li></ol>
ጋዜጣ|gazeṭa	<i>noun</i><br><ol><li>newspaper</li></ol>
ጋገረ|gagärä	<i>verb</i><br><ol><li>to bake</li></ol>
ጌታ|geta|ጌታዎ|ጌታሽ|ጌታዋ|ጌታቸው|ጌታችን|ጌታችሁ|ጌታዬ|ጌታውን|ጌታህ|ጌታን|ጌታው	<i>noun</i><br><ol><li>lord, master</li></ol>
ግመል|gəmäl	<i>noun</i><br><ol><li>camel</li></ol>
ግሪክኛ|Grikenyaa	<i>name</i><br><ol><li>Greek language</li></ol>
ግርጌ|gərge	<i>noun</i><br><ol><li>Aphetic form of እግርጌ (ʾəgərge)</li></ol>
ግንባር|gənbar	<i>noun</i><br><ol><li>forehead</li></ol>
ግንቦት|gənbot	<i>noun</i><br><ol><li>Ninth month of the Ethiopian calendar</li><li>May</li></ol>
ግንደ ቆርቁር|gəndä ḳorḳur	<i>noun</i><br><ol><li>woodpecker</li></ol>
ግዕዝ|gəʿz	<i>noun</i><br><ol><li>Ge'ez (language)</li></ol>
ጎመን|gomän	<i>noun</i><br><ol><li>cabbage</li></ol>
ጎረቤት|goräbet	<i>noun</i><br><ol><li>neighbor</li></ol>
ጎዳና|godanna	<i>noun</i><br><ol><li>way</li></ol>
ጓያ|gʷayya	<i>noun</i><br><ol><li>chickling vetch (Lathyrus sativus)</li></ol>
ጓደኛ|ጓደኛዬ|ጓደኛሽ|ጓደኛህ|ጓደኛዎ|ጓደኛይቱን|ጓደኛን|ጓደኛቸው|ጓደኛው|ጓደኛይቷን|ጓደኛይቱ|gʷaddäñña|ጓደኛችን|ጓደኛሞች|ጓደኛውን|ጓደኛዋን|ጓደኞች|ጓደኛይቷ|ጓደኛዋ|ጓደኛችሁ	<i>noun</i><br><ol><li>friend</li><li>companion</li></ol>
ጠረጴዛ|ṭäräp̣p̣eza	<i>noun</i><br><ol><li>table</li></ol>
ጠቅላይ ሚኒስትር|ṭäḳlay ministər	<i>noun</i><br><ol><li>prime minister; premier.</li></ol>
ጠበንጃ|ṭäbänǧa	<i>noun</i><br><ol><li>gun.</li></ol>
ጠባብ|ṭäbab	<i>adj</i><br><ol><li>narrow</li></ol>
ጠጀ|ṭäǧä	<i>noun</i><br><ol><li>tej, mead</li></ol>
ጠጣ|ṭäṭṭa	<i>verb</i><br><ol><li>(transitive) to drink</li><li>(transitive) to smoke</li><li>(transitive) to absorb (a liquid)</li></ol>
ጡብ|ṭub	<i>noun</i><br><ol><li>brick</li><li>tile</li></ol>
ጡት|ጡትህ|ጡቱ|ጡቱን|ጡቴ|ጡታቸው|ጡታችሁ|ጡታችን|ጡትዎ|ጡቷ|ṭut|ጡትን|ጡትሽ	<i>noun</i><br><ol><li>breast, bosom</li></ol>
ጢም|ṭim	<i>noun</i><br><ol><li>beard</li></ol>
ጣም|ṭam	<i>noun</i><br><ol><li>taste, flavor, savor</li></ol>
ጣት|ṭat	<i>noun</i><br><ol><li>(anatomy) finger</li></ol>
ጣፋጭ|ṭafač̣	<i>noun</i><br><ol><li>sweet</li></ol>
ጤና|ṭena	<i>noun</i><br><ol><li>health</li></ol>
ጤዛ|ṭeza	<i>noun</i><br><ol><li>dew</li></ol>
ጤፍ|ṭef	<i>noun</i><br><ol><li>teff, Eragrostis tef</li></ol>
ጥላ|ṭəla	<i>noun</i><br><ol><li>shadow</li></ol>
ጥልቀት|ṭəlḳät	<i>noun</i><br><ol><li>depth, profundity</li></ol>
ጥምቀት|ṭəmḳät	<i>noun</i><br><ol><li>baptism</li><li>Timkat (the Ethiopian Orthodox celebration of Epiphany)</li></ol>
ጥሩ|ṭəru	<i>adj</i><br><ol><li>good</li></ol>
ጥር|ṭər	<i>noun</i><br><ol><li>Fifth month of the Ethiopian Calendar</li><li>January</li></ol>
ጥርስ|ጥርስህ|ጥርሱን|ጥርስዎ|ṭərs|ጥርሳቸው|ጥርስሽ|ጥርስን|ጥርሴ|ጥርሳችሁ|ጥርሳችን|ጥርሷ|ጥርሱ	<i>noun</i><br><ol><li>tooth, tusk</li></ol>
ጥቁር|ṭəqur	<i>adj</i><br><ol><li>black</li></ol>
ጥቅምቲ|ṭəḳməti	<i>noun</i><br><ol><li>october, the second month of the Ethiopian calendar</li></ol>
ጥበብ|ṭəbäb|ጥበባችን|ጥበብን|ጥበቧ|ጥበቡ|ጥበባቸው|ጥበብህ|ጥበብዎ|ጥበብሽ|ጥበቤ|ጥበቡን|ጥበባችሁ	<i>noun</i><br><ol><li>ability, skill</li><li>wisdom, knowledge</li></ol>
ጥንቸል|ṭənčäl	<i>noun</i><br><ol><li>rabbit</li></ol>
ጥጃ|ṭəǧa	<i>noun</i><br><ol><li>calf</li></ol>
ጥፍር|ṭəfr	<i>noun</i><br><ol><li>claw, fingernail</li></ol>
ጦርነት|ṭornät	<i>noun</i><br><ol><li>war; battle; warfare.</li></ol>
ጨለማ|č̣äläma	<i>noun</i><br><ol><li>darkness</li></ol>
ጨሌ|č̣äle	<i>noun</i><br><ol><li>beads</li></ol>
ጨረቃ|ጨረቃው|ጨረቃውን|ጨረቃዬ|ጨረቃህ|ጨረቃዋ|ጨረቃቸው|ጨረቃችሁ|ጨረቃን|ጨረቃሽ|ጨረቃችን|č̣äräḳa|ጨረቃዎ	<i>noun</i><br><ol><li>moon</li></ol>
ጨዋታ|č̣äwata	<i>noun</i><br><ol><li>game</li></ol>
ጨው|č̣äw	<i>noun</i><br><ol><li>salt</li></ol>
ጨጓራ|č̣ägʷara	<i>noun</i><br><ol><li>stomach</li></ol>
ጫማ|č̣ama	<i>noun</i><br><ol><li>shoe</li></ol>
ጫካ|č̣aka	<i>noun</i><br><ol><li>forest</li></ol>
ጭላዳ|č̣əlada	<i>noun</i><br><ol><li>gelada</li></ol>
ጭማቂ|č̣əmaḳi	<i>noun</i><br><ol><li>juice</li></ol>
ጭምብል|č̣əmbəl	<i>noun</i><br><ol><li>mask</li></ol>
ጭስ|ጭሳቸው|ጭስዎ|ጭሱ|ጭስህ|ጭስን|ጭሳችን|ጭሴ|ጭሳችሁ|ጭሷ|ጭሱን|č̣əs|ጭስሽ	<i>noun</i><br><ol><li>smoke</li><li>poison gas</li></ol>
ጭቃ|č̣əḳa	<i>noun</i><br><ol><li>mud</li></ol>
ጭንቅላት|ጭንቅላቱ|ጭንቅላቱን|ጭንቅላትን|ጭንቅላትህ|ጭንቅላትሽ|ጭንቅላታችን|ጭንቅላቴ|ጭንቅላትዎ|ጭንቅላቷ|ጭንቅላታቸው|č̣ənḳəllat|ጭንቅላታችሁ	<i>noun</i><br><ol><li>skull</li><li>(by extention) head</li></ol>
ጭጋግ|č̣əgag	<i>noun</i><br><ol><li>fog</li></ol>
ጮማ|č̣oma	<i>noun</i><br><ol><li>fat</li></ol>
ጳውሎስ|p̣awlos	<i>name</i><br><ol><li>Paul the Apostle</li></ol>
ጸጉር|ጠጉር|ṣägur|ṭägur	<i>noun</i><br><ol><li>hair</li><li>fur</li></ol>
ጻፈ|ʾaṣṣafä|ṣafä|አጻፈ	<i>verb</i><br><ol><li>(transitive) to write</li><li>(transitive) to write down</li></ol>
ፀሐይ|ጸሐይ|ጸሓይዎ|ጸሐይሽ|ጸሓይን|ጸሓይህ|ፀሐይዎ|ጸሓዯን|ፀሐዪቱን|ፀሐዪቱ|ጸሓዪቱን|ፀሓይ|ፀሐይህ|ፀሐያቸው|ፀሓያቸው|ፀሓዪቱ|ፀሓያችሁ|ፀሓይሽ|ፀሐዯ|ፀሐይሽ|ጸሐዪቱ|ፀሐዪቷን|ፀሐዯን|ṣäḥay|ጸሐያችን|ṣ́äḥay|ጸሐዩ|ፀሓያችን|ጸሓዪቷ|ፀሐዬ|ጸሐይዎ|ፀሓዪቷን|ፀሓዯን|ፀሐያችሁ|ጸሓያቸው|ጸሐዯ|ጸሓያችን|ፀሓዪቷ|ፀሓዪቱን|ጸሐያችሁ|ፀሓዬ|ፀሐይን|ጸሓዪቷን|ጸሓዬ|ጸሐዪቷ|ጸሐዬ|ጸሐዯን|ጸሓያችሁ|ጸሓይ|ፀሐዩ|ፀሓይህ|ጸሐዪቱን|ጸሐይን|ጸሐያቸው|ፀሐዪቷ|ጸሓዯ|ፀሐያችን|ፀሓዯ|ፀሓዩ|ጸሐይህ|ፀሓይዎ|ጸሓዪቱ|ጸሓዩ|ጸሓይሽ|ጸሐዪቷን|ፀሓይን	<i>noun</i><br><ol><li>sun</li></ol>
ፀጉር|ṣ́ägur	<i>noun</i><br><ol><li>hair (on head)</li></ol>
ፈረስ|ፈረሲቷ|ፈረስን|ፈረሲቷን|ፈረሱ|ፈረስህ|ፈረሲቱ|ፈረሷን|ፈረሷ|ፈረሶች|ፈረሳችን|ፈረስሽ|ፈረሱን|ፈረሳችሁ|ፈረሲቱን|ፈረሳቸው|ፈረስዎ|ፈረሴ|färäs	<i>noun</i><br><ol><li>horse</li><li>(chess, rare) knight</li></ol>
ፈርምዌር|färməwer	<i>noun</i><br><ol><li>(computing) firmware</li></ol>
ፈርጥ|färṭ	<i>noun</i><br><ol><li>pistol</li></ol>
ፊልም	<i>noun</i><br><ol><li>film</li></ol>
ፊት|fit	<i>noun</i><br><ol><li>face</li><li>front</li></ol>
ፊደል|fidäl	<i>noun</i><br><ol><li>letter, character</li><li>alphabet, script</li><li>key (on a typewriter)</li></ol>
ፋኑስ|fanus	<i>noun</i><br><ol><li>torch, lantern</li></ol>
ፌብሩዋሪ|februwari	<i>noun</i><br><ol><li>February</li></ol>
ፌንጣ|fenṭa	<i>noun</i><br><ol><li>grasshopper</li></ol>
ፍሉካ|fəluka	<i>noun</i><br><ol><li>felucca</li></ol>
ፍራፍሬ|frafre	<i>noun</i><br><ol><li>fruit</li></ol>
ፍቅር|fəḳr	<i>noun</i><br><ol><li>love</li></ol>
ፍትህ|fəth	<i>noun</i><br><ol><li>justice</li></ol>
ፍየል|fəyäl	<i>noun</i><br><ol><li>goat</li></ol>
ፎርማጆ|formaǧo	<i>noun</i><br><ol><li>cheese</li></ol>
ፏፏቴ|fʷafʷate	<i>noun</i><br><ol><li>waterfall</li></ol>
ፒያኖ|piyano	<i>noun</i><br><ol><li>piano</li></ol>
ፓፓያ|papaya	<i>noun</i><br><ol><li>papaya</li></ol>
ፕሬዚዳንት|pərezidant	<i>noun</i><br><ol><li>president</li></ol>
ፖለቲካ|polätika	<i>noun</i><br><ol><li>politics</li></ol>
ፖሊስ|polis	<i>noun</i><br><ol><li>police</li><li>policeman</li></ol>
ፖም|pom	<i>noun</i><br><ol><li>apple</li></ol>
ፖስታ|ፖስታን|ፖስታው|ፖስታዋ|ፖስታሽ|ፖስታችሁ|ፖስታቸው|posta|ፖስታዬ|ፖስታህ|ፖስታችን|ፖስታውን|ፖስታዎ	<i>noun</i><br><ol><li>post, mail</li><li>letter</li><li>envelope</li><li>sleeping car</li></ol>
ፖስታ፡ቤት|ፖስታ፡ቤታችሁ|ፖስታ፡ቤትዎ|ፖስታ፡ቤቴ|ፖስታ፡ቤትን|ፖስታ፡ቤትህ|ፖስታ፡ቤቷ|ፖስታ፡ቤትሽ|ፖስታ፡ቤታችን|ፖስታ፡ቤቱን|posta bet|ፖስታ፡ቤቱ|ፖስታ፡ቤታቸው	<i>noun</i><br><ol><li>post office</li></ol>
