abang	<i>noun</i><br><ol><li>older brother</li></ol>
abuk	<i>noun</i><br><ol><li>dust (fine, dry particles)</li></ol>
acang|burung acang	<i>noun</i><br><ol><li>pigeon (bird of the pigeon and dove family Columbidae)</li></ol>
adi	<i>noun</i><br><ol><li>Younger sibling.</li></ol>
adi bini-bini	<i>noun</i><br><ol><li>younger sister</li></ol>
adi laki-laki	<i>noun</i><br><ol><li>younger brother</li></ol>
adi-beradi|adi-baradi	<i>noun</i><br><ol><li>sibling (person who shares same parents)</li></ol>
aing|aying	<i>noun</i><br><ol><li>water (liquid H₂O)</li></ol>
aing terajun	<i>noun</i><br><ol><li>waterfall (flow of water over the edge of a cliff)</li></ol>
ais	<i>noun</i><br><ol><li>ice (water in frozen form)</li></ol>
ajai	<i>noun</i><br><ol><li>(anatomy) chin (bottom of a face)</li></ol>
alis	<i>noun</i><br><ol><li>eyebrow</li></ol>
amah	<i>noun</i><br><ol><li>A female domestic worker, a housemaid.</li></ol>
amas	<i>noun</i><br><ol><li>gold (element)</li></ol>
ambuk	<i>noun</i><br><ol><li>monkey (primate)</li></ol>
ampat	<i>num</i><br><ol><li>four</li></ol>
ampir	<i>adj</i><br><ol><li>near, close</li></ol>
anam	<i>num</i><br><ol><li>six</li></ol>
anggur	<i>noun</i><br><ol><li>grape</li></ol>
angin	<i>noun</i><br><ol><li>wind (movement of air)</li></ol>
angsa	<i>noun</i><br><ol><li>goose (bird)</li></ol>
ani	<i>pron</i><br><ol><li>this, these</li></ol>
anjing	<i>noun</i><br><ol><li>dog (animal)</li></ol>
antu	<i>noun</i><br><ol><li>ghost (spirit appearing after death)</li><li>demon (evil spirit)</li></ol>
api	<i>noun</i><br><ol><li>fire (oxidation reaction)</li></ol>
arnab	<i>noun</i><br><ol><li>rabbit</li></ol>
asam aur-aur	<i>noun</i><br><ol><li>Fruit of the tropical tree, Garcinia parvifolia, native to Borneo, used as ingredient in local cooking.</li></ol>
asam kalumbi	<i>noun</i><br><ol><li>Fruit of the tropical tree, Eleiodoxa conferta, used as an ingredient in Asian cooking.</li></ol>
asap	<i>noun</i><br><ol><li>smoke (visible particles and vapour given off by burning material)</li></ol>
ati	<i>noun</i><br><ol><li>(anatomy) liver (organ of the body)</li><li>heart (emotions or kindness)</li></ol>
atu	<i>pron</i><br><ol><li>that, those</li></ol>
awan	<i>noun</i><br><ol><li>cloud (visible mass of water droplets suspended in the air)</li></ol>
awda	<i>pron</i><br><ol><li>(Brunei, formal) you</li></ol>
ayam	<i>noun</i><br><ol><li>chicken (bird)</li><li>chicken (meat)</li></ol>
babu	<i>noun</i><br><ol><li>A mother.</li><li>An aunt.</li><li>Term for any middle-aged or elderly woman.</li></ol>
badam	<i>noun</i><br><ol><li>almond (nut)</li></ol>
bantal	<i>noun</i><br><ol><li>pillow (soft cushion used to support the head in bed)</li></ol>
bantal paluk	<i>noun</i><br><ol><li>bolster (a large cushion or pillow)</li></ol>
baras	<i>noun</i><br><ol><li>uncooked rice</li></ol>
baru	<i>adj</i><br><ol><li>new (age of non-living things)</li></ol>
basar	<i>adj</i><br><ol><li>big</li></ol>
basi	<i>noun</i><br><ol><li>iron (element)</li><li>metal (atomic element or material made of such atoms)</li></ol>
basing	<i>noun</i><br><ol><li>squirrel</li></ol>
batat	<i>noun</i><br><ol><li>melon</li></ol>
batis	<i>noun</i><br><ol><li>(anatomy) leg (lower limb)</li><li>foot (part of the leg from ankle to toe)</li></ol>
batu	<i>noun</i><br><ol><li>rock or stone of any size, including boulder and pebble</li></ol>
bau	<i>noun</i><br><ol><li>smell (sensation)</li></ol>
bayang-bayang	<i>noun</i><br><ol><li>shadow (dark image projected onto a surface)</li></ol>
bayi	<i>noun</i><br><ol><li>pig (mammal of genus Sus)</li></ol>
bayung	<i>noun</i><br><ol><li>a bag for carrying raw sago (made of mengkuang leaves)</li></ol>
beranang	<i>verb</i><br><ol><li>to swim (move through water)</li></ol>
betina	<i>adj</i><br><ol><li>(of animals) female</li></ol>
biabas	<i>noun</i><br><ol><li>guava (tree and fruit)</li></ol>
bida	<i>adj</i><br><ol><li>ugly</li></ol>
biji mata	<i>noun</i><br><ol><li>eyeball</li></ol>
bini	<i>noun</i><br><ol><li>wife</li></ol>
bini-bini	<i>noun</i><br><ol><li>female person; woman or girl</li></ol><br><i>adj</i><br><ol><li>(of humans) female</li></ol>
bintang	<i>noun</i><br><ol><li>star (luminous celestial body)</li></ol>
biru	<i>adj</i><br><ol><li>blue</li></ol><br><i>noun</i><br><ol><li>blue</li></ol>
buah	<i>noun</i><br><ol><li>fruit (food)</li><li>fruit (part of plant)</li></ol><br><i>classifier</i><br><ol><li>Classifier for anything generally concretely big and has volume.</li></ol>
buaya	<i>noun</i><br><ol><li>crocodile (reptile)</li></ol>
bukit	<i>noun</i><br><ol><li>hill (elevated location)</li></ol>
buku	<i>noun</i><br><ol><li>book (collection of sheets of paper bound together containing printed or written material)</li></ol>
bula	<i>noun</i><br><ol><li>ball (spherical object for playing games)</li><li>(colloquial) football (UK), soccer (US)</li></ol>
bula sipak	<i>noun</i><br><ol><li>(formal) football (UK), soccer (US)</li></ol>
bulan	<i>noun</i><br><ol><li>moon (largest natural satellite of planet Earth)</li><li>month (period into which a year is divided)</li></ol>
bulu	<i>noun</i><br><ol><li>body hair (humans)</li><li>fur (animals)</li><li>feather</li></ol>
bulu mata	<i>noun</i><br><ol><li>eyelash</li></ol>
bunga	<i>noun</i><br><ol><li>flower</li><li>interest (finance)</li></ol>
bungi	<i>noun</i><br><ol><li>(dialect, Kampong Ayer) sound (sensation perceived by the ear)</li></ol>
buntak	<i>adj</i><br><ol><li>short (length)</li><li>short (height)</li></ol>
bunyi	<i>noun</i><br><ol><li>sound (sensation perceived by the ear)</li></ol>
burung	<i>noun</i><br><ol><li>bird (animal)</li><li>(childish, slang) penis</li></ol>
burung antu	<i>noun</i><br><ol><li>owl (bird)</li></ol>
butul	<i>noun</i><br><ol><li>bottle (container used for holding liquids)</li></ol>
cacak	<i>noun</i><br><ol><li>lizard</li></ol><br><i>verb</i><br><ol><li>withdraw (cash from ATM)</li></ol>
cacing	<i>noun</i><br><ol><li>worm</li></ol>
cadar	<i>noun</i><br><ol><li>Bedding (e.g. sheets, blankets, quilts, etc.), especially those that are sold in one set and have the same decorative design.</li></ol>
cahaya	<i>noun</i><br><ol><li>light (electromagnetic waves)</li></ol>
caramin	<i>noun</i><br><ol><li>mirror (smooth reflecting surface)</li></ol>
cawan	<i>noun</i><br><ol><li>cup (drinking vessel with handle)</li><li>drinking vessel, especially one that is made of other than glass</li></ol>
cerah	<i>adj</i><br><ol><li>(weather) bright, clear, sunny</li><li>fair (skin tone)</li></ol>
cincin	<i>noun</i><br><ol><li>ring (jewellery)</li></ol>
cuaca	<i>noun</i><br><ol><li>weather (state of the atmosphere)</li></ol>
cucu	<i>noun</i><br><ol><li>grandchild (child of someone's child)</li></ol>
cuik	<i>noun</i><br><ol><li>small plate or bowl, generally not wider than a saucer</li><li>saucer (small dish to hold a cup)</li></ol>
curut	<i>noun</i><br><ol><li>cigar</li></ol>
daging	<i>noun</i><br><ol><li>meat (animal flesh used as food)</li></ol>
dakat	<i>adj</i><br><ol><li>near, close</li></ol>
damit	<i>adj</i><br><ol><li>small</li></ol>
dangsanak	<i>noun</i><br><ol><li>(dialect, Kampong Ayer) Synonym of saudara (“relative”)</li></ol>
dapur	<i>noun</i><br><ol><li>kitchen (room)</li><li>dining room at home</li></ol>
darat	<i>noun</i><br><ol><li>land (part of Earth that is not covered by bodies of water)</li></ol>
daun	<i>noun</i><br><ol><li>leaf (part of a plant)</li></ol>
daun katumbar	<i>noun</i><br><ol><li>(dialect) Alternative form of daun ketumbar</li></ol>
daun ketumbar	<i>noun</i><br><ol><li>cilantro (leaves of the coriander plant)</li></ol>
didih	<i>verb</i><br><ol><li>To boil (heat (a liquid) until it begins to turn into a gas)</li></ol>
dinding	<i>noun</i><br><ol><li>wall (structure as side of or division in a building)</li></ol>
doktor	<i>noun</i><br><ol><li>doctor (physician)</li><li>(academic) doctor, person who has attained a doctorate</li></ol>
doktor gigi	<i>noun</i><br><ol><li>dentist</li></ol>
dua	<i>num</i><br><ol><li>two</li></ol>
durian	<i>noun</i><br><ol><li>durian (fruit)</li></ol>
durian kuning	<i>noun</i><br><ol><li>A species of durian; fruit of the tropical tree, Durio graveolens, found in maritime Southeast Asia.</li></ol>
durian kura-kura	<i>noun</i><br><ol><li>A type of durian; fruit of the tropical tree, Durio testudinarium, native to Borneo.</li></ol>
durian maragang|durian meragang	<i>noun</i><br><ol><li>A type of durian; fruit of the tropical tree Durio dulcis (syn. Durio conicus).</li></ol>
durian pulu|durian kulu	<i>noun</i><br><ol><li>A type of durian; fruit of the tropical tree, Durio kutejensis, native to Borneo.</li></ol>
durian putih	<i>noun</i><br><ol><li>Common species of durian; fruit of the tropical tree, Durio zibethinus.</li></ol>
durian salat	<i>noun</i><br><ol><li>soursop (fruit)</li></ol>
dusun buah	<i>noun</i><br><ol><li>Synonym of kabun buah (“orchard”)</li></ol>
ekon	<i>noun</i><br><ol><li>air conditioner</li><li>chill air from air conditioner</li></ol>
esbok	<i>noun</i><br><ol><li>(colloquial) refrigerator</li></ol>
extension	<i>noun</i><br><ol><li>(colloquial) extension cord (electrical cord with multi-port socket)</li></ol>
gadung|gadong	<i>adj</i><br><ol><li>green (colour)</li></ol><br><i>noun</i><br><ol><li>green (colour)</li></ol>
gagak	<i>noun</i><br><ol><li>crow (any bird of the genus Corvus)</li></ol>
gajah	<i>noun</i><br><ol><li>elephant</li></ol>
galagah|gelagah	<i>noun</i><br><ol><li>sugar cane (species of grass)</li></ol>
galap	<i>adj</i><br><ol><li>dark (having lack of light)</li><li>dark (deeper in hue)</li></ol>
galas	<i>noun</i><br><ol><li>glass (drinking vessel)</li></ol>
galugut|gelugut	<i>noun</i><br><ol><li>moss (plants of the division Bryophyta)</li></ol>
garam	<i>noun</i><br><ol><li>salt (sodium chloride)</li></ol>
garpu	<i>noun</i><br><ol><li>fork (eating utensil with spikes)</li></ol>
gigi	<i>noun</i><br><ol><li>(anatomy) tooth, teeth</li></ol>
giris	<i>noun</i><br><ol><li>A structure with a roof and columns separated from or attached to a house to store a car or cars; a garage.</li></ol>
giuk	<i>noun</i><br><ol><li>larva (young of an insect)</li><li>caterpillar (young of a butterfly or moth)</li><li>maggot (young of a fly)</li></ol>
giuk bulu	<i>noun</i><br><ol><li>caterpillar (young of a butterfly or moth)</li></ol>
gua	<i>noun</i><br><ol><li>cave (natural cavity formed underground)</li></ol>
gula	<i>noun</i><br><ol><li>sugar (sucrose from sugar cane or sugar beet and used to sweeten food and drink)</li></ol>
gulai	<i>noun</i><br><ol><li>vegetable</li><li>side dish in a rice-based meal</li></ol>
gunung	<i>noun</i><br><ol><li>mountain (large mass of earth and rock)</li></ol>
guruh	<i>noun</i><br><ol><li>thunder (sound caused by lightning)</li></ol>
hayam	<i>noun</i><br><ol><li>(chiefly Kedayan) Alternative form of ayam</li></ol>
ibu jari	<i>noun</i><br><ol><li>(anatomy) thumb</li></ol>
idung	<i>noun</i><br><ol><li>nose (organ of the face)</li></ol>
ijau	<i>adj</i><br><ol><li>green (colour)</li></ol><br><i>noun</i><br><ol><li>green (colour)</li></ol>
ikan	<i>noun</i><br><ol><li>fish (vertebrate animal)</li><li>fish (flesh of fish as food)</li></ol>
ikung	<i>noun</i><br><ol><li>tail</li></ol>
indung	<i>noun</i><br><ol><li>A parent.</li></ol>
itam	<i>noun</i><br><ol><li>black</li></ol><br><i>adj</i><br><ol><li>black (colour)</li><li>(derogatory) dark (skin tone), dark-skinned</li></ol>
itik	<i>noun</i><br><ol><li>duck (bird)</li><li>duck (meat)</li></ol>
jagau	<i>adj</i><br><ol><li>very tall (human height)</li></ol>
jagus	<i>noun</i><br><ol><li>cashew nut (seed of cashew tree)</li></ol>
jait	<i>verb</i><br><ol><li>to sew</li></ol><br><i>noun</i><br><ol><li>sewing, stitching</li></ol>
jantan	<i>adj</i><br><ol><li>(of animals) male</li></ol>
jantung	<i>noun</i><br><ol><li>(anatomy) heart (an organ)</li></ol>
jari	<i>noun</i><br><ol><li>finger</li><li>toe</li><li>hand (of watch)</li></ol>
jari antu	<i>noun</i><br><ol><li>(anatomy) middle finger</li></ol>
jari manis	<i>noun</i><br><ol><li>(anatomy) ring finger (finger between the middle finger and little finger)</li></ol>
jari talunjuk	<i>noun</i><br><ol><li>(anatomy) forefinger (first finger next to the thumb)</li></ol>
jari tangah	<i>noun</i><br><ol><li>(anatomy) middle finger</li></ol>
jari telunjuk	<i>noun</i><br><ol><li>(anatomy) forefinger (first finger next to the thumb)</li></ol>
jauh	<i>adj</i><br><ol><li>far</li></ol>
kabun	<i>noun</i><br><ol><li>A piece of land, typically small, where crops are grown; farm.</li></ol>
kabun buah	<i>noun</i><br><ol><li>orchard (land for cultivation of fruit or nut trees)</li></ol>
kacang	<i>noun</i><br><ol><li>nut (hard-shelled seed)</li></ol>
kacang panjang	<i>noun</i><br><ol><li>yardlong bean (Vigna unguiculata subsp. sesquipedalis)</li></ol>
kacang tanah	<i>noun</i><br><ol><li>peanut</li></ol>
kadai	<i>noun</i><br><ol><li>shop, store (US)</li></ol>
kadai jait	<i>noun</i><br><ol><li>a shop where tailored clothes are made; a tailor's shop</li></ol>
kaka	<i>noun</i><br><ol><li>older sister</li></ol>
kaki	<i>noun</i><br><ol><li>leg</li><li>(anatomy) foot</li><li>foot (unit of measure)</li></ol>
kamangsi	<i>noun</i><br><ol><li>breadnut, fruit of the tropical tree Artocarpus camansi</li></ol>
kapala tuhut|kepala tuhut	<i>noun</i><br><ol><li>(anatomy) kneecap</li></ol>
kapayas	<i>noun</i><br><ol><li>papaya, fruit of Carica papaya</li></ol>
karamunting	<i>noun</i><br><ol><li>Fruit of the plant, Rhodomyrtus tomentosa; rose myrtle.</li></ol>
karan	<i>noun</i><br><ol><li>electricity (form of energy)</li></ol>
karatas	<i>noun</i><br><ol><li>(dialect) Alternative form of keratas (“paper”)</li></ol>
kari	<i>noun</i><br><ol><li>curry</li></ol>
karing	<i>adj</i><br><ol><li>dry</li></ol>
karusi	<i>noun</i><br><ol><li>(dialect, Kampong Ayer) chair, seat</li></ol>
kasut	<i>noun</i><br><ol><li>shoe</li></ol>
katak	<i>noun</i><br><ol><li>frog (amphibian)</li></ol>
katam	<i>noun</i><br><ol><li>crab</li></ol><br><i>verb</i><br><ol><li>To cut (the panicle of a ripe paddy plant)</li></ol>
katil	<i>noun</i><br><ol><li>bed</li></ol>
katuk	<i>noun</i><br><ol><li>to knock (e.g. on a door)</li></ol>
katumbar	<i>noun</i><br><ol><li>(Kampong Ayer, dialect) Alternative form of ketumbar</li></ol>
kedoktoran	<i>noun</i><br><ol><li>doctorate (academic)</li></ol>
kelapa	<i>noun</i><br><ol><li>coconut</li></ol>
kepala	<i>noun</i><br><ol><li>(anatomy) head (part of the body)</li></ol>
kerajaan	<i>noun</i><br><ol><li>government of a country or state</li></ol>
keratas	<i>noun</i><br><ol><li>paper</li></ol>
kerusi|kursi	<i>noun</i><br><ol><li>chair, seat</li></ol>
ketumbar	<i>noun</i><br><ol><li>coriander (dried seeds of Coriandrum sativum plant)</li></ol>
kilat	<i>noun</i><br><ol><li>lightning (flash of light)</li></ol>
kirai|bulu kirai	<i>noun</i><br><ol><li>eyebrow</li></ol>
kismis	<i>noun</i><br><ol><li>raisin (dried grape)</li></ol>
kitil	<i>noun</i><br><ol><li>kettle (vessel)</li></ol>
kitil karan	<i>noun</i><br><ol><li>electric kettle</li></ol>
klinik gigi	<i>noun</i><br><ol><li>dental clinic</li></ol>
kuala	<i>noun</i><br><ol><li>Synonym of muara (“river mouth”)</li></ol>
kucing	<i>noun</i><br><ol><li>cat (domestic species)</li></ol>
kuda	<i>noun</i><br><ol><li>horse</li><li>knight (chess)</li></ol>
kudut	<i>noun</i><br><ol><li>dish (vessel for holding/serving food)</li><li>Synonym of piring (“plate”)</li></ol>
kuku	<i>noun</i><br><ol><li>(anatomy) nail (on fingers and toes)</li></ol>
kulam	<i>noun</i><br><ol><li>man-made pond</li><li>short form of kulam ranang (“swimming pool”)</li></ol>
kulam ranang	<i>noun</i><br><ol><li>swimming pool</li></ol>
kulat	<i>noun</i><br><ol><li>fungus</li></ol>
kulimambang|kalimambang	<i>noun</i><br><ol><li>butterfly</li><li>moth</li></ol>
kulit	<i>noun</i><br><ol><li>skin (outer covering of the body of a person)</li><li>skin (protective outer layer of a plant or fruit)</li><li>leather (material produced by tanning animal skin)</li><li>shell (covering of a nut)</li></ol>
kumbang	<i>noun</i><br><ol><li>beetle (insect)</li></ol>
kumis	<i>noun</i><br><ol><li>Synonym of sumit (“moustache”)</li></ol>
kuning	<i>adj</i><br><ol><li>yellow (having yellow as its colour)</li></ol><br><i>noun</i><br><ol><li>yellow (colour)</li></ol>
kunis	<i>noun</i><br><ol><li>(colloquial) crown molding (molding between ceiling and wall)</li></ol>
kunyit	<i>noun</i><br><ol><li>turmeric (spice)</li></ol>
kupang	<i>noun</i><br><ol><li>mussel</li></ol>
kupi	<i>noun</i><br><ol><li>coffee (beverage)</li><li>coffee (plant)</li></ol>
kupu-kupu	<i>noun</i><br><ol><li>butterfly</li><li>moth</li></ol>
kurma	<i>noun</i><br><ol><li>date (fruit of the date palm)</li><li>korma (type of curry)</li></ol>
kusung	<i>num</i><br><ol><li>zero</li></ol><br><i>adj</i><br><ol><li>empty</li></ol>
kutak	<i>noun</i><br><ol><li>box</li></ol>
kutu	<i>noun</i><br><ol><li>louse (insect)</li></ol>
kuyuk	<i>noun</i><br><ol><li>dog</li></ol>
lada	<i>noun</i><br><ol><li>pepper, chilli (UK) or chili (US)</li><li>chilli sauce (UK), hot sauce (US)</li></ol>
lada itam	<i>noun</i><br><ol><li>black pepper</li></ol>
ladang	<i>noun</i><br><ol><li>plantation (large farm)</li></ol>
lagau	<i>verb</i><br><ol><li>To call (to request, summon or beckon).</li></ol>
laki	<i>noun</i><br><ol><li>husband</li></ol>
laki-laki	<i>noun</i><br><ol><li>male person; man or boy</li></ol><br><i>adj</i><br><ol><li>(humans) male</li></ol>
lalat	<i>noun</i><br><ol><li>fly (insect of the family Muscidae)</li></ol>
lama	<i>adj</i><br><ol><li>old (age of non-living things)</li></ol>
langau	<i>noun</i><br><ol><li>horsefly</li></ol>
langit	<i>noun</i><br><ol><li>sky (atmosphere above a point)</li></ol>
langit-langit	<i>noun</i><br><ol><li>(anatomy) palate (roof of the mouth)</li></ol>
langsat	<i>noun</i><br><ol><li>langsat (fruit of the tree Lansium domesticum)</li></ol>
lapan	<i>num</i><br><ol><li>eight</li></ol>
lauk	<i>noun</i><br><ol><li>fish (vertebrate animal)</li><li>side dish in a rice-based meal</li></ol>
laut	<i>noun</i><br><ol><li>sea (body of water)</li></ol>
lawa	<i>adj</i><br><ol><li>beautiful</li></ol>
lelaki	<i>noun</i><br><ol><li>male person; man or boy</li></ol><br><i>adj</i><br><ol><li>(of humans) male</li></ol>
libar	<i>adj</i><br><ol><li>wide</li></ol>
lidah	<i>noun</i><br><ol><li>(anatomy) tongue</li></ol>
lihir	<i>noun</i><br><ol><li>neck (the part of body connecting the head and the trunk found in humans and some animals)</li></ol>
likap	<i>noun</i><br><ol><li>hornbill (bird)</li></ol>
lima	<i>num</i><br><ol><li>five</li></ol>
limau	<i>noun</i><br><ol><li>orange (fruit)</li><li>citrus fruit</li></ol>
limau bali	<i>noun</i><br><ol><li>pomelo (fruit of the species Citrus maxima)</li></ol>
limau kasturi	<i>noun</i><br><ol><li>Fruit of calamondin.</li></ol>
limau nipis	<i>noun</i><br><ol><li>lime (green citrus fruit)</li></ol>
limau purut	<i>noun</i><br><ol><li>kaffir lime</li></ol>
limpas	<i>verb</i><br><ol><li>to pass by</li></ol>
lipas	<i>noun</i><br><ol><li>cockroach</li></ol>
luagan	<i>noun</i><br><ol><li>natural pond, small lake</li></ol>
lulun|lulunnya|lulun-lulun|lulunku|lulunmu	<i>noun</i><br><ol><li>(sewing) seam (folded back and stitched piece of fabric)</li></ol>
lumpur	<i>noun</i><br><ol><li>mud (mixture of soil and water)</li></ol>
lungkang	<i>noun</i><br><ol><li>drain (A conduit for liquids)</li></ol>
lutut	<i>noun</i><br><ol><li>(anatomy) knee</li></ol>
malam	<i>noun</i><br><ol><li>The time of the day between dusk and midnight; evening or night.</li></ol>
mama	<i>noun</i><br><ol><li>A mother.</li></ol>
mambangan	<i>noun</i><br><ol><li>fruit of Mangifera pajang, a tropical tree native to Borneo</li></ol>
mambangan santan	<i>noun</i><br><ol><li>fruit of the tropical tree, Mangifera foetida, found in Southeast Asia</li></ol>
mangga	<i>noun</i><br><ol><li>mango (fruit)</li><li>padlock (type of lock)</li></ol>
manggis	<i>noun</i><br><ol><li>mangosteen, fruit of Garcinia mangostana tree</li></ol>
mangkuk	<i>noun</i><br><ol><li>bowl (container for food)</li></ol>
mantua	<i>noun</i><br><ol><li>A parent-in-law.</li></ol>
maritam	<i>noun</i><br><ol><li>fruit of the tropical tree Nephelium ramboutan-ake</li></ol>
maritus|meritus	<i>noun</i><br><ol><li>pili, edible nut of the tropical tree Canarium ovatum</li></ol>
mata	<i>noun</i><br><ol><li>eye (organ)</li><li>the sharp edge of a blade, edge (as opposed to spine)</li><li>point (knife)</li></ol>
mendung	<i>adj</i><br><ol><li>cloudy (weather)</li></ol>
mija	<i>noun</i><br><ol><li>table (item of furniture)</li></ol>
muara	<i>noun</i><br><ol><li>mouth (the end of a river out of which water flows)</li></ol>
muda	<i>adj</i><br><ol><li>young (age of a living being)</li><li>light (shade of colour)</li></ol>
mulut	<i>noun</i><br><ol><li>(anatomy) mouth</li></ol>
musim	<i>noun</i><br><ol><li>season (quarter of a year)</li><li>season (part of year with something special)</li></ol>
musim bunga	<i>noun</i><br><ol><li>spring (season)</li></ol>
musim luruh	<i>noun</i><br><ol><li>autumn, fall</li></ol>
musim panas	<i>noun</i><br><ol><li>summer</li></ol>
musim sajuk	<i>noun</i><br><ol><li>winter</li></ol>
nanas	<i>noun</i><br><ol><li>pineapple (fruit)</li></ol>
nangka	<i>noun</i><br><ol><li>jackfruit, fruit of the tropical tree Artocarpus heterophyllus</li></ol>
nasi	<i>noun</i><br><ol><li>cooked rice</li></ol>
nini	<i>noun</i><br><ol><li>grandparent; grandfather or grandmother</li></ol>
numbur	<i>noun</i><br><ol><li>number (abstract entity)</li></ol>
nyamuk	<i>noun</i><br><ol><li>mosquito (small flying insect of the family Culicidae, known for biting and sucking blood)</li></ol>
paip	<i>noun</i><br><ol><li>water pipe</li><li>tap (device to dispense liquid)</li></ol>
paku	<i>noun</i><br><ol><li>nail (metal)</li></ol>
pandan	<i>noun</i><br><ol><li>Pandanus amaryllifolius, an aromatic tropical plant</li><li>food flavour derived from the leaves of Pandanus amaryllifolius</li></ol>
pangalaban|pengalaban	<i>noun</i><br><ol><li>Fruit of the tropical tree, Litsea garciae.</li></ol>
panggil	<i>verb</i><br><ol><li>to call (to request, summon, or beckon)</li></ol>
panjang	<i>adj</i><br><ol><li>long (length)</li></ol>
pantai	<i>noun</i><br><ol><li>beach</li></ol>
panyu	<i>noun</i><br><ol><li>sea turtle</li></ol>
parut	<i>noun</i><br><ol><li>belly (abdomen)</li><li>stomach (digestive organ)</li></ol>
pasir	<i>noun</i><br><ol><li>sand (finely ground rock)</li></ol>
patang	<i>adj</i><br><ol><li>dark (having lack of light)</li></ol><br><i>noun</i><br><ol><li>The time of the day between noon and dusk; afternoon or evening.</li></ol>
paya	<i>noun</i><br><ol><li>swamp</li></ol>
payau	<i>noun</i><br><ol><li>deer</li></ol>
pelangi	<i>noun</i><br><ol><li>rainbow (multicoloured arch in the sky)</li></ol>
penyangat|panyangat	<i>noun</i><br><ol><li>bee (insect)</li></ol>
perempuan	<i>noun</i><br><ol><li>female person; woman or girl</li></ol><br><i>adj</i><br><ol><li>(of humans) female</li></ol>
piasau	<i>noun</i><br><ol><li>coconut (fruit of coco palm)</li></ol>
pindik	<i>adj</i><br><ol><li>short (length)</li><li>short (height)</li></ol>
pinggan	<i>noun</i><br><ol><li>Synonym of piring (“plate”)</li></ol>
pinggang	<i>noun</i><br><ol><li>(anatomy) waist (part of the body)</li></ol>
pipi	<i>noun</i><br><ol><li>(anatomy) cheek (part of the face)</li></ol>
piring	<i>noun</i><br><ol><li>plate (flat dish)</li></ol>
pisang	<i>noun</i><br><ol><li>banana (fruit)</li></ol>
puhun	<i>noun</i><br><ol><li>A tree.</li><li>A shrub.</li></ol>
puhun pisang	<i>noun</i><br><ol><li>banana tree</li></ol>
pukuk pisang	<i>noun</i><br><ol><li>banana tree</li></ol>
pulasan	<i>noun</i><br><ol><li>fruit of the tropical tree Nephelium ramboutan-ake</li></ol>
pulau	<i>noun</i><br><ol><li>island (area of land surrounded by water)</li></ol>
putih	<i>adj</i><br><ol><li>white (bright and colourless)</li><li>fair (skin tone), fair-skinned</li></ol><br><i>noun</i><br><ol><li>white (colour)</li></ol>
rabus	<i>verb</i><br><ol><li>to boil (cook in boiling water)</li></ol>
raja	<i>noun</i><br><ol><li>king</li></ol>
rama-rama	<i>noun</i><br><ol><li>butterfly</li><li>moth</li></ol>
rambut	<i>noun</i><br><ol><li>(anatomy) hair (a pigmented keratinaceous growth on the human head)</li></ol>
rambutan	<i>noun</i><br><ol><li>rambutan, fruit of the tropical tree Nephelium lappaceum</li></ol>
randah	<i>adj</i><br><ol><li>low (elevation)</li><li>short (height)</li></ol>
rangit	<i>noun</i><br><ol><li>mosquito</li></ol>
ribut	<i>noun</i><br><ol><li>storm (disturbed state of the atmosphere)</li></ol>
rumah	<i>noun</i><br><ol><li>house (abode)</li><li>home (house or structure in which someone lives)</li></ol>
rumpai laut	<i>noun</i><br><ol><li>seaweed</li></ol>
rutan	<i>noun</i><br><ol><li>rattan</li></ol>
ruti paun	<i>noun</i><br><ol><li>bread (baked dough made from cereals)</li></ol>
sabal	<i>noun</i><br><ol><li>(dialect, Bandar) fruit of Dacryodes expansa</li></ol>
sajuk	<i>adj</i><br><ol><li>cold (having a low temperature)</li></ol>
salang|سالڠ-سالڠ|سالڠku|salangku|salangmu|سالڠnya|سالڠmu|سالڠ|salangnya|salang-salang	<i>noun</i><br><ol><li>resin (secretion of plants)</li><li>resin (viscous liquid of plant origin)</li></ol>
salji	<i>noun</i><br><ol><li>snow (precipitation)</li></ol>
sambilan	<i>num</i><br><ol><li>nine</li></ol>
samut	<i>noun</i><br><ol><li>ant</li></ol>
sangat	<i>verb</i><br><ol><li>(of a bee) To sting.</li></ol>
santul	<i>noun</i><br><ol><li>fruit of the tropical tree, Sandoricum koetjape, native to Southeast Asia</li></ol>
sapuluh	<i>num</i><br><ol><li>ten</li></ol>
sarai	<i>noun</i><br><ol><li>lemongrass</li></ol>
satu	<i>num</i><br><ol><li>one</li></ol>
saudara	<i>noun</i><br><ol><li>relative (someone connected by blood, marriage or adoption)</li></ol>
sayur	<i>noun</i><br><ol><li>vegetable</li></ol>
selimut	<i>noun</i><br><ol><li>blanket (fabric)</li></ol>
selipar	<i>noun</i><br><ol><li>slipper (low shoe slipped on and off easily)</li></ol>
seluar	<i>noun</i><br><ol><li>trousers (UK), pants (US)</li></ol>
sibut	<i>noun</i><br><ol><li>fruit of Dacryodes expansa, a tropical tree endemic to Borneo</li></ol>
sigup	<i>noun</i><br><ol><li>cigarette</li></ol>
sikoi	<i>noun</i><br><ol><li>watermelon (fruit)</li></ol>
siling	<i>noun</i><br><ol><li>ceiling (upper limit of room)</li></ol>
sinduk	<i>noun</i><br><ol><li>large wooden spoon used for stirring food in cooking</li><li>ladle (deep-bowled spoon with long handle)</li><li>spatula (ktichen utensil for turning and lifting)</li></ol>
singa	<i>noun</i><br><ol><li>lion (big cat Panthera leo)</li></ol>
sipak	<i>verb</i><br><ol><li>Synonym of tandang (“to kick”)</li></ol>
sira	<i>noun</i><br><ol><li>salt (sodium chloride)</li></ol>
sisir	<i>noun</i><br><ol><li>comb</li></ol><br><i>verb</i><br><ol><li>to comb (use a comb to groom hair, fur etc.)</li></ol>
skulah	<i>noun</i><br><ol><li>school, schools</li></ol><br><i>verb</i><br><ol><li>to attend school</li><li>to study (as opposed to going for work)</li></ol>
skulah menengah	<i>noun</i><br><ol><li>(education) secondary school (UK), high school (US)</li></ol>
skulah rendah	<i>noun</i><br><ol><li>primary school (UK), elementary school (US)</li></ol>
speaker	<i>noun</i><br><ol><li>(colloquial) loudspeaker</li></ol>
stukin	<i>noun</i><br><ol><li>sock (covering for the foot)</li></ol>
sudu	<i>noun</i><br><ol><li>spoon (scooped utensil for eating (or serving))</li></ol>
sukang|durian sukang	<i>noun</i><br><ol><li>A type of durian; fruit of the tropical tree, Durio oxleyanus.</li></ol>
sukun	<i>noun</i><br><ol><li>breadfruit, fruit of the tropical tree Artocarpus altilis</li></ol>
sumit	<i>noun</i><br><ol><li>moustache (hair on upper lip)</li></ol>
sungai	<i>noun</i><br><ol><li>river (large stream which drains a landmass)</li></ol>
sutung	<i>noun</i><br><ol><li>squid (animal)</li><li>cuttlefish</li><li>octopus (animal)</li></ol>
tabir	<i>noun</i><br><ol><li>curtain</li></ol>
tabuk	<i>noun</i><br><ol><li>window (opening for light and air)</li></ol>
tali	<i>noun</i><br><ol><li>rope</li></ol>
tali pinggang	<i>noun</i><br><ol><li>(clothing) belt</li></ol>
talipaun	<i>noun</i><br><ol><li>(dialect, Kampong Ayer) Alternative form of talipun (“telephone”)</li></ol><br><i>verb</i><br><ol><li>(dialect, Kampong Ayer) Alternative form of talipun (“to call (to contact by telephone)”)</li></ol>
talipun|telipun	<i>noun</i><br><ol><li>telephone</li></ol><br><i>verb</i><br><ol><li>To call (to contact by telephone)</li></ol>
talur	<i>noun</i><br><ol><li>egg</li></ol>
tambak	<i>noun</i><br><ol><li>stove (device for heating food), cooker</li></ol>
tamparik	<i>noun</i><br><ol><li>(dialect, Kampong Ayer) Alternative form of temparik</li></ol>
tampat	<i>noun</i><br><ol><li>place (location, position)</li></ol>
tampoi	<i>noun</i><br><ol><li>Fruit of the tropical tree, Baccaurea macrocarpa.</li></ol>
tampoi antu	<i>noun</i><br><ol><li>Fruit of the tropical tree, Baccaurea bracteata.</li></ol>
tampoi balimbing	<i>noun</i><br><ol><li>Fruit of the tropical tree, Baccaurea reticulata.</li></ol>
tampoi silau	<i>noun</i><br><ol><li>Fruit of the tropical tree, Baccaurea costulata.</li></ol>
tampoi sulang	<i>noun</i><br><ol><li>Fruit of the tropical tree, Baccaurea pyriformis.</li></ol>
tanah	<i>noun</i><br><ol><li>soil (mixture of sand and organic material)</li></ol>
tandang	<i>verb</i><br><ol><li>to kick (strike with the foot or leg)</li></ol>
tangah malam	<i>noun</i><br><ol><li>midnight</li></ol>
tapung	<i>noun</i><br><ol><li>flour (ground cereal grains)</li></ol>
tarang	<i>adj</i><br><ol><li>bright (visually dazzling, luminous, radiant)</li></ol>
tarap	<i>noun</i><br><ol><li>Fruit of the tropical tree, Artocarpus odoratissimus, native to Borneo, Palawan and Mindanao islands in Southeast Asia.</li></ol>
tarap ikal	<i>noun</i><br><ol><li>Fruit of the tropical tree, Artocarpus anisophyllus, native to Peninsular Malaysia, Sumatra and Borneo in Southeast Asia.</li></ol>
tasik	<i>noun</i><br><ol><li>lake (body of water)</li></ol>
tebu	<i>noun</i><br><ol><li>sugar cane (species of grass)</li></ol>
telinga	<i>noun</i><br><ol><li>(anatomy) ear</li></ol>
temparik	<i>noun</i><br><ol><li>Loud thunder, especially one that appears immediately after a lightning.</li></ol>
tibadak	<i>noun</i><br><ol><li>chempedak; fruit of the tropical tree, Artocarpus integer, native to Southeast Asia</li></ol>
tibadak umang	<i>noun</i><br><ol><li>Fruit of the tropical tree, Ficus deltoidea.</li></ol>
tiga	<i>num</i><br><ol><li>three</li></ol>
tilam	<i>noun</i><br><ol><li>mattress (a pad on which a person can recline and sleep)</li></ol>
timbak	<i>verb</i><br><ol><li>To shoot (to fire a shot).</li></ol>
timun	<i>noun</i><br><ol><li>cucumber</li></ol>
tinggi	<i>adj</i><br><ol><li>high (elevation)</li><li>tall (height)</li></ol>
tua	<i>adj</i><br><ol><li>old (age of a living being)</li></ol>
tuala	<i>noun</i><br><ol><li>towel (cloth used for wiping)</li></ol>
tuha	<i>adj</i><br><ol><li>(Kedayan, dialect) old (age of a living being)</li></ol>
tuhut	<i>noun</i><br><ol><li>(anatomy) knee</li></ol>
tujuh	<i>num</i><br><ol><li>seven</li></ol>
tukang jait	<i>noun</i><br><ol><li>tailor</li></ol>
tulak	<i>verb</i><br><ol><li>push</li><li>subtract</li></ol>
tulang	<i>noun</i><br><ol><li>(anatomy) bone</li></ol>
tulung	<i>noun</i><br><ol><li>help</li></ol><br><i>verb</i><br><ol><li>help</li></ol>
tupai	<i>noun</i><br><ol><li>squirrel</li></ol>
tupi	<i>noun</i><br><ol><li>hat (head covering)</li></ol>
ubi gantang	<i>noun</i><br><ol><li>potato</li></ol>
ubur-ubur	<i>noun</i><br><ol><li>jellyfish</li></ol>
ucing	<i>noun</i><br><ol><li>cat (domestic species)</li></ol>
udara	<i>noun</i><br><ol><li>air</li></ol>
ujan	<i>noun</i><br><ol><li>rain (condensed water from a cloud)</li></ol>
ular	<i>noun</i><br><ol><li>snake (animal)</li></ol>
ulat	<i>noun</i><br><ol><li>larva (young of an insect)</li><li>caterpillar (young of a butterfly or moth)</li><li>maggot (young of a fly)</li></ol>
ulat bulu	<i>noun</i><br><ol><li>caterpillar (young of a butterfly or moth)</li></ol>
unta	<i>noun</i><br><ol><li>camel</li></ol>
usin	<i>noun</i><br><ol><li>money</li><li>cash</li></ol>
utan	<i>noun</i><br><ol><li>forest (dense collection of trees)</li></ol>
wasai	<i>noun</i><br><ol><li>waterfall (flow of water over the edge of a cliff)</li></ol>
