Afganistán	<i>name</i><br><ol><li>Afghanistan (a country in Asia)</li></ol>
Albania	<i>name</i><br><ol><li>Albania (a country in Europe)</li></ol>
Alemania	<i>name</i><br><ol><li>Germany (a country in Europe)</li></ol>
Andorra	<i>name</i><br><ol><li>Andorra (a country in Europe)</li></ol>
Angola	<i>name</i><br><ol><li>Angola (a country in Africa)</li></ol>
Antigua uan Barbuda	<i>name</i><br><ol><li>Antigua and Barbuda (a country in North America)</li></ol>
Argelia	<i>name</i><br><ol><li>Algeria (a country in Africa)</li></ol>
Argentina	<i>name</i><br><ol><li>Argentina (a country in South America)</li></ol>
Atlapechko	<i>name</i><br><ol><li>Atlapexco.</li></ol>
Australia	<i>name</i><br><ol><li>Australia (a continent and country in Oceania)</li></ol>
Austria	<i>name</i><br><ol><li>Austria (a country in Europe)</li></ol>
Azerbaiyán	<i>name</i><br><ol><li>Azerbaijan (a country in Europe and Asia)</li></ol>
Bangladesh	<i>name</i><br><ol><li>Bangladesh (a country in Asia)</li></ol>
Beijing	<i>name</i><br><ol><li>Beijing (the capital city of China)</li></ol>
Belice	<i>name</i><br><ol><li>Belize (a country in Central America)</li></ol>
Bolivia	<i>name</i><br><ol><li>Bolivia (a country in South America)</li></ol>
Botsuana	<i>name</i><br><ol><li>Botswana (a country in Africa)</li></ol>
Brasil	<i>name</i><br><ol><li>Brazil (a country in South America)</li></ol>
Burkina Faso	<i>name</i><br><ol><li>Burkina Faso (a country in Africa)</li></ol>
Burundi	<i>name</i><br><ol><li>Burundi (a country in Africa)</li></ol>
Bután	<i>name</i><br><ol><li>Bhutan (a country in Asia)</li></ol>
Camboya	<i>name</i><br><ol><li>Cambodia (a country in Asia)</li></ol>
Canadá	<i>name</i><br><ol><li>Canada (a country in North America)</li></ol>
Chad	<i>name</i><br><ol><li>Chad (a country in Africa)</li></ol>
Chile	<i>name</i><br><ol><li>Chile (a country in South America)</li></ol>
China	<i>name</i><br><ol><li>China (a country in Asia)</li></ol>
Colombia	<i>name</i><br><ol><li>Colombia (a country in South America)</li></ol>
Costa Rica	<i>name</i><br><ol><li>Costa Rica (a country in Central America)</li></ol>
Ecuador	<i>name</i><br><ol><li>Ecuador (a country in South America)</li></ol>
Egipto	<i>name</i><br><ol><li>Egypt (a country in Africa)</li></ol>
El Salvador	<i>name</i><br><ol><li>El Salvador (a country in Central America)</li></ol>
Eritrea	<i>name</i><br><ol><li>Eritrea (a country in Africa)</li></ol>
España	<i>name</i><br><ol><li>Spain (a country in Europe)</li></ol>
Etiopia	<i>name</i><br><ol><li>Ethiopia (a country in Africa)</li></ol>
Filipinas	<i>name</i><br><ol><li>Philippines (a country in Asia)</li></ol>
Finlandia	<i>name</i><br><ol><li>Finland (a country in Europe)</li></ol>
Francia	<i>name</i><br><ol><li>France (a country in Europe)</li></ol>
Gabón	<i>name</i><br><ol><li>Gabon (a country in Africa)</li></ol>
Gambia	<i>name</i><br><ol><li>Gambia (a country in Africa)</li></ol>
Ghana	<i>name</i><br><ol><li>Ghana (a country in Africa)</li></ol>
Guadalajara	<i>name</i><br><ol><li>Guadalajara (the capital city of the state of Jalisco, Mexico)</li></ol>
Guatemala	<i>name</i><br><ol><li>Guatemala (a country in Central America)</li></ol>
Guinea	<i>name</i><br><ol><li>Guinea (a country in Africa)</li></ol>
Guinea-Bissau	<i>name</i><br><ol><li>Guinea-Bissau (a country in Africa)</li></ol>
Guyana	<i>name</i><br><ol><li>Guyana (a country in South America)</li></ol>
Hidalgo	<i>name</i><br><ol><li>Hidalgo (a state of Mexico)</li></ol>
Honduras	<i>name</i><br><ol><li>Honduras (a country in Central America)</li></ol>
India	<i>name</i><br><ol><li>India (a country in Asia)</li></ol>
Indonesia	<i>name</i><br><ol><li>Indonesia (a country in Asia)</li></ol>
Irak	<i>name</i><br><ol><li>Iraq (a country in Asia)</li></ol>
Irán	<i>name</i><br><ol><li>Irán (a country in Asia)</li></ol>
Israel	<i>name</i><br><ol><li>Israel (a country in Asia)</li></ol>
Italia	<i>name</i><br><ol><li>Italy (a country in Europe)</li></ol>
Japón	<i>name</i><br><ol><li>Japan (a country in Asia)</li></ol>
Jordania	<i>name</i><br><ol><li>Jordan (a country in Asia)</li></ol>
Kaxtilan	<i>name</i><br><ol><li>Spain.</li><li>Castile.</li></ol>
Kenia	<i>name</i><br><ol><li>Kenya (a country in Africa)</li></ol>
Kiribati	<i>name</i><br><ol><li>Kiribati (a country in Oceania)</li></ol>
Kolombia	<i>name</i><br><ol><li>Colombia (a country in South America)</li></ol>
Kuextekapaj	<i>name</i><br><ol><li>Huasteca</li></ol>
Laos	<i>name</i><br><ol><li>Laos (a country in Asia)</li></ol>
Lesotho	<i>name</i><br><ol><li>Lesotho (a country in Africa)</li></ol>
Liberia	<i>name</i><br><ol><li>Liberia (a country in Africa)</li></ol>
Libia	<i>name</i><br><ol><li>Libya (a country in Africa)</li></ol>
Madagascar	<i>name</i><br><ol><li>Madagascar (a country in Africa)</li></ol>
Madrid	<i>name</i><br><ol><li>Madrid (the capital city of Spain)</li></ol>
Malaui	<i>name</i><br><ol><li>Malawi (a country in Africa)</li></ol>
Marruecos	<i>name</i><br><ol><li>Marocco (a country in Africa)</li></ol>
Mauritania	<i>name</i><br><ol><li>Mauritania (a country in Africa)</li></ol>
Mexko	<i>name</i><br><ol><li>Mexico (a country in North America)</li></ol>
Mexko tlali	<i>name</i><br><ol><li>Mexico.</li></ol>
Mexkoaltepetl	<i>name</i><br><ol><li>Mexico City (the capital city of Mexico)</li></ol>
Mexkotlatokajyotl	<i>name</i><br><ol><li>Mexico State, State of Mexico.</li></ol>
Mongolia	<i>name</i><br><ol><li>Mongolia (a country in Asia)</li></ol>
Monterrey	<i>name</i><br><ol><li>Monterrey (the capital city of the state of Nuevo León, Mexico)</li></ol>
Mozambique	<i>name</i><br><ol><li>Mozambique (a country in Africa)</li></ol>
Mónaco	<i>name</i><br><ol><li>Monaco (a country in Europe)</li></ol>
Namibia	<i>name</i><br><ol><li>Namibia (a country in Africa)</li></ol>
Nepal	<i>name</i><br><ol><li>Nepal (a country in Asia)</li></ol>
Nicaragua	<i>name</i><br><ol><li>Nicaragua (a country in Central America)</li></ol>
Niger	<i>name</i><br><ol><li>Niger (a country in Africa)</li></ol>
Noruega	<i>name</i><br><ol><li>Norway (a country in Europe)</li></ol>
Pachuka	<i>name</i><br><ol><li>Pachuca (the capital city of the state of Hidalgo, Mexico)</li></ol>
Pakistán	<i>name</i><br><ol><li>Pakistan (a country in Asia)</li></ol>
Palestina	<i>name</i><br><ol><li>Palestine (a country in Asia)</li></ol>
Panamá	<i>name</i><br><ol><li>Panama (a country in Central America)</li></ol>
Paraguay	<i>name</i><br><ol><li>Paraguay (a country in South America)</li></ol>
Perú	<i>name</i><br><ol><li>Peru (a country in South America)</li></ol>
Polonia	<i>name</i><br><ol><li>Poland (a country in Europe)</li></ol>
Portugal	<i>name</i><br><ol><li>Portugal (a country in Southern Europe)</li></ol>
Puebla	<i>name</i><br><ol><li>Puebla (a state of Mexico)</li></ol>
Ruanda	<i>name</i><br><ol><li>Rwanda (a country in Africa)</li></ol>
Rusia	<i>name</i><br><ol><li>Russia (a country in Europe and Asia)</li></ol>
Saint Kitts uan Nevis	<i>name</i><br><ol><li>Saint Kitts and Nevis (a country in North America)</li></ol>
Samoa	<i>name</i><br><ol><li>Samoa (a country in Oceania)</li></ol>
San Marino	<i>name</i><br><ol><li>San Marino (a country in Europe)</li></ol>
San Vicente uan Granadinas	<i>name</i><br><ol><li>Saint Vincent and the Granadines (a country in North America)</li></ol>
Santa Lucía	<i>name</i><br><ol><li>Saint Lucia (a country in North America)</li></ol>
Serbia	<i>name</i><br><ol><li>Serbia (a country in Europe)</li></ol>
Sierra Leona	<i>name</i><br><ol><li>Sierra Leone (a country in Africa)</li></ol>
Somalia	<i>name</i><br><ol><li>Somalia (a country in Africa)</li></ol>
Sri Lanka	<i>name</i><br><ol><li>Sri Lanka (a country in Asia)</li></ol>
Sudán	<i>name</i><br><ol><li>Sudan (a country in Africa)</li></ol>
Suiza	<i>name</i><br><ol><li>Switzerland (a country in Europe)</li></ol>
Tailandia	<i>name</i><br><ol><li>Thailand (a country in Asia)</li></ol>
Taiwán	<i>name</i><br><ol><li>Taiwan (a country in Asia)</li></ol>
Tanzania	<i>name</i><br><ol><li>Tanzania (a country in Africa)</li></ol>
Tayikistán	<i>name</i><br><ol><li>Tajikistan (a country in Asia)</li></ol>
Tijuana	<i>name</i><br><ol><li>Tijuana (the largest city in the state of Baja California, Mexico)</li></ol>
Tlaxkala	<i>name</i><br><ol><li>Tlaxcala</li></ol>
Togo	<i>name</i><br><ol><li>Togo (a country in Africa)</li></ol>
Tokio	<i>name</i><br><ol><li>Tokyo (the capital city of Japan)</li></ol>
Tunisia	<i>name</i><br><ol><li>Tunisia (a country in Africa)</li></ol>
Uexota	<i>name</i><br><ol><li>Huejutla, Huejutla City.</li></ol>
Uexotlaj	<i>name</i><br><ol><li>Huejutla (the largest city in the state of Hidalgo, Mexico)</li></ol>
Uruguay	<i>name</i><br><ol><li>Uruguay (a country in South America)</li></ol>
Uzbekistán	<i>name</i><br><ol><li>Uzbekistan (a country in Asia)</li></ol>
Venezuela	<i>name</i><br><ol><li>Venezuela (a country in South America)</li></ol>
Vietnam	<i>name</i><br><ol><li>Vietnam (a country in Asia)</li></ol>
Xochiatipan	<i>name</i><br><ol><li>Xochiatipan.</li></ol>
Zambia	<i>name</i><br><ol><li>Zambia (a country in Africa)</li></ol>
Zimbabue	<i>name</i><br><ol><li>Zimbabwe (a country in Africa)</li></ol>
achakalij	<i>noun</i><br><ol><li>shrimp</li></ol>
achi	<i>adv</i><br><ol><li>small.</li></ol><br><i>det</i><br><ol><li>a little.</li></ol>
achichiltik	<i>adj</i><br><ol><li>pink.</li></ol>
achikiuitl	<i>noun</i><br><ol><li>basquet cane.</li></ol>
achiua	<i>verb</i><br><ol><li>to make water or beverage.</li></ol>
achiyok	<i>adv</i><br><ol><li>I want anymore</li></ol>
achtli	<i>noun</i><br><ol><li>seed, semen</li></ol>
aimaratlajtoli	<i>name</i><br><ol><li>Aymara language.</li></ol>
ajakatl	<i>noun</i><br><ol><li>wind</li></ol>
ajauili	<i>noun</i><br><ol><li>toy</li></ol>
ajkoli	<i>noun</i><br><ol><li>arm.</li></ol>
ajkotl	<i>noun</i><br><ol><li>Shoulder.</li></ol>
ajoli	<i>noun</i><br><ol><li>sesame.</li></ol>
ajuayotl	<i>noun</i><br><ol><li>itch.</li></ol>
ajuechtli	<i>noun</i><br><ol><li>dew.</li></ol>
ajuiyak	<i>adj</i><br><ol><li>tasty.</li></ol>
ajuiyatik	<i>adj</i><br><ol><li>spiced.</li></ol>
akali	<i>noun</i><br><ol><li>canoe</li></ol>
akasamalotl	<i>noun</i><br><ol><li>rainbow.</li></ol>
akatl	<i>noun</i><br><ol><li>reed</li></ol>
akatlapitsali	<i>noun</i><br><ol><li>flute cane, flute pan.</li></ol>
akatsana	<i>noun</i><br><ol><li>Thrush.</li></ol>
akauastli	<i>noun</i><br><ol><li>stairs, stairway.</li></ol>
akaxilotl	<i>noun</i><br><ol><li>yuca</li></ol>
akaxochitl	<i>noun</i><br><ol><li>flower cane.</li></ol>
aketspali	<i>noun</i><br><ol><li>alligator, caiman, crocodile.</li></ol>
akoatl|akoamej	<i>noun</i><br><ol><li>Water Snake.</li></ol>
alauajtli	<i>noun</i><br><ol><li>jonote</li></ol>
alauak	<i>adj</i><br><ol><li>slippery</li></ol>
alemántlajtoli	<i>name</i><br><ol><li>German language.</li></ol>
altepet	<i>noun</i><br><ol><li>city.</li></ol>
altepetl	<i>noun</i><br><ol><li>city.</li></ol>
altepetlali	<i>noun</i><br><ol><li>municipality</li></ol>
amakalko	<i>noun</i><br><ol><li>stationery</li></ol>
amapoualistli	<i>noun</i><br><ol><li>reading</li></ol>
amatl	<i>noun</i><br><ol><li>peper</li></ol>
amatlajkuiloli	<i>noun</i><br><ol><li>archive</li></ol>
amatlajtoli	<i>noun</i><br><ol><li>testament writting.</li></ol>
amatlaxkalyoyomitl	<i>noun</i><br><ol><li>handkerschief</li></ol>
amatomij	<i>noun</i><br><ol><li>bill</li></ol>
amochtli	<i>noun</i><br><ol><li>book</li></ol>
apachkoatl	<i>noun</i><br><ol><li>palm snake.</li></ol>
apasotl	<i>noun</i><br><ol><li>epazote.</li></ol>
apipiyalotl	<i>noun</i><br><ol><li>dragonfly</li></ol>
apolij	<i>noun</i><br><ol><li>cherry, capulin.</li></ol>
asetl	<i>noun</i><br><ol><li>ice cream, snow cone.</li></ol>
asta mostlaj	<i>noun</i><br><ol><li>goodbye.</li></ol>
astatl	<i>noun</i><br><ol><li>heron.</li></ol>
asultik	<i>noun</i><br><ol><li>blue.</li></ol>
ateskatl	<i>noun</i><br><ol><li>lake</li></ol>
atimitl	<i>noun</i><br><ol><li>louse.</li></ol>
atl	<i>noun</i><br><ol><li>water</li></ol>
atoli	<i>noun</i><br><ol><li>atole.</li></ol>
atotoli	<i>noun</i><br><ol><li>pelican</li></ol>
atototl	<i>noun</i><br><ol><li>heron</li></ol>
auakakoauitl	<i>noun</i><br><ol><li>(Persea americana) avocado tree.</li></ol>
auakatl|auakamej	<i>noun</i><br><ol><li>avocado.</li></ol>
auatl	<i>noun</i><br><ol><li>Oak.</li></ol>
aui	<i>noun</i><br><ol><li>aunt.</li></ol>
axilij	<i>noun</i><br><ol><li>lizard.</li></ol>
axixteko	<i>noun</i><br><ol><li>bladder.</li></ol>
axkanali	<i>noun</i><br><ol><li>ant</li></ol>
axkaneli	<i>noun</i><br><ol><li>ant.</li></ol>
axkuali	<i>adj</i><br><ol><li>bad.</li></ol>
axokotl	<i>noun</i><br><ol><li>ajocote</li></ol>
axolotl	<i>noun</i><br><ol><li>axolotl</li></ol>
ayakachtli	<i>noun</i><br><ol><li>rattle</li></ol>
ayatl	<i>noun</i><br><ol><li>ayate.</li></ol>
ayitochij	<i>noun</i><br><ol><li>Armadillo.</li></ol>
ayojtli	<i>noun</i><br><ol><li>(Cucurbita pepo) pumpkin.</li></ol>
ayoktli	<i>noun</i><br><ol><li>pumpkin.</li></ol>
ayotl	<i>noun</i><br><ol><li>turtle.</li></ol>
biblia	<i>noun</i><br><ol><li>bible.</li></ol>
borroj	<i>noun</i><br><ol><li>Donkey.</li></ol>
bribritlajtoli	<i>name</i><br><ol><li>Bribri language.</li></ol>
chacha	<i>noun</i><br><ol><li>pitahaya.</li></ol>
chachapale	<i>noun</i><br><ol><li>pot, kettle, stew.</li></ol>
chachapali	<i>noun</i><br><ol><li>pot, kettle, stew.</li></ol>
chajma	<i>noun</i><br><ol><li>King vulture.</li></ol>
chakalij	<i>noun</i><br><ol><li>prawn, shirmp.</li></ol>
chalauijtli	<i>noun</i><br><ol><li>chalahuite.</li></ol>
chalauitli	<i>noun</i><br><ol><li>chalahuite</li></ol>
chalchokotl	<i>noun</i><br><ol><li>guava.</li></ol>
chamantli	<i>noun</i><br><ol><li>sprout.</li></ol>
chanchaka	<i>noun</i><br><ol><li>sugar.</li></ol>
chankaka	<i>noun</i><br><ol><li>Sugar, piloncillo.</li></ol>
chapoli|chapolimej	<i>noun</i><br><ol><li>grasshopper.</li></ol>
chapopojtli	<i>noun</i><br><ol><li>fuel, asphalt.</li></ol>
chayojtli	<i>noun</i><br><ol><li>chayote.</li></ol>
chayotli	<i>noun</i><br><ol><li>chayote.</li></ol>
chichi|chichimej	<i>noun</i><br><ol><li>dog.</li></ol>
chichik	<i>adj</i><br><ol><li>sour, bitter.</li></ol>
chichikatl	<i>noun</i><br><ol><li>bile.</li></ol>
chichilsauatl	<i>noun</i><br><ol><li>scabies, mange.</li></ol>
chichiltik	<i>noun</i><br><ol><li>red.</li></ol>
chichiualayotl	<i>noun</i><br><ol><li>butter.</li></ol>
chichiuali	<i>noun</i><br><ol><li>breast.</li></ol>
chikiuitl	<i>noun</i><br><ol><li>basquet.</li></ol>
chiknaui|se	<i>num</i><br><ol><li>(it is) nine in number.</li></ol>
chikojtsapotl	<i>noun</i><br><ol><li>sapodilla.</li></ol>
chikome|se	<i>num</i><br><ol><li>(it is) seven in number.</li></ol>
chikuase|se	<i>num</i><br><ol><li>(it is) six in number.</li></ol>
chikueyi|se	<i>num</i><br><ol><li>(it is) eight in number.</li></ol>
chili	<i>noun</i><br><ol><li>chile.</li></ol>
chilkaxitl	<i>noun</i><br><ol><li>bowl, molcajete.</li></ol>
chilkostik	<i>adj</i><br><ol><li>orange (color).</li></ol>
chiltlaxkali	<i>noun</i><br><ol><li>Enchilada.</li></ol>
chiltototl	<i>noun</i><br><ol><li>Northern Cardinal, calender.</li></ol>
chimali	<i>noun</i><br><ol><li>shield, coat of arms.</li></ol>
chinanko	<i>noun</i><br><ol><li>Village.</li></ol>
chinotlajtoli	<i>name</i><br><ol><li>Chinese language.</li></ol>
chipauak	<i>noun</i><br><ol><li>white.</li></ol>
chipojtli	<i>noun</i><br><ol><li>tick.</li></ol>
choka	<i>noun</i><br><ol><li>to cry.</li></ol>
chokolasetl	<i>noun</i><br><ol><li>Chocolate ice cream.</li></ol>
chokolatik	<i>noun</i><br><ol><li>brown.</li></ol>
chokolatl	<i>noun</i><br><ol><li>Chocolate.</li></ol>
chololo	<i>noun</i><br><ol><li>snail.</li></ol>
chompetlatl	<i>noun</i><br><ol><li>tilapia.</li></ol>
dinosaurio	<i>noun</i><br><ol><li>dinosaur.</li></ol>
ekauiloni	<i>noun</i><br><ol><li>umbrella</li></ol>
elaj	<i>noun</i><br><ol><li>armpit.</li></ol>
elchiki	<i>noun</i><br><ol><li>rib.</li></ol>
elefante|elefantemej	<i>noun</i><br><ol><li>elephant.</li></ol>
eloatoli	<i>noun</i><br><ol><li>sweet corn atole.</li></ol>
elotl	<i>noun</i><br><ol><li>A fresh ear of corn.</li></ol>
epatl|epamej	<i>noun</i><br><ol><li>skunk.</li></ol>
esperantotlajtoli	<i>name</i><br><ol><li>Esperanto language.</li></ol>
estli	<i>noun</i><br><ol><li>blood</li></ol>
esxokotl	<i>noun</i><br><ol><li>Pomegranate</li></ol>
etamali	<i>noun</i><br><ol><li>bean tamale.</li></ol>
etixtli	<i>noun</i><br><ol><li>Dough made from ground beans.</li></ol>
etl	<i>noun</i><br><ol><li>bean.</li></ol>
etsatl	<i>noun</i><br><ol><li>wasp</li></ol>
exotl	<i>noun</i><br><ol><li>green beans</li></ol>
eyi|se	<i>num</i><br><ol><li>(it is) three in number.</li></ol>
eyojti	<i>noun</i><br><ol><li>squash</li></ol>
eyojtli	<i>noun</i><br><ol><li>(Atlapexco) pumpkin.</li></ol>
eyoktli	<i>noun</i><br><ol><li>pummkin.</li></ol>
francéstlajtoli	<i>name</i><br><ol><li>French language.</li></ol>
guaranítlajtoli	<i>name</i><br><ol><li>Guarani language.</li></ol>
hebreotlajtoli	<i>name</i><br><ol><li>Hebrew language.</li></ol>
ichkatl	<i>noun</i><br><ol><li>Cotton.</li><li>Sheep.</li></ol>
ichkatlapiyali	<i>noun</i><br><ol><li>Sheep.</li></ol>
ijuitl	<i>noun</i><br><ol><li>feather or skin of an animal</li></ol>
ika	<i>conj</i><br><ol><li>with</li></ol>
ikni	<i>noun</i><br><ol><li>brother.</li></ol>
iluikatl	<i>noun</i><br><ol><li>sky</li></ol>
iluitl	<i>noun</i><br><ol><li>party, fair</li></ol>
ingléstlajtoli	<i>name</i><br><ol><li>English language.</li></ol>
istak	<i>adj</i><br><ol><li>white.</li></ol>
istatl	<i>noun</i><br><ol><li>salt.</li></ol>
italianotlajtoli	<i>name</i><br><ol><li>Italian language.</li></ol>
ixkopinali	<i>name</i><br><ol><li>image, foto.</li></ol>
ixkopinalketl	<i>name</i><br><ol><li>photographer.</li></ol>
ixteskatl	<i>noun</i><br><ol><li>glasses</li></ol>
ixtioli	<i>noun</i><br><ol><li>eye, face</li></ol>
iyatl	<i>noun</i><br><ol><li>tobacco</li></ol>
japonéstlajtoli	<i>name</i><br><ol><li>Japanese language.</li></ol>
jirafa	<i>noun</i><br><ol><li>giraffe.</li></ol>
kafej	<i>noun</i><br><ol><li>coffee.</li></ol>
kajtsotl	<i>noun</i><br><ol><li>(Atlapexco) jicama.</li></ol>
kakalotl	<i>noun</i><br><ol><li>crow.</li></ol>
kakauatl	<i>noun</i><br><ol><li>peanut.</li></ol>
kakomixtli	<i>noun</i><br><ol><li>ringtail, cacomistle (Bassariscus astutus)</li></ol>
kalatl	<i>noun</i><br><ol><li>frog.</li></ol>
kali	<i>noun</i><br><ol><li>building, house.</li></ol>
kaltsomitl	<i>noun</i><br><ol><li>underwear, briefs.</li></ol>
kaltsotl	<i>noun</i><br><ol><li>jicama</li></ol>
kamaktli	<i>noun</i><br><ol><li>mouth</li></ol>
kamojtli	<i>noun</i><br><ol><li>sweet potato.</li></ol>
kampamitl	<i>noun</i><br><ol><li>cheek.</li></ol>
kauayo	<i>noun</i><br><ol><li>Horse.</li></ol>
kauayoj	<i>noun</i><br><ol><li>horse.</li></ol>
kaxani	<i>verb</i><br><ol><li>to loosen, to slack off.</li></ol>
kaxitl	<i>noun</i><br><ol><li>stewpot.</li></ol>
kaxtilantlajtoli	<i>name</i><br><ol><li>Spanish language.</li></ol>
kaxtiltekatl	<i>name</i><br><ol><li>Spaniard, Spanish people.</li></ol>
kaxtiltekatlajtoli	<i>name</i><br><ol><li>Spanish language.</li></ol>
kaxtoli	<i>num</i><br><ol><li>fifteen.</li></ol>
kaxtoli uan eyi	<i>num</i><br><ol><li>eighteen.</li></ol>
kaxtoli uan naui	<i>num</i><br><ol><li>nineteen.</li></ol>
kaxtoli uan ome	<i>num</i><br><ol><li>seventeen.</li></ol>
kaxtoli uan se	<i>num</i><br><ol><li>sixteen.</li></ol>
ketsaltototl	<i>noun</i><br><ol><li>Quetzal (bird).</li></ol>
kichétlajtoli	<i>name</i><br><ol><li>K'ich'e language.</li></ol>
kikapútlajtoli	<i>name</i><br><ol><li>Kickapoo language.</li></ol>
kili	<i>noun</i><br><ol><li>parrot.</li></ol>
kilitl	<i>noun</i><br><ol><li>vegetable.</li></ol>
kimichi|kimichimej	<i>noun</i><br><ol><li>mouse.</li></ol>
kiyauitl	<i>noun</i><br><ol><li>rain.</li></ol>
koachichi	<i>noun</i><br><ol><li>kinkajou.</li></ol>
koajtli	<i>noun</i><br><ol><li>Eagle.</li></ol>
koamistli	<i>noun</i><br><ol><li>puma.</li></ol>
koamojmojtli	<i>noun</i><br><ol><li>Owl.</li></ol>
koamojmoktli	<i>noun</i><br><ol><li>Owl.</li></ol>
koapitso	<i>noun</i><br><ol><li>peccary</li></ol>
koapitsotl	<i>noun</i><br><ol><li>peccary.</li></ol>
koatele	<i>noun</i><br><ol><li>cock, rooster.</li></ol>
koatl|koamej	<i>noun</i><br><ol><li>Snake.</li></ol>
koatlajkayotl	<i>noun</i><br><ol><li>chayote</li></ol>
koatlajtli	<i>noun</i><br><ol><li>fruit</li></ol>
koatochi|koatochimej	<i>noun</i><br><ol><li>Rabbit.</li></ol>
koatochij	<i>noun</i><br><ol><li>Rabbit.</li></ol>
koatsapotl	<i>noun</i><br><ol><li>mamey.</li></ol>
koauitl	<i>noun</i><br><ol><li>(Yahualica) tree.</li></ol>
koaxokotl	<i>noun</i><br><ol><li>jobo.</li></ol>
kochi	<i>noun</i><br><ol><li>to sleep.</li></ol>
kocho	<i>noun</i><br><ol><li>parrot</li></ol>
kochomichij	<i>noun</i><br><ol><li>parrotfish.</li></ol>
kokax	<i>noun</i><br><ol><li>anona.</li></ol>
kokolistli	<i>noun</i><br><ol><li>sickness.</li></ol>
kokox	<i>noun</i><br><ol><li>coconut</li></ol>
kokoxketl	<i>noun</i><br><ol><li>a sick person.</li></ol>
kolotl	<i>noun</i><br><ol><li>scorpion.</li></ol>
komali	<i>noun</i><br><ol><li>comal.</li></ol>
kopali	<i>noun</i><br><ol><li>desert shrup.</li></ol>
kostik	<i>noun</i><br><ol><li>yellow.</li></ol>
koto	<i>noun</i><br><ol><li>poncho.</li><li>blanket.</li></ol>
koxualij	<i>noun</i><br><ol><li>turtle.</li></ol>
koyochichi	<i>noun</i><br><ol><li>Coyote.</li></ol>
koyotl	<i>noun</i><br><ol><li>mestizo; foreign people.</li></ol>
kua	<i>noun</i><br><ol><li>to eat.</li></ol>
kuakuaj	<i>noun</i><br><ol><li>horn.</li></ol>
kuali	<i>adj</i><br><ol><li>good.</li></ol>
kuaxilotl	<i>noun</i><br><ol><li>banana.</li></ol>
kuechkoatl	<i>noun</i><br><ol><li>rattlesnake.</li></ol>
kuextekatl	<i>name</i><br><ol><li>Wastek, Tének people.</li></ol>
kuextekatlajtoli	<i>name</i><br><ol><li>Wastek language, Tének language.</li></ol>
kueyitl	<i>noun</i><br><ol><li>skirt.</li></ol>
kuika	<i>verb</i><br><ol><li>to sing.</li></ol>
kuikatl	<i>noun</i><br><ol><li>song.</li></ol>
kuitla	<i>noun</i><br><ol><li>shit.</li></ol>
kuitlakochi	<i>noun</i><br><ol><li>corn smut.</li></ol>
kuitlatl	<i>noun</i><br><ol><li>shit.</li></ol>
kuitlatsokoyoli	<i>noun</i><br><ol><li>beetle.</li></ol>
kunatlajtoli	<i>name</i><br><ol><li>Kuna language.</li></ol>
lalakatik	<i>adj</i><br><ol><li>tall</li></ol>
lalax	<i>noun</i><br><ol><li>orange (fruit)</li></ol>
lalaxasetl	<i>noun</i><br><ol><li>Orange ice cream.</li></ol>
lalaxatl	<i>noun</i><br><ol><li>orange juice.</li></ol>
lalaxkoauitl	<i>noun</i><br><ol><li>orange tree.</li></ol>
latíntlajtoli	<i>name</i><br><ol><li>Latin language.</li></ol>
lechi	<i>noun</i><br><ol><li>milk</li></ol>
lechij	<i>noun</i><br><ol><li>milk.</li></ol>
lemoj	<i>noun</i><br><ol><li>lemon.</li></ol>
liklik	<i>noun</i><br><ol><li>eagle.</li></ol>
limo	<i>noun</i><br><ol><li>lemon.</li></ol>
limoj	<i>noun</i><br><ol><li>lemon.</li></ol>
limokoauitl	<i>noun</i><br><ol><li>lemon tree.</li></ol>
lituanotlajtoli	<i>name</i><br><ol><li>Lithuanian language.</li></ol>
maamali	<i>noun</i><br><ol><li>rebozo.</li></ol>
machkonetl	<i>noun</i><br><ol><li>cousin.</li></ol>
maitl	<i>noun</i><br><ol><li>hand</li></ol>
majmajtli	<i>noun</i><br><ol><li>fright.</li></ol>
majpili	<i>noun</i><br><ol><li>finger</li></ol>
maka	<i>verb</i><br><ol><li>to give.</li></ol>
makili	<i>verb</i><br><ol><li>to hit.</li></ol>
makixtli	<i>noun</i><br><ol><li>pardon, mercy.</li></ol>
makoto	<i>noun</i><br><ol><li>short arm.</li></ol>
makuili|se	<i>num</i><br><ol><li>(it is) five in number.</li></ol>
makuilpa	<i>adv</i><br><ol><li>five times.</li></ol>
makuilpoali|se	<i>num</i><br><ol><li>(it is) one hundred in number.</li></ol>
makuilxochitl	<i>noun</i><br><ol><li>macuilxochitl.</li></ol>
malakaxtik	<i>adj</i><br><ol><li>round.</li></ol>
malina	<i>verb</i><br><ol><li>to twist</li></ol>
maltia	<i>verb</i><br><ol><li>to bathe</li></ol>
mandaríntlajtoli	<i>name</i><br><ol><li>Chinese language.</li></ol>
maneltik	<i>adj</i><br><ol><li>disordered, mixed.</li></ol>
manenentli	<i>noun</i><br><ol><li>crawl</li></ol>
manoui	<i>verb</i><br><ol><li>to protect</li></ol>
mapachi|mapachimej	<i>noun</i><br><ol><li>raccoon.</li></ol>
masakoatl	<i>noun</i><br><ol><li>mazacuata.</li></ol>
masatl|masamej	<i>noun</i><br><ol><li>deer</li></ol>
masauajtlajtoli	<i>name</i><br><ol><li>Mazahua language.</li></ol>
maseuali|maseualmej	<i>noun</i><br><ol><li>person, indigenous people.</li></ol>
matatl	<i>noun</i><br><ol><li>jonote bag.</li></ol>
matilistli	<i>noun</i><br><ol><li>knowledge</li></ol>
matlajkuiloli	<i>noun</i><br><ol><li>cursive letter.</li></ol>
matlaktli|se	<i>num</i><br><ol><li>(it is) ten in number.</li></ol>
matlaktli uan eyi	<i>num</i><br><ol><li>thirteen.</li></ol>
matlaktli uan naui	<i>num</i><br><ol><li>fourteen.</li></ol>
matlaktli uan ome	<i>num</i><br><ol><li>twelve.</li></ol>
matlaktli uan se	<i>num</i><br><ol><li>eleven.</li></ol>
matsajtli	<i>noun</i><br><ol><li>pineapple.</li></ol>
matsaktli	<i>noun</i><br><ol><li>(Huejutla) pineapple.</li></ol>
matsatli	<i>noun</i><br><ol><li>pineapple.</li></ol>
matsojtli	<i>noun</i><br><ol><li>(Atlapexco) pineapple.</li></ol>
matsoktli	<i>noun</i><br><ol><li>pineapple.</li></ol>
maua	<i>verb</i><br><ol><li>to infect.</li></ol>
maueueyak	<i>adj</i><br><ol><li>long arm</li></ol>
mauiltilistli	<i>noun</i><br><ol><li>sport</li></ol>
maxixa	<i>verb</i><br><ol><li>to urinate</li></ol>
mayana	<i>verb</i><br><ol><li>to be hungry.</li></ol>
mayantli	<i>noun</i><br><ol><li>hunger.</li></ol>
mayatlahtoli	<i>name</i><br><ol><li>Mayan language.</li></ol>
meetstli	<i>noun</i><br><ol><li>moon</li></ol>
mekatl	<i>noun</i><br><ol><li>rope.</li></ol>
meloj	<i>noun</i><br><ol><li>melon</li></ol>
mestli	<i>noun</i><br><ol><li>leg</li></ol>
metl	<i>noun</i><br><ol><li>pulque</li></ol>
metstli	<i>noun</i><br><ol><li>moon.</li></ol>
metzti	<i>noun</i><br><ol><li>moon</li><li>month</li></ol>
mexikatl	<i>noun</i><br><ol><li>Mexican, Nahuan people.</li></ol>
mexikatlajtoli	<i>name</i><br><ol><li>Mexican language, Nahuatl.</li></ol>
mexkali	<i>noun</i><br><ol><li>century plant, agave</li></ol>
michij	<i>noun</i><br><ol><li>fish.</li></ol>
miki	<i>verb</i><br><ol><li>to die.</li></ol>
mistli	<i>noun</i><br><ol><li>puma</li><li>cat</li></ol>
misto|mistomej	<i>noun</i><br><ol><li>gato.</li></ol>
mixtli	<i>noun</i><br><ol><li>cloud.</li></ol>
motsoli	<i>noun</i><br><ol><li>hole, anus.</li></ol>
moyotl|moyomej	<i>noun</i><br><ol><li>mosquito</li></ol>
na	<i>pron</i><br><ol><li>I</li></ol>
nakastli	<i>noun</i><br><ol><li>ear.</li></ol>
nakatamali	<i>noun</i><br><ol><li>nacatamal.</li></ol>
nakatl	<i>noun</i><br><ol><li>meat</li></ol>
nana	<i>noun</i><br><ol><li>mother.</li></ol>
nane	<i>noun</i><br><ol><li>Miss.</li></ol>
nauatl	<i>name</i><br><ol><li>Nahuan, Aztec people.</li></ol>
nauatlajtoli	<i>name</i><br><ol><li>Nahuatl language, Aztec language, Mexican language.</li></ol>
naui|se	<i>num</i><br><ol><li>(it is) four in number.</li></ol>
navajotlajtoli	<i>name</i><br><ol><li>Navajo language.</li></ol>
neerlandéstlajtoli	<i>name</i><br><ol><li>Dutch language.</li></ol>
nejnenketl	<i>noun</i><br><ol><li>traveler, explorer.</li></ol>
nejpali	<i>noun</i><br><ol><li>prickly pear, Indian fig tree (Opuntia).</li></ol>
nejsayoli	<i>noun</i><br><ol><li>bee.</li></ol>
nekalilistli	<i>noun</i><br><ol><li>combat.</li></ol>
neksayoli	<i>noun</i><br><ol><li>Bee.</li></ol>
nektli	<i>noun</i><br><ol><li>Honey.</li></ol>
neltoka	<i>verb</i><br><ol><li>To accept, to believe.</li></ol>
neltokilistli	<i>noun</i><br><ol><li>religion.</li></ol>
neluayotl	<i>noun</i><br><ol><li>root.</li></ol>
nenepili	<i>noun</i><br><ol><li>tongue.</li></ol>
nextamali	<i>noun</i><br><ol><li>nixtamal.</li></ol>
nextetl	<i>noun</i><br><ol><li>limestone.</li></ol>
nochtli	<i>noun</i><br><ol><li>Prickly pear cactus fruit.</li></ol>
nojpali	<i>noun</i><br><ol><li>(Atlapexco) nopal, pricly pear.</li></ol>
noruegotlajtoli	<i>name</i><br><ol><li>Norwegian language.</li></ol>
ochonetli	<i>noun</i><br><ol><li>papaya.</li></ol>
ochonijtli	<i>noun</i><br><ol><li>papaya.</li></ol>
ojtatl	<i>noun</i><br><ol><li>otate, Mexican bamboo.</li></ol>
ojtilistli	<i>noun</i><br><ol><li>transport</li></ol>
ojtli	<i>noun</i><br><ol><li>way, path.</li></ol>
okixkonetl	<i>noun</i><br><ol><li>baby boy.</li></ol>
okixpil	<i>noun</i><br><ol><li>boy.</li></ol>
okixtli	<i>noun</i><br><ol><li>man</li><li>male</li></ol>
okotl	<i>noun</i><br><ol><li>pine.</li></ol>
oktik	<i>adj</i><br><ol><li>fermented.</li></ol>
oktli	<i>noun</i><br><ol><li>liquor, wine.</li></ol>
okuili	<i>noun</i><br><ol><li>bug.</li></ol>
olij	<i>noun</i><br><ol><li>nylon.</li></ol>
olotl	<i>noun</i><br><ol><li>shelled corncob.</li></ol>
ome	<i>num</i><br><ol><li>two.</li></ol>
omitl	<i>noun</i><br><ol><li>bone.</li></ol>
oselotl	<i>noun</i><br><ol><li>jaguar.</li><li>ocelot.</li></ol>
osomajtli	<i>noun</i><br><ol><li>monkey.</li></ol>
osouijtli	<i>noun</i><br><ol><li>iguana</li></ol>
ostotl	<i>noun</i><br><ol><li>cave.</li></ol>
otomitl	<i>noun</i><br><ol><li>Otomi peole.</li></ol>
otontlajtoli	<i>name</i><br><ol><li>Otomi language.</li></ol>
ouaatl	<i>noun</i><br><ol><li>sucar cane liquor, booze.</li></ol>
ouatl	<i>noun</i><br><ol><li>sugar cane</li></ol>
paipaitlajtoli	<i>name</i><br><ol><li>Paipai language.</li></ol>
pajtli	<i>noun</i><br><ol><li>medicine.</li></ol>
palach	<i>noun</i><br><ol><li>turkey</li></ol>
paletaj	<i>noun</i><br><ol><li>ice lolly, lollipop.</li></ol>
pamitl	<i>noun</i><br><ol><li>flag, banner</li></ol>
panchiketl	<i>noun</i><br><ol><li>baker.</li></ol>
pantli	<i>noun</i><br><ol><li>flag.</li></ol>
pantsij	<i>noun</i><br><ol><li>bread.</li></ol>
papalotl|papalomej	<i>noun</i><br><ol><li>butterfly.</li></ol>
patex	<i>noun</i><br><ol><li>duck</li></ol>
patiyoj	<i>adj</i><br><ol><li>expensive.</li></ol>
patlani	<i>verb</i><br><ol><li>To fly.</li></ol>
patox|patoxmej	<i>noun</i><br><ol><li>Duck.</li></ol>
paua	<i>noun</i><br><ol><li>coyo</li></ol>
pemoch	<i>noun</i><br><ol><li>(Erythrina coralloides) naked coral flower.</li></ol>
pemochkoauitl	<i>noun</i><br><ol><li>(Erythrina coralloides) naked coral tree.</li></ol>
pepestik	<i>adj</i><br><ol><li>naked</li></ol>
pesojtli|pesojmej	<i>noun</i><br><ol><li>coati.</li></ol>
petatl	<i>noun</i><br><ol><li>mat.</li></ol>
peyotl	<i>noun</i><br><ol><li>peyote.</li></ol>
pio	<i>noun</i><br><ol><li>Chicken.</li></ol>
pionakatl	<i>noun</i><br><ol><li>chicken meat.</li></ol>
pitso|pitsomej	<i>noun</i><br><ol><li>pig</li></ol>
pitsotl	<i>noun</i><br><ol><li>pig.</li></ol>
piyo|piyomej	<i>noun</i><br><ol><li>Chicken.</li></ol>
pochotl	<i>noun</i><br><ol><li>Kapok tree, silk-cotton tree.</li></ol>
pompoj	<i>noun</i><br><ol><li>quesadilla.</li></ol>
portuguéstlajtoli	<i>name</i><br><ol><li>Portuguese language.</li></ol>
purépechatlajtoli	<i>name</i><br><ol><li>Purhepecha language.</li></ol>
romanchetlajtoli	<i>name</i><br><ol><li>Romanch language.</li></ol>
rumanotlajtoli	<i>name</i><br><ol><li>Romanian language.</li></ol>
rusotlajtoli	<i>name</i><br><ol><li>Russian language.</li></ol>
sakatl	<i>noun</i><br><ol><li>Dry weeds or grass, especially when used as fodder; hay.</li></ol>
sakauli	<i>noun</i><br><ol><li>zacahuil.</li></ol>
sayoli	<i>noun</i><br><ol><li>fly.</li></ol>
se	<i>num</i><br><ol><li>one (number).</li></ol>
sempoali	<i>num</i><br><ol><li>twenty.</li></ol>
sempoualxochitl	<i>noun</i><br><ol><li>Marygold.</li></ol>
sepayauitl	<i>noun</i><br><ol><li>snow.</li></ol>
setilistli	<i>noun</i><br><ol><li>unity.</li></ol>
setl	<i>noun</i><br><ol><li>ice.</li></ol>
sihuat	<i>noun</i><br><ol><li>woman</li></ol>
sinkoatl	<i>noun</i><br><ol><li>bull snake.</li></ol>
sintli	<i>noun</i><br><ol><li>corn.</li></ol>
sitlali|sitlalimej	<i>noun</i><br><ol><li>star.</li></ol>
sitlalij	<i>noun</i><br><ol><li>star</li></ol>
siuakonetl	<i>noun</i><br><ol><li>baby girl.</li></ol>
siuapil	<i>noun</i><br><ol><li>girl</li></ol>
siuatiokone	<i>noun</i><br><ol><li>god daughter.</li></ol>
siuatl|siuamej	<i>noun</i><br><ol><li>woman</li></ol>
siuatotoli	<i>noun</i><br><ol><li>turkey hen.</li></ol>
sokijayotl	<i>noun</i><br><ol><li>turtle</li></ol>
sokitl	<i>noun</i><br><ol><li>mud, slime.</li></ol>
soli	
soyaapolij	<i>noun</i><br><ol><li>date</li></ol>
soyatl	<i>noun</i><br><ol><li>palm tree.</li></ol>
suajilitlajtoli	<i>name</i><br><ol><li>Swahili language.</li></ol>
ta	<i>pron</i><br><ol><li>you</li></ol>
tacat	<i>noun</i><br><ol><li>man</li></ol>
tamali	<i>noun</i><br><ol><li>tamale.</li></ol>
tamasole	<i>noun</i><br><ol><li>(Jaltocán) toad.</li></ol>
tamasoli	<i>noun</i><br><ol><li>toad.</li></ol>
tamasule	<i>noun</i><br><ol><li>toad.</li></ol>
tamaxokotl	<i>noun</i><br><ol><li>jobo</li><li>plum (Huejutla).</li></ol>
tata	<i>noun</i><br><ol><li>father.</li></ol>
tate	<i>noun</i><br><ol><li>sir.</li></ol>
tejpimitl	<i>noun</i><br><ol><li>flea.</li></ol>
tejsistli	<i>noun</i><br><ol><li>egg.</li></ol>
tekiti	<i>noun</i><br><ol><li>to work.</li></ol>
tekitl	<i>noun</i><br><ol><li>working.</li></ol>
tekolotl	<i>noun</i><br><ol><li>Owl.</li></ol>
tekomajtli|tekomajmej	<i>noun</i><br><ol><li>Aquarriel.</li></ol>
temasatl	<i>noun</i><br><ol><li>Brocket, brocket deer.</li></ol>
temaxokotl	<i>noun</i><br><ol><li>plump.</li></ol>
tenankali	<i>noun</i><br><ol><li>Toucan.</li></ol>
tenextik	<i>noun</i><br><ol><li>grey.</li></ol>
tentso	<i>noun</i><br><ol><li>barb.</li></ol>
teoamochtli	<i>noun</i><br><ol><li>bible</li></ol>
teokali	<i>noun</i><br><ol><li>church</li></ol>
teokonetl	<i>noun</i><br><ol><li>godson</li></ol>
teokouitl	<i>noun</i><br><ol><li>cedar</li></ol>
teokuitlatl	<i>noun</i><br><ol><li>gold.</li></ol>
teokuitlaxochitl	<i>noun</i><br><ol><li>gold</li></ol>
teopamitl	<i>noun</i><br><ol><li>church</li></ol>
teopan	<i>noun</i><br><ol><li>church, temple.</li></ol>
teotajtli	<i>noun</i><br><ol><li>godfather</li></ol>
teotl	<i>noun</i><br><ol><li>God</li></ol>
teotlajtoli	<i>noun</i><br><ol><li>god words</li></ol>
tepajtiloya	<i>noun</i><br><ol><li>hospital</li></ol>
tepesoli	<i>noun</i><br><ol><li>Wastek quail.</li></ol>
tepetl	<i>noun</i><br><ol><li>mountain.</li></ol>
tepeuajtlajtoli	<i>name</i><br><ol><li>Tepehua language.</li></ol>
tepoli	<i>noun</i><br><ol><li>penis, cock.</li></ol>
teponastli	<i>noun</i><br><ol><li>teponaztli</li></ol>
teposakali	<i>noun</i><br><ol><li>vessel, boat, ship.</li></ol>
teposkauayo	<i>noun</i><br><ol><li>car.</li></ol>
teposkoatl	<i>noun</i><br><ol><li>train.</li></ol>
teposmekatl	<i>noun</i><br><ol><li>wire.</li></ol>
tepostli	<i>noun</i><br><ol><li>metal.</li></ol>
tepostototl	<i>noun</i><br><ol><li>airplane.</li></ol>
tesiuitl	<i>noun</i><br><ol><li>hail.</li></ol>
tetl	<i>noun</i><br><ol><li>stone .</li></ol>
texokotl	<i>noun</i><br><ol><li>tejocote.</li></ol>
tiankistli	<i>noun</i><br><ol><li>market, flea market</li></ol>
tiokone	<i>noun</i><br><ol><li>god son.</li></ol>
tiona	<i>noun</i><br><ol><li>god mother.</li></ol>
tiopan	<i>noun</i><br><ol><li>church, temple.</li></ol>
tiota	<i>noun</i><br><ol><li>god father.</li></ol>
tisatl	<i>noun</i><br><ol><li>chalk.</li></ol>
tlajkuilopamitl	<i>noun</i><br><ol><li>alphabet</li></ol>
tlajtoli	<i>noun</i><br><ol><li>word.</li><li>language.</li></ol>
tlakatl|tlakamej	<i>noun</i><br><ol><li>man</li></ol>
tlakatototl	<i>noun</i><br><ol><li>nandu, ostrich.</li></ol>
tlakayotl	<i>noun</i><br><ol><li>humanity.</li></ol>
tlakemitl	<i>noun</i><br><ol><li>blanket.</li></ol>
tlakestli	<i>noun</i><br><ol><li>tramp, snare.</li></ol>
tlakuachi	<i>noun</i><br><ol><li>Opssum.</li></ol>
tlakuali	<i>noun</i><br><ol><li>food, meal.</li></ol>
tlakualistli	<i>noun</i><br><ol><li>Meal, food.</li></ol>
tlakualoya	<i>noun</i><br><ol><li>restaurant.</li></ol>
tlali	<i>noun</i><br><ol><li>land.</li></ol>
tlalkamojtli	<i>noun</i><br><ol><li>Sweat potato.</li></ol>
tlaltikpaktli	<i>noun</i><br><ol><li>world</li></ol>
tlanauatiketl|tlanauatinij	<i>noun</i><br><ol><li>president, governor</li></ol>
tlapali	<i>noun</i><br><ol><li>colour.</li></ol>
tlapiyali|tlapiyalmej	<i>noun</i><br><ol><li>animal.</li></ol>
tlatokajyotl|tlatokajyomej	<i>noun</i><br><ol><li>state.</li></ol>
tlatsi	<i>noun</i><br><ol><li>uncle.</li></ol>
tlatsontsonketl	<i>noun</i><br><ol><li>musician.</li></ol>
tlauilanketl	<i>noun</i><br><ol><li>feisty, combative.</li></ol>
tlauili	<i>noun</i><br><ol><li>light.</li></ol>
tlaxkalchiua	<i>verb</i><br><ol><li>to make tortillas.</li></ol>
tlaxkali	<i>noun</i><br><ol><li>tortilla.</li></ol>
tlaxkaltekatl	<i>name</i><br><ol><li>Tlaxcaltecan, people of Tlaxcala.</li></ol>
tlaxkamati	<i>verb</i><br><ol><li>to thank.</li></ol>
tlayoli	<i>noun</i><br><ol><li>maize.</li></ol>
tleatl	<i>noun</i><br><ol><li>sugar cane liquor.</li></ol>
tlikoli	<i>noun</i><br><ol><li>charcoal</li></ol>
tlilkoatl	<i>noun</i><br><ol><li>tilcuata.</li></ol>
tlilxochitl	<i>noun</i><br><ol><li>vainilla</li></ol>
tochij	<i>noun</i><br><ol><li>Rabbit.</li></ol>
tokatl|tokamej	<i>noun</i><br><ol><li>spider.</li></ol>
toktli	<i>noun</i><br><ol><li>plant</li></ol>
tolas	<i>noun</i><br><ol><li>peach.</li></ol>
tololojtli	<i>noun</i><br><ol><li>White owl</li></ol>
tomatl	<i>noun</i><br><ol><li>tomato.</li></ol>
tonati	<i>noun</i><br><ol><li>sun</li></ol>
tonatij	<i>noun</i><br><ol><li>sun</li></ol>
topi	<i>noun</i><br><ol><li>lizard.</li></ol>
topitsij	<i>noun</i><br><ol><li>lizard.</li></ol>
tosa	<i>noun</i><br><ol><li>mole.</li></ol>
totoli	<i>noun</i><br><ol><li>turkey hen.</li></ol>
tototl|totomej	<i>noun</i><br><ol><li>bird</li></ol>
tsapotl	<i>noun</i><br><ol><li>zapote</li></ol>
tsikatenaj	<i>noun</i><br><ol><li>coral snake.</li></ol>
tsikatl	<i>noun</i><br><ol><li>ant.</li></ol>
tsiktli	<i>noun</i><br><ol><li>chicle, gum.</li></ol>
tsimitl	<i>noun</i><br><ol><li>ass.</li></ol>
tsimpa	<i>noun</i><br><ol><li>buttock.</li></ol>
tsitsikamitl	<i>noun</i><br><ol><li>cricket.</li></ol>
tsitsimitl	<i>noun</i><br><ol><li>demon.</li></ol>
tsitsitl	<i>noun</i><br><ol><li>ant.</li></ol>
tsojmi	<i>noun</i><br><ol><li>zopilote</li></ol>
tsojpilotl	<i>noun</i><br><ol><li>Vulture.</li></ol>
tsonakauili	<i>noun</i><br><ol><li>hat.</li></ol>
tsonakauilotl	<i>noun</i><br><ol><li>hat.</li></ol>
tsonkali	<i>noun</i><br><ol><li>hair.</li></ol>
tsontetomitl	<i>noun</i><br><ol><li>pillow.</li></ol>
tsopilotl	<i>noun</i><br><ol><li>zopilote</li></ol>
tsotso	<i>noun</i><br><ol><li>bat</li></ol>
uajkapayotl	<i>noun</i><br><ol><li>history.</li></ol>
uajtli	<i>noun</i><br><ol><li>amaranth.</li></ol>
uakax|uakaxmej	<i>noun</i><br><ol><li>cow.</li></ol>
ualeya	<i>noun</i><br><ol><li>watermelon.</li></ol>
ualeyaj	<i>noun</i><br><ol><li>watermelon.</li></ol>
uampo	<i>noun</i><br><ol><li>neibor.</li></ol>
uan	<i>conj</i><br><ol><li>and</li></ol>
uejpol	<i>noun</i><br><ol><li>sister-in-low.</li></ol>
uelti	<i>noun</i><br><ol><li>sister.</li></ol>
ueuetl	<i>noun</i><br><ol><li>drum.</li></ol>
uexotl	<i>noun</i><br><ol><li>Willow.</li></ol>
ueyatl	<i>noun</i><br><ol><li>sea.</li></ol>
ueyimichij	<i>noun</i><br><ol><li>whale.</li></ol>
ueyinana	<i>noun</i><br><ol><li>grand mother.</li></ol>
ueyitata	<i>noun</i><br><ol><li>grand father.</li></ol>
ueyitlali	<i>noun</i><br><ol><li>country</li></ol>
uilotl	<i>noun</i><br><ol><li>Dove.</li></ol>
uino	<i>noun</i><br><ol><li>wine.</li></ol>
uitsili	<i>noun</i><br><ol><li>Hummingbird.</li></ol>
uitsitsilij	<i>noun</i><br><ol><li>hummingbird</li></ol>
xali	<i>noun</i><br><ol><li>sand.</li></ol>
xaltomatl	<i>noun</i><br><ol><li>creeping false holly</li></ol>
xamili	<i>noun</i><br><ol><li>sweet corn tamale.</li></ol>
xamitl	<i>noun</i><br><ol><li>sweet corn tamale.</li></ol>
xapo	<i>noun</i><br><ol><li>soap.</li></ol>
xaua	<i>verb</i><br><ol><li>To excavate, to dig.</li></ol>
xaxantik	<i>adj</i><br><ol><li>crispy.</li></ol>
xayaktli	<i>noun</i><br><ol><li>face</li></ol>
xelo	<i>verb</i><br><ol><li>To divide.</li></ol>
xijmekayotl	<i>noun</i><br><ol><li>umbilical cord.</li></ol>
xijtli	<i>noun</i><br><ol><li>navel.</li></ol>
xijtomatl	<i>noun</i><br><ol><li>tomato</li></ol>
xikali	<i>noun</i><br><ol><li>jicalpestle.</li></ol>
xikipili	<i>noun</i><br><ol><li>bag.</li></ol>
xikojtli|xikojmej	<i>noun</i><br><ol><li>bumblebee.</li></ol>
xilij	<i>noun</i><br><ol><li>crab</li></ol>
xilotl	<i>noun</i><br><ol><li>Green ear of maize, jilote.</li></ol>
xiluastli	<i>noun</i><br><ol><li>brush.</li></ol>
xiuitl	<i>noun</i><br><ol><li>year.</li></ol>
xochiatl	<i>noun</i><br><ol><li>flower water, perfume.</li></ol>
xochikostli	<i>noun</i><br><ol><li>flower necklace.</li></ol>
xochipixketl	<i>noun</i><br><ol><li>gardener.</li></ol>
xochitini	<i>noun</i><br><ol><li>flowery dancer.</li></ol>
xochitl|xochimej	<i>noun</i><br><ol><li>flower.</li></ol>
xochitlajtoli	<i>noun</i><br><ol><li>poem, poetry.</li></ol>
xochiyo	<i>adj</i><br><ol><li>flowery.</li></ol>
xojpili	<i>noun</i><br><ol><li>toe.</li></ol>
xokiyak	<i>adj</i><br><ol><li>stinking, fetid.</li></ol>
xokoatl	<i>noun</i><br><ol><li>orange fresh water.</li></ol>
xokoatoli	<i>noun</i><br><ol><li>sour atole.</li></ol>
xokok	<i>adj</i><br><ol><li>sour.</li></ol>
xokomekatl	<i>noun</i><br><ol><li>grapes</li></ol>
xokotl	<i>noun</i><br><ol><li>citric fruit.</li><li>(Orizatlán): plum</li><li>(Huejutla): orange</li></ol>
xokoyali	<i>noun</i><br><ol><li>orange seed.</li></ol>
xokoyotl	<i>noun</i><br><ol><li>last son.</li></ol>
xolentok	<i>adj</i><br><ol><li>wet.</li></ol>
xolomichij	<i>noun</i><br><ol><li>catfish.</li></ol>
xolotl	<i>noun</i><br><ol><li>naked.</li></ol>
xonakamili	<i>noun</i><br><ol><li>onion sowing.</li></ol>
xonakatl	<i>noun</i><br><ol><li>onion.</li></ol>
xopepe	<i>noun</i><br><ol><li>cockroach.</li></ol>
xopeua	<i>verb</i><br><ol><li>to kick, to hit.</li></ol>
xopilij	<i>noun</i><br><ol><li>cockroach.</li></ol>
xoxojtik	<i>noun</i><br><ol><li>green.</li></ol>
xoxouak	<i>noun</i><br><ol><li>turquoise.</li></ol>
xoxouik	<i>noun</i><br><ol><li>green.</li></ol>
yakatsoli	<i>noun</i><br><ol><li>nose.</li></ol>
yamanik	<i>adj</i><br><ol><li>soft.</li></ol>
yankuik	<i>adj</i><br><ol><li>bad.</li></ol>
yaotl	<i>noun</i><br><ol><li>soldier</li></ol>
yayauik	<i>noun</i><br><ol><li>black.</li></ol>
yolo	<i>noun</i><br><ol><li>heart.</li></ol>
yolotl	<i>noun</i><br><ol><li>heart</li></ol>
yoltekuajkuajtli	<i>noun</i><br><ol><li>tarantula.</li></ol>
yoltsij	<i>noun</i><br><ol><li>heart</li></ol>
youali	<i>noun</i><br><ol><li>night.</li></ol>
yoyomitl	<i>noun</i><br><ol><li>clothing.</li></ol>
yukatekatl	<i>name</i><br><ol><li>Yucatec people, Yucatec Maya people.</li></ol>
yukatekatlajtoli	<i>name</i><br><ol><li>Yucatec Maya language.</li></ol>
zulutlajtoli	<i>name</i><br><ol><li>Zulu language.</li></ol>
árabetlajtoli	<i>name</i><br><ol><li>Arabic language.</li></ol>
