ހ|h	<i>character</i><br><ol><li>The first letter of the Thaana alphabet, named hā.</li></ol>
ހަ|ha	<i>num</i><br><ol><li>six</li></ol>
ހަށްޓި|haṣ̊ṭi	<i>num</i><br><ol><li>sixty</li></ol>
ހަނދު|haⁿdu|ހަނދުތައް	<i>noun</i><br><ol><li>moon</li></ol>
ހަނދުފަޅި ބިބީ|ހަނދުފަޅި ބިބީތައް|haⁿdufaḷi bibī	<i>noun</i><br><ol><li>raccoon butterflyfish</li></ol>
ހަން|ހަންތައް|han̊	<i>noun</i><br><ol><li>skin, hide, leather; balloon</li><li>distress signal given on a boat or on an island indicating that urgent help was needed</li></ol>
ހަންދަރު|han̊daru	<i>noun</i><br><ol><li>hundredweight</li></ol>
ހަރިޔާނާ|hariyānā	<i>name</i><br><ol><li>Haryana (a state of India)</li></ol>
ހަރު|haru|ހަރުތައް	<i>adj</i><br><ol><li>hard, solid</li><li>mature, mellow, experienced</li><li>wise, cognitive, sagacious</li></ol><br><i>noun</i><br><ol><li>hole, burrow</li><li>rung on coconut palms, or any pole, used to climb</li><li>rack, stand, shelf, hangar, support</li><li>rest, bracket</li><li>loom</li><li>lathe</li></ol>
ހަރުބަސް|ހަރުބަސްތައް|harubas	<i>noun</i><br><ol><li>(grammar) proverb</li></ol>
ހަރުފަ|harufa|ހަރުފަތައް	<i>noun</i><br><ol><li>snake</li></ol>
ހަކުރު|ހަކުރުތައް|hakuru	<i>noun</i><br><ol><li>jaggery, palm syrup</li><li>sugar</li></ol>
ހައެއް|haek̊	<i>num</i><br><ol><li>six</li></ol>
ހައްދަނީ|haddanī	<i>verb</i><br><ol><li>to cultivate</li></ol>
ހައްދުންމަތި|haddun̊mati	<i>name</i><br><ol><li>Haddhunmathi (an atoll in the Maldives)</li></ol>
ހަވިއްތަ|ހަވިއްތަތައް|havitta	<i>noun</i><br><ol><li>chaitya</li></ol>
ހަވީރު|havīru	<i>noun</i><br><ol><li>the last quarter of the day, evening, eventide</li></ol>
ހަފުތާ|hafutā	<i>noun</i><br><ol><li>a week (unit of time)</li></ol>
ހަދަނީ|hadanī	<i>verb</i><br><ol><li>to make, build, construct, prepare, form, adorn</li></ol>
ހަތަރު|hataru	<i>num</i><br><ol><li>four</li></ol>
ހަތަރެއް|hatarek̊	<i>num</i><br><ol><li>four</li></ol>
ހަތާ|hatā	<i>noun</i><br><ol><li>the ceremonial parasol of the Maldivian Sultan</li></ol>
ހަތާވީސް|hatāvīs	<i>num</i><br><ol><li>twenty-seven</li></ol>
ހަތި|hati	<i>noun</i><br><ol><li>fungus, mushroom</li><li>stratus clouds</li><li>mushroom coral (montipora)</li></ol>
ހަތިޔާރު|hatiyāru|ހަތިޔާރުތައް	<i>noun</i><br><ol><li>weapon, instrument, tool</li></ol>
ހަތެއް|hatek̊	<i>num</i><br><ol><li>seven</li></ol>
ހަތް|hat̊	<i>num</i><br><ol><li>seven</li></ol><br><i>noun</i><br><ol><li>the ceremonial parasol of the Maldivian Sultan</li></ol>
ހަތްތެރި|hat̊teri	<i>num</i><br><ol><li>seventy</li></ol>
ހަސްފަތާލު|ހަސްފަތާލުތައް|hasfatālu	<i>noun</i><br><ol><li>hospital</li><li>infirmary</li><li>sanatorium</li></ol>
ހާ|ހާތައް|hā	<i>noun</i><br><ol><li>Name of the first letter of the Thaana script (ހ)</li></ol>
ހާއްޔޯ|hāyyō	<i>intj</i><br><ol><li>Used to catch a listener's attention, hey!</li></ol>
ހާސް|hās	<i>num</i><br><ol><li>thousand</li></ol>
ހިނގަނީ|hiⁿganī	<i>verb</i><br><ol><li>to walk</li></ol>
ހިނި|hini|ހިނިތައް	<i>noun</i><br><ol><li>ant</li><li>laughter</li></ol>
ހިންނަވަރު|hin̊navaru	<i>name</i><br><ol><li>Hinnavaru (an island in Lhaviyani, Maldives)</li></ol>
ހިންދު ކަނޑު|hin̊du kaⁿḍu	<i>name</i><br><ol><li>Indian Ocean</li></ol>
ހިންދު ދިދަމަސް|ހިންދު ދިދަމަސްތައް|hin̊du didamas	<i>noun</i><br><ol><li>phantom bannerfish</li></ol>
ހިންދުކޮކާ ބިބީ|hin̊dukokā bibī|ހިންދުކޮކާ ބިބީތައް	<i>noun</i><br><ol><li>Indian vagabond butterflyfish</li></ol>
ހިންދުސްތާނު|hin̊dustānu	<i>name</i><br><ol><li>India</li></ol>
ހިންދޫދީން|hin̊dūdīn̊	<i>name</i><br><ol><li>Hinduism</li></ol>
ހިރި|ހިރިތައް|hiri	<i>noun</i><br><ol><li>glory, honour, blessing, fortune; splendour</li><li>wealth</li><li>virtue</li><li>fame</li></ol>
ހިބަރު|ހިބަރުތައް|hibaru	<i>noun</i><br><ol><li>swordfish</li></ol>
ހިމާޗަލް ޕްރަދޭޝް|himācal pradēš	<i>name</i><br><ol><li>Himachal Pradesh (a state of India)</li></ol>
ހިތަނީ|hitanī	<i>verb</i><br><ol><li>to think, suppose, presume, assume</li><li>to treat</li><li>to regard</li></ol>
ހިތް|hit̊	<i>noun</i><br><ol><li>heart, mind, breast (as the seat of emotion)</li></ol>
ހިލަ|hila	<i>noun</i><br><ol><li>rock</li></ol>
ހިޔަ|hiya	<i>num</i><br><ol><li>(archaic) ninety-six</li></ol><br><i>noun</i><br><ol><li>(archaic) the heart (as the seat of emotion)</li></ol>
ހުންނަނީ|hun̊nanī	<i>verb</i><br><ol><li>to stand</li></ol>
ހުޅު|huḷu	<i>adj</i><br><ol><li>(archaic) small, mini, little, lesser, inferior, minor</li><li>hinge</li><li>joint</li><li>flame, flambeau, torch</li></ol>
ހުޅުމާލެ|huḷumāle	<i>name</i><br><ol><li>Hulhumalé (an island in North Malé, Maldives)</li></ol>
ހުކުރު|ހުކުރުތައް|hukuru	<i>noun</i><br><ol><li>Friday</li></ol>
ހުކުރު ދުވަސް|ހުކުރު ދުވަސްތައް|hukuru duvas	<i>noun</i><br><ol><li>Friday</li></ol>
ހުވަދު|huvadu	<i>name</i><br><ol><li>Huvadhu (an atoll in the Maldives)</li></ol>
ހުވަދުއަތޮޅު އުތުރުބުރި|huvaduatoḷu uturuburi	<i>name</i><br><ol><li>Northern Huvadhu Atoll (an atoll in the Maldives)</li></ol>
ހުވަދުއަތޮޅު ދެކުނުބުރި|ހުވަދުދެކުނު އުތުރުބުރި|huvadudekunu uturuburi	<i>name</i><br><ol><li>Southern Huvadhu Atoll (an atoll in the Maldives)</li></ol>
ހެންދުނު|hen̊dunu	<i>noun</i><br><ol><li>morning</li></ol>
ހެކި|ހެކިތައް|heki	<i>noun</i><br><ol><li>witness</li></ol>
ހެކި ބަސް|ހެކި ބަސްތައް|heki bas	<i>noun</i><br><ol><li>evidence</li></ol>
ހެކިވެރިޔާ|ހެކިވެރިޔާތައް|hekiveriyā	<i>noun</i><br><ol><li>witness</li></ol>
ހެދެނީ|hedenī	<i>verb</i><br><ol><li>to dress, adorn, wear clothing, primp, groom</li><li>to masquerade, imitate</li><li>to grow (as a child, plant, tumour), to be made</li></ol>
ހޭ	<i>suffix</i><br><ol><li>an interrogative marker</li></ol>
ހޮނިހިރު|ހޮނިހިރުތައް|honihiru	<i>noun</i><br><ol><li>Saturday</li></ol>
ހޮނިހިރު ދުވަސް|honihiru duvas|ހޮނިހިރު ދުވަސްތައް	<i>noun</i><br><ol><li>Saturday</li></ol>
ހޯމަ|hōma|ހޯމަތައް	<i>noun</i><br><ol><li>Monday</li></ol>
ހޯމަ ދުވަސް|ހޯމަ ދުވަސްތައް|hōma duvas	<i>noun</i><br><ol><li>Monday</li></ol>
ށ|ṣ	<i>character</i><br><ol><li>Letter ṣaviyani; second letter of the Thaana alphabet</li></ol>
ށަވިޔަނި|ṣaviyani|ށަވިޔަނިތައް	<i>noun</i><br><ol><li>Name of the second letter of the Thaana alphabet (ނ)</li></ol>
ނ	<i>character</i><br><ol><li>Letter nūnu; third letter of the Thaana alphabet</li></ol>
ނަށަނީ|naṣanī	<i>verb</i><br><ol><li>to dance, caper</li></ol>
ނަން|nan̊|ނަންތައް	<i>noun</i><br><ol><li>name</li><li>appellation</li><li>(grammar) noun</li></ol>
ނަންއިތުރު|nan̊ituru|ނަންއިތުރުތައް	<i>noun</i><br><ol><li>(grammar) abjective</li></ol>
ނަރަކަ|naraka|ނަރަކަތައް	<i>noun</i><br><ol><li>hell, infernal regions</li></ol>
ނަރުވާ ބިބީ|naruvā bibī|ނަރުވާ ބިބީތައް	<i>noun</i><br><ol><li>threadfin butterflyfish</li></ol>
ނަކަތް|nakat̊|ނަކަތްތައް	<i>noun</i><br><ol><li>star</li><li>planet</li><li>asterism</li><li>any of the twenty-nine seasonal divisions of the year</li><li>clusters of stars representing these</li><li>lunar mansion</li><li>constellation</li></ol>
ނައިފަރު|naifaru	<i>name</i><br><ol><li>Naifaru (a city in Lhaviyani, Maldives)</li></ol>
ނައްކާރަ|nakkāra	<i>noun</i><br><ol><li>a musical composition played from the Sultan's Palace</li><li>musical composition played on state occasions at the time of the Sultanate</li></ol>
ނަވަހައްޓި|navahaṭṭi	<i>num</i><br><ol><li>sixty-nine</li></ol>
ނަވައި|navai	<i>num</i><br><ol><li>ninety</li></ol>
ނަވާނަވައި|navānavai	<i>num</i><br><ol><li>ninety-nine</li></ol>
ނަވާރަ|navāra	<i>num</i><br><ol><li>nineteen</li></ol>
ނަވާވީސް|navāvīs	<i>num</i><br><ol><li>twenty-nine</li></ol>
ނަމަ|nama	<i>particle</i><br><ol><li>if, as if</li></ol>
ނަމަވެސް|namaves	<i>adv</i><br><ol><li>however</li></ol>
ނަމާދު|ނަމާދުތައް|namādu	<i>noun</i><br><ol><li>prayer</li><li>(Islam) salat</li></ol>
ނަމޫނާ|ނަމޫނާތައް|namūnā	<i>noun</i><br><ol><li>sample, model, example, prototype, specimen, pattern</li><li>replica</li></ol>
ނަގަރު|nagaru|ނަގަރުތައް	<i>noun</i><br><ol><li>city</li><li>town</li><li>metropolis</li></ol>
ނާ|ނާތައް|nā	<i>noun</i><br><ol><li>brigante; ship</li></ol>
ނާރިގު|nārigu	<i>noun</i><br><ol><li>bitter orange</li></ol>
ނާބަ|nāba	<i>noun</i><br><ol><li>(music) a musical composition played at the Sultan's Palace after the call for prayers at sunset.</li></ol>
ނާޅި|nāḷi	<i>noun</i><br><ol><li>1 kilogram (4 laahi)</li></ol>
ނާކާ|ނާކާތައް|nākā	<i>noun</i><br><ol><li>(archaic) cloud, mist, frog, haze</li></ol>
ނާގަލޭންޑު|nāgalēn̊ḍu	<i>name</i><br><ol><li>Nagaland (a state of India)</li></ol>
ނިރުމަލަ|nirumala	<i>adj</i><br><ol><li>(archaic) clean, pure, chaste, vestal, virginal</li></ol>
ނިއުދިއްލީ|Borrowed from English New Delhi.|niudillī	<i>name</i><br><ol><li>New Delhi (the capital city of India)</li></ol>
ނިއްރު|ނިއްރުތައް|nirru	<i>noun</i><br><ol><li>town</li><li>a small city</li><li>an urban area</li></ol>
ނިދި|nidi|ނިދިތައް	<i>noun</i><br><ol><li>sleep, slumber, nap, doze, snooze</li></ol>
ނިތުރު|nituru	<i>adv</i><br><ol><li>(archaic) always, invariably, eternally, endlessly</li></ol>
ނިލަންދެއަތޮޅު އުތުރުބުރި|nilan̊deatoḷu uturuburi	<i>name</i><br><ol><li>Northern Nilandhe (an atoll in the Maldives)</li></ol>
ނިލަންދެއަތޮޅު ދެކުނުބުރި|nilan̊deatoḷu dekunuburi	<i>name</i><br><ol><li>Southern Nilandhe (an atoll in the Maldives)</li></ol>
ނިޔަމި|niyami|ނިޔަމިތައް	<i>noun</i><br><ol><li>navigator, pilot, sailing master</li></ol>
ނީސް	<i>suffix</i><br><ol><li>before, prior</li></ol>
ނު	<i>prefix</i><br><ol><li>A negating prefix used for verbs</li></ol>
ނުހަނު|nuhanu	<i>adv</i><br><ol><li>extremely</li></ol>
ނުކުތާ|nukutā|ނުކުތާތައް	<i>noun</i><br><ol><li>dot, point, full stop, period, jot; a diacritical point</li><li>something to be carefully noted, detail</li></ol>
ނުވަ|nuva	<i>num</i><br><ol><li>nine</li></ol>
ނުވައެއް|nuvaek̊	<i>num</i><br><ol><li>nine</li></ol>
ނުވަތަ|nuvata	<i>conj</i><br><ol><li>or</li></ol>
ނޫ|nū	<i>adj</i><br><ol><li>blue, cyanic, cerulean</li></ol>
ނޫނީ|nūnī	<i>conj</i><br><ol><li>or</li></ol>
ނޫނު|nūnu|ނޫނުތައް	<i>noun</i><br><ol><li>Name of the third letter of the Thaana alphabet (ނ)</li></ol>
ނޫން|nūn̊	<i>intj</i><br><ol><li>no</li></ol>
ނެވަތާ|nevatā	<i>adv</i><br><ol><li>(archaic) again, refresh, anew, once more</li></ol>
ނެވި|nevi|ނެވިތައް	<i>noun</i><br><ol><li>commander (of a marine craft)</li></ol>
ނޭފަތުގެ ހިނދުރި|nēfatuge hiⁿduri|ނޭފަތުގެ ހިނދުރިތައް	<i>noun</i><br><ol><li>nostril</li></ol>
ނޭފަތް|nēfat̊|ނޭފަތްތައް	<i>noun</i><br><ol><li>nose, snout</li></ol>
ނޮވެމްބަރު|ނޮވެމްބަރުތައް|novem̊baru	<i>noun</i><br><ol><li>November</li></ol>
ރ|r	<i>character</i><br><ol><li>The fourth letter of the Thaana alphabet, named rā</li></ol>
ރަހިމު|rahimu|ރަހިމުތައް	<i>noun</i><br><ol><li>womb</li></ol>
ރަށް|raṣ̊|ރަށްތައް	<i>noun</i><br><ol><li>country</li><li>island</li><li>town</li><li>city</li><li>village</li></ol>
ރަށްވެހި|ރަށްވެހިން|raṣ̊vehi	<i>adj</i><br><ol><li>developed, advanced</li></ol><br><i>noun</i><br><ol><li>inhabitant, settler or native of an island or country</li></ol>
ރަންވަން|ran̊van̊	<i>adj</i><br><ol><li>golden, gold-coloured, gold-like</li></ol>
ރަންގު|ran̊gu	<i>noun</i><br><ol><li>colour, dye</li><li>cochineal, carmine</li></ol><br><i>adj</i><br><ol><li>coloured, dyed</li></ol>
ރަބީޢުލް އައްޥަލް|rabīʿul awwal	<i>name</i><br><ol><li>Rabi I, the third month of the Islamic calendar</li></ol>
ރަބީޢުލް އާކިރް|rabīʿul ākir	<i>name</i><br><ol><li>Rabi II, the fourth month of the Islamic calendar</li></ol>
ރަކިސް|rakis|ރަކިސްތައް	<i>noun</i><br><ol><li>demon, monster</li></ol>
ރައްދު|raddu|ރައްދުތައް	<i>noun</i><br><ol><li>act of returning, bringing, sending, giving back or repelling</li><li>denial, refusal, rejection, refutation</li></ol>
ރައްޓެހި|raṭṭehi	<i>adj</i><br><ol><li>(obsolete) friend, countryman</li></ol>
ރަމަޒަން|ramazan̊	<i>name</i><br><ol><li>Ramadan, the ninth month of the Islamic calendar</li></ol>
ރަދީފު|radīfu	<i>noun</i><br><ol><li>dictionary</li></ol>
ރަދުން|ރަދުންތައް|radun̊	<i>noun</i><br><ol><li>king</li><li>sultan</li></ol>
ރަތް|rat̊	<i>adj</i><br><ol><li>red, ruddy, crimson, sanguine</li></ol>
ރަތްވަނީ|rat̊vanī	<i>verb</i><br><ol><li>to become red, change to the colour red</li><li>to become furiously angry</li><li>to become red hot, become incandescent</li></ol>
ރަޖަބް|rajab	<i>name</i><br><ol><li>Rajab, the seventh month of the Islamic calendar</li></ol>
ރާ|rā|ރާތައް	<i>noun</i><br><ol><li>Name of the fourth letter in the Thaana alphabet (ރ)</li></ol>
ރާހި|rāhi|ރާހިތައް	<i>noun</i><br><ol><li>astrological sign, zodiac sign</li></ol>
ރާއްޖެ|rājje|ރާއްޖެތައް	<i>noun</i><br><ol><li>country, realm, kingdom</li></ol>
ރާމާމަކުނު|rāmāmakunu	<i>noun</i><br><ol><li>monkey</li></ol>
ރާދަ|rāda	<i>adj</i><br><ol><li>Of royal lineage, of royal blood, royal.</li></ol>
ރާތާ|rātā	<i>noun</i><br><ol><li>measure of weight equal to one pound</li></ol>
ރާގު|ރާގުތައް|rāgu	<i>noun</i><br><ol><li>music</li><li>tune, melody</li><li>accent, tone</li></ol>
ރާޖަސްތާން|rājastān̊	<i>name</i><br><ol><li>Rajasthan (a state of India)</li></ol>
ރިޔަން|riyan̊	<i>noun</i><br><ol><li>a unit of measure similar to the cubit, measuring from the elbow to the tip of the little finger</li><li>(arch) buzzard</li></ol>
ރިޔާޟިއްޔާތު|riyāḋiyyātu|ރިޔާޟިއްޔާތުތައް	<i>noun</i><br><ol><li>mathematics</li></ol>
ރީނދޫކުލަ|rīⁿdūkula	<i>noun</i><br><ol><li>yellow (colour)</li></ol>
ރީތި|rīti	<i>adj</i><br><ol><li>beautiful, pretty</li></ol>
ރުޅި|ruḷi|ރުޅިތައް	<i>noun</i><br><ol><li>anger</li></ol>
ރުއް|ރުއްތައް|ruk̊	<i>noun</i><br><ol><li>palm tree</li></ol>
ރުފިޔާ|rufiyā|ރުފިޔާތައް	<i>noun</i><br><ol><li>rufiyaa</li></ol>
ރޫ|rū|ރޫތައް	<i>noun</i><br><ol><li>picture, drawing, portrayal</li><li>figure, shape</li><li>fold, plication, pleat</li><li>wrinkle, rumple, frown</li><li>wave</li></ol>
ރޫހަ|ރޫހަތައް|rūha	<i>noun</i><br><ol><li>name of a devi that could appear in any form, when incantations are recited, or supplications made.</li></ol>
ރޫފަ|ރޫހަތައް|ރޫފަތައް|rūha|rūfa|ރޫހަ	<i>noun</i><br><ol><li>form, shape, figure, appearance, semblance</li></ol>
ރޫސީވިލާތް|rūsīvilāt̊	<i>name</i><br><ol><li>Russia (a country in Europe and Asia)</li></ol>
ރެއި|ރެއިތައް|rei	<i>noun</i><br><ol><li>(Addu) Alternative form of ރޭ (rē)</li></ol>
ރޭ|ރޭތައް|rē	<i>noun</i><br><ol><li>night, nighttime</li><li>last night</li></ol>
ރޭގަނޑު|rēgaⁿḍu	<i>noun</i><br><ol><li>night</li></ol>
ރޭޑިއޯ|ރޭޑިއޯތައް|rēḍiō	<i>noun</i><br><ol><li>radio</li></ol>
ބ|b	<i>character</i><br><ol><li>The fifth letter of the Thaana alphabet, named bā</li></ol>
ބަހުގެ ގަވާއިދު|bahuge gavāidu|ބަހުގެ ގަވާއިދުތައް	<i>noun</i><br><ol><li>grammar</li></ol>
ބަށި|ބަށިތައް|baṣi	<i>noun</i><br><ol><li>eggplant, aubergine, brinjal</li></ol>
ބަނދަރު|ބަނދަރުތައް|baⁿdaru	<i>noun</i><br><ol><li>harbor, harbour, port</li><li>anchorage</li></ol>
ބަންޑާރައިން|ބަންޑާރައިންތައް|ban̊ḍārain̊	<i>noun</i><br><ol><li>king</li><li>sultan</li></ol>
ބަރަފު|barafu	<i>noun</i><br><ol><li>snow, sleet, hail</li></ol>
ބަޅު|baḷu|ބަޅުތައް	<i>noun</i><br><ol><li>dog</li></ol>
ބައި|bai|ބައިތައް	<i>noun</i><br><ol><li>share</li><li>part, portion</li><li>allotment</li><li>moiety</li><li>half; fraction, division</li></ol>
ބައިސްކަލު|baiskalu|ބައިސްކަލުތައް	<i>noun</i><br><ol><li>bicycle</li></ol>
ބައްތިރީސް|battirīs	<i>num</i><br><ol><li>thirty-two</li></ol>
ބައްޕަ|bappa|ބައްޕަތައް	<i>noun</i><br><ol><li>father</li></ol>
ބަމަ|bama	<i>noun</i><br><ol><li>fathom</li></ol>
ބަދަލު ނަން|badalu nan̊|ބަދަލު ނަންތައް	<i>noun</i><br><ol><li>(grammar) pronoun</li></ol>
ބަލަނީ|balanī	<i>verb</i><br><ol><li>to look, see, scan, scrutinize, survey, gaze, glance, peep, view, watch, watch, behold</li><li>to superintend, inspect</li><li>to care</li><li>to consider</li><li>to examine</li></ol>
ބަސް|bas|ބަސްތައް	<i>noun</i><br><ol><li>language</li><li>word</li></ol>
ބަޔާހި|bayāhi	<i>num</i><br><ol><li>eighty-two</li></ol>
ބަޔާނަވައި|bayānavai	<i>num</i><br><ol><li>ninety-two</li></ol>
ބަޔާޅީސް|bayāḷīs	<i>num</i><br><ol><li>forty-two</li></ol>
ބަޖަރާ|bajarā|ބަޖަރާތައް	<i>noun</i><br><ol><li>small steamboat used for pleasure</li></ol>
ބަޙްރައިން|baḥrain̊	<i>name</i><br><ol><li>Bahrain</li></ol>
ބާ|bā|ބާތައް	<i>noun</i><br><ol><li>Name of the fifth letter in the Thaana alphabet (ބ)</li></ol>
ބާހައްޓި|bāhaṭṭi	<i>num</i><br><ol><li>sixty-two</li></ol>
ބާހަތްތެރި|bāhat̊teri	<i>num</i><br><ol><li>seventy-two</li></ol>
ބާރަ|bāra	<i>num</i><br><ol><li>twelve</li></ol>
ބާވަންނަ|bāvan̊na	<i>num</i><br><ol><li>fifty-two</li></ol>
ބާވީސް|bāvīs	<i>num</i><br><ol><li>twenty-two</li></ol>
ބާގަ|bāga|ބާގަތައް	<i>noun</i><br><ol><li>one half of one aduba</li><li>tribe, clan</li></ol>
ބިހާރު|bihāru	<i>name</i><br><ol><li>Bihar (a state of India)</li></ol>
ބިން|bin̊|ބިންތައް	<i>noun</i><br><ol><li>earth, soil</li><li>land</li></ol>
ބިރިކި|ބިރިކިތައް|biriki	<i>noun</i><br><ol><li>bridge (of a ship)</li><li>brig, brigantine</li></ol>
ބިބީ|bibī|ބިބީތައް	<i>noun</i><br><ol><li>(card games) queen</li><li>butterfly fish</li></ol>
ބިސް|ބިސްތައް|bis	<i>noun</i><br><ol><li>egg</li><li>roe</li></ol>
ބިސްރަވަ|bisrava|ބިސްރަވަތައް	<i>noun</i><br><ol><li>ovary</li></ol>
ބުން|bun̊|ބުންތައް	<i>noun</i><br><ol><li>coffee, coffee bean</li></ol>
ބުރާސްފަތި|burāsfati|ބުރާސްފަތިތައް	<i>noun</i><br><ol><li>Thursday</li></ol>
ބުރާސްފަތި ދުވަސް|ބުރާސްފަތި ދުވަސްތައް|burāsfati duvas	<i>noun</i><br><ol><li>Thursday</li></ol>
ބުރި|ބުރިތައް|buri	<i>noun</i><br><ol><li>section, portion, part</li><li>anus, fundament</li></ol>
ބުޅާ|ބުޅާތައް|buḷā	<i>noun</i><br><ol><li>cat</li></ol>
ބުޅި|buḷi	<i>noun</i><br><ol><li>hook</li></ol>
ބުވަނަ|buvana|ބުވަނަތައް	<i>noun</i><br><ol><li>world</li><li>earth</li></ol>
ބުދަ|buda|ބުދަތައް	<i>noun</i><br><ol><li>Wednesday</li></ol>
ބުދަ ދުވަސް|buda duvas|ބުދަ ދުވަސްތައް	<i>noun</i><br><ol><li>Wednesday</li></ol>
ބުދު|ބުދުތައް|budu	<i>noun</i><br><ol><li>statue</li><li>image</li><li>doll</li><li>bust</li><li>figure</li><li>mannequin</li></ol><br><i>name</i><br><ol><li>the Buddha</li></ol>
ބޫޓާން|būṭān̊	<i>noun</i><br><ol><li>Bhutan (a country in Asia)</li></ol>
ބެރު|beru	<i>noun</i><br><ol><li>drum, kettle-drum, tom-tom</li></ol>
ބެރުވެރިޔާ|beruveriyā	<i>noun</i><br><ol><li>drummer, tom-tom beater</li></ol>
ބެއި|ބެއިތައް|bei	<i>noun</i><br><ol><li>share, portion, allotment, quota</li><li>fraction, division</li></ol>
ބެލެނީ|belenī	<i>verb</i><br><ol><li>to see</li></ol>
ބޭބެ|bēbe|ބޭބެތައް	<i>noun</i><br><ol><li>elder brother</li><li>someone who is elder</li><li>elderly man</li></ol>
ބޭސް|bēs	<i>noun</i><br><ol><li>medicament, medicine, drug, remedy</li></ol>
ބޭސްވެރިޔާ|bēsveriyā	<i>noun</i><br><ol><li>medical practitioner</li></ol>
ބޮނީ|bonī	<i>verb</i><br><ol><li>to drink, quaff, suck, sip, imbibe</li></ol>
ބޮލި|boli	<i>noun</i><br><ol><li>cowrie shell</li></ol>
ބޮލު|ބޮލުތައް|bolu	<i>noun</i><br><ol><li>hair</li></ol>
ބޮޑު|boḍu	<i>adj</i><br><ol><li>big</li></ol>
ބޮޑު ގޮހޮރު|boḍu gohoru|ބޮޑު ގޮހޮރުތައް	<i>noun</i><br><ol><li>large intestine</li></ol>
ބޮޑުފިޔާ|boḍufiyā	<i>noun</i><br><ol><li>onion</li></ol>
ބޯރީނދޫ ބިބީ|ބޯރީނދޫ ބިބީތައް|bōrīⁿdū bibī	<i>noun</i><br><ol><li>yellowhead butterflyfish</li></ol>
ބޯސްމާނު|ބޯސްމާނުތައް|bōsmānu	<i>noun</i><br><ol><li>boatswain</li></ol>
ބޯޓު|ބޯޓުތައް|bōṭu	<i>noun</i><br><ol><li>boat</li></ol>
ޅ|ḷ	<i>character</i><br><ol><li>The sixth letter of the Thaana alphabet, named lhaviyani</li></ol>
ޅަވިޔަނި|ޅަވިޔަނިތައް|ḷaviyani	<i>noun</i><br><ol><li>Name of the sixth letter in the Thaana alphabet (ޅ)</li></ol>
ކ	<i>character</i><br><ol><li>The seventh letter in Dhivehi, named kaafu</li></ol>
ކަށިވާލި|ކަށިވާލިތައް|kaṣivāli	<i>noun</i><br><ol><li>doublespotted queenfish</li></ol>
ކަނޑު|kaⁿḍu|ކަނޑުތައް	<i>noun</i><br><ol><li>ocean</li></ol>
ކަނީ|kanī	<i>verb</i><br><ol><li>to eat</li></ol>
ކަން|kan̊|ކަންތައް	<i>noun</i><br><ol><li>(grammar) verb</li><li>business, deed, act, action, work</li><li>need, necessity</li><li>corner, nook, nich</li><li>angle, salient, bend, quoin</li></ol>
ކަންއިތުރު|kan̊ituru|ކަންއިތުރުތައް	<i>noun</i><br><ol><li>(grammar) adverb</li></ol>
ކަރުނަ|karuna|ކަރުނަތައް	<i>noun</i><br><ol><li>tear (drop of liquid from the eye)</li></ol>
ކަރުކަށަ|karukaṣa	<i>name</i><br><ol><li>(astrology) Cancer</li></ol>
ކަރުދާސް|ކަރުދާސްތައް|karudās	<i>noun</i><br><ol><li>paper (material for writing on)</li></ol>
ކަރްނާޓަކާ|karnāṭakā	<i>name</i><br><ol><li>Karnataka (a state of India)</li></ol>
ކަޅަލި ބިބީ|ކަޅަލި ބިބީތައް|kaḷali bibī	<i>noun</i><br><ol><li>black-backed butterflyfish</li></ol>
ކަޅު|kaḷu	<i>adj</i><br><ol><li>black</li></ol>
ކަޅުމަސް ހިބަރު|ކަޅުމަސް ހިބަރުތައް|kaḷumas hibaru	<i>noun</i><br><ol><li>black marlin</li></ol>
ކައިވަތް|kaivat̊	<i>noun</i><br><ol><li>span (a length of nine inches)</li></ol>
ކައްބާބު|kabbābu	<i>noun</i><br><ol><li>Java pepper, cubeb</li></ol>
ކަތީބު|katību|ކަތީބުތައް	<i>noun</i><br><ol><li>prayer leader on an inhabited island</li><li>chief administrative officer (of an inhabited island), island chief</li></ol>
ކަތުރު|ކަތުރުތައް|katuru	<i>noun</i><br><ol><li>scissors, shears</li></ol>
ކަލަރު ބިބީ|ކަލަރު ބިބީތައް|kalaru bibī	<i>noun</i><br><ol><li>red-tailed butterflyfish</li></ol>
ކަލާނގެ|kalāⁿge|ކަލާނގެތައް	<i>noun</i><br><ol><li>god, deity</li></ol>
ކަލޭ|kalē	<i>pron</i><br><ol><li>thou, you (informal)</li></ol>
ކަލޭމެން|kalēmen̊	<i>pron</i><br><ol><li>you (plural)</li></ol>
ކަލޭގެފާނު|kalēgefānu	<i>noun</i><br><ol><li>(honorific)</li></ol>
ކާ|kā|ކާތައް	<i>noun</i><br><ol><li>(archaic) cloud, haze, mist</li></ol>
ކާނާ|ކާނާތައް|kānā	<i>noun</i><br><ol><li>food, usually for animals</li></ol>
ކާންޏަ|kān̊ña	<i>name</i><br><ol><li>(astrology) Virgo</li></ol>
ކާކު|kāku	<i>pron</i><br><ol><li>(interrogative) who</li></ol>
ކާފަރު|ކާފަރުތައް|kāfaru	<i>noun</i><br><ol><li>(Islam) kaffir, infidel; a non-believer</li></ol>
ކާފު|ކާފުތައް|kāfu	<i>noun</i><br><ol><li>Name of the seventh letter in the Thaana alphabet (ކ)</li></ol>
ކާފޫރު|ކާފޫރުތައް|kāfūru	<i>noun</i><br><ol><li>camphor</li></ol>
ކާލި|kāli	<i>noun</i><br><ol><li>quarter</li></ol>
ކިރު|ކިރުތައް|kiru	<i>noun</i><br><ol><li>milk</li></ol>
ކިރުޅިޔަ|kiruḷiya|ކިރުޅިޔަތައް	<i>noun</i><br><ol><li>fish of the genus Pinjalo</li></ol>
ކިރުޅިޔަ ބިބީ|kiruḷiya bibī|ކިރުޅިޔަ ބިބީތައް	<i>noun</i><br><ol><li>Indian butterflyfish</li></ol>
ކިޔަނީ|kiyanī	<i>verb</i><br><ol><li>to say, utter, tell, relate, narrate, read]</li></ol>
ކިޔަވަނީ|kiyavanī	<i>verb</i><br><ol><li>to learn, recite, study, memorise, take lessons</li><li>to acquire information, acquire knowledge</li></ol>
ކީކް|kīk̊	<i>pron</i><br><ol><li>(interrogative) what</li></ol>
ކީއްވެ|kīvve	<i>pron</i><br><ol><li>(interrogative) why</li></ol>
ކުނބު|ކުނބުތައް|kuᵐbu	<i>noun</i><br><ol><li>mast (of a boat, ship)</li></ol>
ކުންބަ|kun̊ba	<i>name</i><br><ol><li>(astrology) Aquarius</li></ol>
ކުރަނީ|kuranī	<i>verb</i><br><ol><li>to do, work</li></ol><br><i>suffix</i><br><ol><li>An infinite verb suffix</li></ol>
ކުރާނެ	<i>suffix</i><br><ol><li>A future verb suffix</li></ol>
ކުރި	<i>suffix</i><br><ol><li>A past verb suffix</li></ol>
ކުރު|kuru|ކުރުތައް	<i>adj</i><br><ol><li>short (of length or height)</li><li>concise, brief, terse</li></ol><br><i>noun</i><br><ol><li>dwarf, midget, manikin, homunculus</li></ol>
ކުރު މަސް|ކުރު މަސްތައް|kuru mas	<i>noun</i><br><ol><li>(zoology) wahoo</li></ol>
ކުރުނބާ|kuruᵐbā|ކުރުނބާތައް	<i>noun</i><br><ol><li>a young coconut</li></ol>
ކުރެ|kure	<i>suffix</i><br><ol><li>A present verb suffix</li></ol>
ކުރެން|kuren̊	<i>affix</i><br><ol><li>from, source</li></ol>
ކުރޮއޭޝިއާ|kuroēšiā	<i>name</i><br><ol><li>Croatia</li></ol>
ކުޅަނދިލި|kuḷaⁿdili|ކުޅަނދިލިތައް	<i>noun</i><br><ol><li>clitoris</li></ol>
ކުޅަނދު|kuḷaⁿdu	<i>noun</i><br><ol><li>measure of weight equal to 90 grains or 0.20565 ounces</li></ol>
ކުޅުދުއްފުށި|kuḷuduffuṣi	<i>name</i><br><ol><li>Kulhudhuffushi (a city in Haa Dhaalu, Maldives)</li></ol>
ކުޅެނީ|kuḷenī	<i>verb</i><br><ol><li>to play, sport, toy, trifle, amuse, frolic, gambol, meddle</li></ol>
ކުއްތާ|ކުއްތާތައް|kuttā	<i>noun</i><br><ol><li>dog</li></ol>
ކުމޭރު|kumēru|ކުމޭރުތައް	<i>noun</i><br><ol><li>potter (maker of ceramic vessels)</li></ol>
ކުދިފިޔާ|kudifiyā	<i>noun</i><br><ol><li>small red onion</li></ol>
ކުލަ ބޮއްމަސް|kula bommas|ކުލަ ބޮއްމަސްތައް	<i>noun</i><br><ol><li>scarlet frogfish</li></ol>
ކުޑަ|kuḍa|ކުދި	<i>adj</i><br><ol><li>small, little, diminutive, tiny, minute</li><li>umbrella, prolly, parasol</li></ol>
ކުޑަ ގޮހޮރު|kuḍa gohoru|ކުޑަ ގޮހޮރުތައް	<i>noun</i><br><ol><li>small intestine</li></ol>
ކުޑަކަމުދާ ހޮޅި|kuḍakamudā hoḷi|ކުޑަކަމުދާ ހޮޅިތައް	<i>noun</i><br><ol><li>urethra</li></ol>
ކެނެޑާ|keneḍā	<i>name</i><br><ol><li>Canada (a country in North America)</li></ol>
ކެރެލާ|kerelā	<i>name</i><br><ol><li>Kerala (a state of India)</li></ol>
ކެސް|ކެސްތައް|kes	<i>noun</i><br><ol><li>pubic hair</li><li>(archaic) hair, locks</li></ol>
ކެޔޮ|keyo	<i>noun</i><br><ol><li>plantain, banana</li><li>breadfruit</li><li>screwpine</li></ol>
ކޮށް	<i>suffix</i><br><ol><li>-ly; a suffix used to attach adjectives to derive adverbs</li></ol>
ކޮބާ|kobā	<i>pron</i><br><ol><li>(interrogative) where</li></ol>
ކޮޅުމަޑުލު|koḷumaḍulu	<i>name</i><br><ol><li>Kolhumadulu (an atoll in the Maldives)</li></ol>
ކޮކާ ބިބީ|kokā bibī|ކޮކާ ބިބީތައް	<i>noun</i><br><ol><li>vagabond butterflyfish</li></ol>
ކޮއްފި	<i>suffix</i><br><ol><li>a perfective present verb suffix</li></ol>
ކޮއްޓެ|koṭṭe	<i>noun</i><br><ol><li>4 kilograms (4 naalhi)</li></ol>
ކޮފީ|ކޮފީތައް|kofī	<i>noun</i><br><ol><li>coffee</li></ol>
ކޯ|kō	<i>noun</i><br><ol><li>(anatomy) cheek</li></ol>
ކްރޯރް|k̊rōr	<i>num</i><br><ol><li>crore, ten million</li></ol>
އ	<i>character</i><br><ol><li>The eighth letter in the Thaana alphabet, named alifu</li></ol>
އަ|a	<i>character</i><br><ol><li>The first vowel in Dhivehi, named abafili</li></ol><br><i>suffix</i><br><ol><li>Prefix with a negative or privative or contrary sense; un-, in-, not</li></ol>
އަހަރެން|aharen̊|އަހަރެންގެ|aharen̊ge|އަހަންނާ  އަހަރެންނާ (aharen̊nā)|އަހަންނަށް  އަހަރެންނަށް (aharen̊naṣ̊)	<i>pron</i><br><ol><li>I (neutral)</li></ol>
އަހަރެންގެ|aharen̊ge	<i>pron</i><br><ol><li>my</li></ol>
އަހަރެމެން|aharemen̊	<i>pron</i><br><ol><li>we</li></ol>
އަހް|އަށް	<i>suffix</i><br><ol><li>dative case suffix</li></ol>
އަށާހި|aṣāhi	<i>num</i><br><ol><li>eighty-eight</li></ol>
އަށާނަވައި|aṣānavai	<i>num</i><br><ol><li>ninety-eight</li></ol>
އަށާރަ|aṣāra	<i>num</i><br><ol><li>eighteen</li></ol>
އަށާޅީސް|aṣāḷīs	<i>num</i><br><ol><li>forty-eight</li></ol>
އަށާވީސް|aṣāvīs	<i>num</i><br><ol><li>twenty-eight</li></ol>
އަށުހައްޓި|aṣuhaṭṭi	<i>num</i><br><ol><li>sixty-eight</li></ol>
އަށުހަތްތަރި|aṣuhat̊tari	<i>num</i><br><ol><li>seventy-eight</li></ol>
އަށުވަންނަ|aṣuvan̊na	<i>num</i><br><ol><li>fifty-eight</li></ol>
އަށުތިރީސް|aṣutirīs	<i>num</i><br><ol><li>thirty-eight</li></ol>
އަށެއް|aṣek̊	<i>num</i><br><ol><li>eight</li></ol>
އަށް|aṣ̊	<i>num</i><br><ol><li>eight</li></ol>
އަނބު|އަނބުތައް|aᵐbu	<i>noun</i><br><ol><li>mango (tree)</li><li>mango (fruit)</li></ol>
އަނގަ|aⁿga|އަނގަތައް	<i>noun</i><br><ol><li>mouth</li></ol>
އަނެހް|aneh	<i>pron</i><br><ol><li>other, another</li></ol><br><i>adj</i><br><ol><li>other</li></ol>
އަނެކާ|anekā	<i>noun</i><br><ol><li>other person</li></ol>
އަނެއްކަވެސް|anekkaves	<i>adv</i><br><ol><li>once again</li></ol>
އަންހެނާ|an̊henā|އަންހެނުން	<i>noun</i><br><ol><li>woman, female person</li></ol>
އަންހެންމީހާ|އަންހެންމީހާތައް|an̊hen̊mīhā	<i>noun</i><br><ol><li>woman</li></ol>
އަންނަނީ|an̊nanī	<i>verb</i><br><ol><li>to come, draw near, get near, arrive, attend</li><li>to don, clothe, enrobe, attire, wear (a dress)</li></ol>
އަންމަ|އަންމަތައް|an̊ma	<i>noun</i><br><ol><li>mother</li></ol>
އަންމަކޮޅޯތް|an̊makoḷōt̊	<i>intj</i><br><ol><li>Used to express fear</li></ol>
އަންދާސާ|އަންދާސާތައް|an̊dāsā	<i>noun</i><br><ol><li>estimate, estimation, valuation</li></ol>
އަންދްރަ ޕްރަދޭޝް|an̊dra pradēš	<i>name</i><br><ol><li>Andhra Pradesh (a state of India)</li></ol>
އަންގަނީ|an̊ganī	<i>verb</i><br><ol><li>to announce, intimate, make known, inform, enunciate, notify</li></ol>
އަންގާރަ|an̊gāra	<i>noun</i><br><ol><li>Tuesday</li></ol>
އަންގާރަ ދުވަސް|އަންގާރަ ދުވަސްތައް|an̊gāra duvas	<i>noun</i><br><ol><li>Tuesday</li></ol>
އަންގުވަނީ|an̊guvanī	<i>verb</i><br><ol><li>(transitive) to cause to inform</li></ol>
އަރިއަތޮޅު އުތުރުބުރި|ariatoḷu uturuburi	<i>name</i><br><ol><li>Northern Ari (an atoll in the Maldives)</li></ol>
އަރިއަތޮޅު ދެކުނުބުރި|ariatoḷu dekunuburi	<i>name</i><br><ol><li>Southern Ari (an atoll in the Maldives)</li></ol>
އަރުނާޗަލް ޕްރަދޭޝް|arunācal pradēš	<i>name</i><br><ol><li>Arunachal Pradesh (a state of India)</li></ol>
އަބަޅު|abaḷu	<i>noun</i><br><ol><li>(archaic) woman, female person</li></ol>
އަބަދު|abadu	<i>noun</i><br><ol><li>eternity, perpetuity, time without end</li></ol><br><i>adv</i><br><ol><li>always</li></ol>
އަޅި|aḷi	<i>noun</i><br><ol><li>ash</li><li>gray, grey (colour)</li></ol>
އަޅުގަންޑު|އަޅުގަންޑުގެ|އަލުގަންޑާ|އަޅުގަންޑަށް|aḷugan̊ḍu	<i>pron</i><br><ol><li>I (deferential)</li></ol>
އަކީ	<i>particle</i><br><ol><li>a topic marker</li></ol>
އަކުރު|akuru|އަކުރުތައް	<i>noun</i><br><ol><li>letter (of an alphabet)</li></ol>
އައްދޭ|addē	<i>intj</i><br><ol><li>Used to express surprise</li></ol>
އައްދޮއައްދޯ|addoaddō	<i>intj</i><br><ol><li>Used to express pain</li></ol>
އައްލާހު|allāhu	<i>noun</i><br><ol><li>Allah</li></ol>
އައްސަލާމު ޢަލައިކުމް|assalāmu ʿalaikum̊	<i>intj</i><br><ol><li>hello</li></ol>
އައްޑޫ|aḍḍū	<i>name</i><br><ol><li>Addu (a city in the Maldives)</li><li>Addu (an atoll in the Maldives)</li></ol>
އަވަހާރަ|avahāra	<i>intj</i><br><ol><li>A salutation used by attendants entering the royal palace</li></ol>
އަވަށް|avaṣ̊|އަވަށްތައް	<i>noun</i><br><ol><li>neighbourhood</li><li>district</li><li>locality</li><li>environs</li><li>ward</li></ol>
އަފަ|afa	<i>pron</i><br><ol><li>(Addu) I, me</li></ol>
އަފްޣާނިސްތާން|afġānistān̊	<i>name</i><br><ol><li>Afghanistan (a country in Asia)</li></ol>
އަދި|adi	<i>conj</i><br><ol><li>and</li></ol><br><i>adv</i><br><ol><li>again</li></ol>
އަތޮޅު|atoḷu|އަތޮޅުތައް	<i>noun</i><br><ol><li>atoll</li></ol>
އަލަނާސި ބިބީ|އަލަނާސި ބިބީތައް|alanāsi bibī	<i>noun</i><br><ol><li>sunburst butterflyfish</li></ol>
އަލިފާން|އަލިފާންތައް|alifān̊	<i>noun</i><br><ol><li>fire</li></ol>
އަލިފު|alifu|އަލިފުތައް	<i>noun</i><br><ol><li>Name of the eighth letter in the Thaana alphabet (އ)</li></ol>
އަލިފުބާ|alifubā|އަލިފުބާތައް	<i>noun</i><br><ol><li>alphabet</li></ol>
އަލުވި|aluvi	<i>noun</i><br><ol><li>potato</li></ol>
އަސް|as	<i>noun</i><br><ol><li>horse</li></ol>
އަސްދާނު ބިބީ|އަސްދާނު ބިބީތައް|asdānu bibī	<i>noun</i><br><ol><li>blackwedged butterflyfish</li></ol>
އަޑުބަ|aḍuba	<i>noun</i><br><ol><li>aduba, a unit of wet measure</li></ol>
އާ|ā	<i>character</i><br><ol><li>The second vowel in Dhivehi, named abaafili</li></ol><br><i>particle</i><br><ol><li>A vocative case marker</li><li>A noun definite suffix</li></ol><br><i>adj</i><br><ol><li>new, fresh, novel</li></ol>
އާހި|āhi	<i>num</i><br><ol><li>eighty</li></ol>
އާން|ān̊	<i>intj</i><br><ol><li>yes</li></ol>
އާއި|āi	<i>conj</i><br><ol><li>and, added to, with, plus</li></ol>
އާއިލާ|āilā|އާއިލާތައް	<i>noun</i><br><ol><li>family</li></ol>
އާއްޗާ|āccā	<i>intj</i><br><ol><li>Used to express approval, great!</li></ol>
އާއްޗީ|āccī	<i>intj</i><br><ol><li>Used to express disgust or annoyance, ugh!</li></ol>
އާފަލު|āfalu|އާފަލުތައް	<i>noun</i><br><ol><li>apple</li></ol>
އާދަމު|ādamu	<i>name</i><br><ol><li>(religion) Adam</li></ol>
އާދިއްތަ|އާދިއްތަތައް|āditta	<i>noun</i><br><ol><li>Sunday</li></ol>
އާދިއްތަ ދުވަސް|āditta duvas|އާދިއްތަ ދުވަސްތައް	<i>noun</i><br><ol><li>Sunday</li></ol>
އާދެ|āde	<i>intj</i><br><ol><li>(polite) yes</li></ol>
އާސާމު|āsāmu	<i>name</i><br><ol><li>Assam (a state of India)</li></ol>
އާސްމާނުކުލަ|āsmānukula	<i>noun</i><br><ol><li>blue (colour)</li><li>azure</li></ol>
އިނގިރޭސި|iⁿgirēsi	<i>name</i><br><ol><li>the English language</li></ol>
އިން|in̊	<i>particle</i><br><ol><li>from</li></ol>
އިންނަނީ|in̊nanī	<i>verb</i><br><ol><li>to sit; to squat, to perch, to exist, to stay, to be (of animates)</li></ol>
އިންސާނުން|އިންސާނުންތައް|in̊sānun̊	<i>noun</i><br><ol><li>human, human being</li></ol>
އިންޑިއާ|in̊ḍiā	<i>name</i><br><ol><li>India</li></ol>
އިންޒާރު|in̊zāru	<i>noun</i><br><ol><li>warning</li></ol>
އިރަވީ ނިޒާމު|iravī nizāmu|އިރަވީ ނިޒާމުތައް	<i>noun</i><br><ol><li>solar system</li></ol>
އިރާގް|irāg	<i>name</i><br><ol><li>Iraq</li></ol>
އިރު|iru|އިރުތައް	<i>noun</i><br><ol><li>sun</li><li>time</li><li>moment</li></ol>
އިބަ|iba	<i>pron</i><br><ol><li>you</li><li>thou; thee</li></ol>
އިބަސުވާމީންގެ|ibasuvāmīn̊ge	<i>pron</i><br><ol><li>(deity) you</li></ol>
އިބާރާތް|އިބާރާތްތައް|ibārāt̊	<i>noun</i><br><ol><li>(grammar) sentence structure</li></ol>
އިބްރާހީމް|ibrāhīm̊	<i>name</i><br><ol><li>(Islam) Ibrahim, the prophet Abraham</li></ol>
އިއްޔެ|iyye	<i>noun</i><br><ol><li>yesterday</li></ol>
އިތުރު|ituru	<i>adj</i><br><ol><li>holy, sacred, revered</li><li>noble, august, dignified, elevated, eminent, upright</li><li>remaining, surplus, excessive, redundant, extra, residual, excess</li></ol>
އިލާހު|އިލާހުތައް|ilāhu	<i>noun</i><br><ol><li>god, deity</li></ol>
އިސަބަ|isaba	<i>name</i><br><ol><li>(astrology) Taurus</li></ol>
އިސްދޫ|isdū	<i>name</i><br><ol><li>Isdhoo (an island in Haddhunmathi, Maldives)</li></ol>
އިސްލާމް|islām̊|އިސްލާމްތައް	<i>noun</i><br><ol><li>Islam</li></ol>
އީ|ī	<i>character</i><br><ol><li>The fourth vowel of the Thaana alphabet, named eebeefili</li></ol><br><i>suffix</i><br><ol><li>a derivational suffix</li></ol>
އީސާގެފާނު|īsāgefānu	<i>name</i><br><ol><li>Jesus Christ</li></ol>
އު|u	<i>character</i><br><ol><li>The fifth vowel in the Thaana alphabet, named uboofili</li></ol><br><i>suffix</i><br><ol><li>a definite singular suffix</li></ol>
އުން	<i>particle</i><br><ol><li>A plural marker</li></ol>
އުއްތަރު ޕްރަދޭޝް|uttaru pradēš	<i>name</i><br><ol><li>Uttar Pradesh (a state of India)</li></ol>
އުއްތަރުކަންދު|uttarukan̊du	<i>name</i><br><ol><li>Uttarakhand (a state of India)</li></ol>
އުވަ	<i>suffix</i><br><ol><li>Post-vowel allomorphic form of ވަ (va, causative morpheme suffix).</li></ol>
އުތައް	<i>suffix</i><br><ol><li>A plural suffix</li></ol>
އުތުރު|އުތުރުތައް|uturu	<i>adj</i><br><ol><li>northern</li></ol><br><i>noun</i><br><ol><li>north</li></ol>
އުތުރު ކޮރެއާ|uturu koreā	<i>name</i><br><ol><li>North Korea</li></ol>
އޫ|އޫތައް|ū	<i>noun</i><br><ol><li>fork</li></ol>
އެ|e	<i>character</i><br><ol><li>The seventh vowel of the Thaana alphabet, named ebebili</li></ol><br><i>pron</i><br><ol><li>it, that; that over there</li></ol>
އެ މީހުން|e mīhun̊	<i>pron</i><br><ol><li>they</li></ol>
އެހެން|ehen̊	<i>adv</i><br><ol><li>like that</li></ol>
އެނގެނީ|އެނގެން|eⁿgenī	<i>verb</i><br><ol><li>to know</li></ol>
އެންމެ|en̊me	<i>adv</i><br><ol><li>most</li></ol>
އެކަކު|ekaku	<i>noun</i><br><ol><li>one person, single</li></ol>
އެކަމަކު|ekamaku	<i>conj</i><br><ol><li>but</li></ol>
އެކާހައްޓި|ekāhaṭṭi	<i>num</i><br><ol><li>sixty-one</li></ol>
އެކާހަތްތެރި|ekāhat̊teri	<i>num</i><br><ol><li>seventy-one</li></ol>
އެކާހި|ekāhi	<i>num</i><br><ol><li>eighty-one</li></ol>
އެކާނަވައި|ekānavai	<i>num</i><br><ol><li>ninety-one</li></ol>
އެކާޅީސް|ekāḷīs	<i>num</i><br><ol><li>forty-one</li></ol>
އެކާވަންނަ|ekāvan̊na	<i>num</i><br><ol><li>fifty-one</li></ol>
އެކާވީސް|ekāvīs	<i>num</i><br><ol><li>twenty-one</li></ol>
އެކު|eku	<i>adj</i><br><ol><li>entire, total, whole, full, gross</li><li>together with, united to</li></ol>
އެކުނި	<i>prefix</i><br><ol><li>one less than, minus one, deficient by one, less by one</li></ol>
އެކުވެރި ސުވާދީބު ޖުމްހޫރިއްޔާ|ekuveri suvādību jum̊hūriyyā	<i>name</i><br><ol><li>United Suvadive Republic</li></ol>
އެކުވެރި ޢަރަބި އިމާރާތު|ekuveri ʿarabi imārātu	<i>name</i><br><ol><li>United Arab Emirates</li></ol>
އެކުގައި|ekugai	<i>adj</i><br><ol><li>together, unanimous, en rapport, with</li><li>all</li></ol>
އެކެއް|ekek̊	<i>num</i><br><ol><li>one</li></ol>
އެކޮޅަސް|ekoḷas	<i>num</i><br><ol><li>(archaic) eleven</li></ol>
އެއާ|eā	<i>pron</i><br><ol><li>he, she (inanimate)</li></ol>
އެއާޕޯޓް|އެއާޕޯޓްތައް|eāpōṭ	<i>noun</i><br><ol><li>airport</li></ol>
އެއް|ek̊|ekek̊|އެކެއް	<i>num</i><br><ol><li>one</li></ol>
އެއްތިރީސް|ettirīs	<i>num</i><br><ol><li>twenty-one</li></ol>
އެވެ	<i>particle</i><br><ol><li>a sentence marker</li></ol>
އެވެނި|eveni	<i>pron</i><br><ol><li>that person</li></ol>
އެމެރިކާ|emerikā	<i>name</i><br><ol><li>America (the continents of North America and South America)</li><li>America, United States of America (a country in North America)</li></ol>
އެފްރިކާ|efrikā	<i>name</i><br><ol><li>Africa</li></ol>
އެތާ|etā	<i>pron</i><br><ol><li>there</li></ol>
އެތި|eti|އެތިތައް	<i>noun</i><br><ol><li>thing</li></ol>
އެތެރެ|etere	<i>noun</i><br><ol><li>inside, interior, inner</li></ol>
އެތެރެ ކޮއިލު|etere koilu	<i>noun</i><br><ol><li>Sultan's palace area</li></ol>
އެތް|et̊|އެތްތައް	<i>noun</i><br><ol><li>elephant</li><li>palm flower</li></ol>
އެގާރަ|އެގަރަ|egāra|egara	<i>num</i><br><ol><li>eleven</li></ol>
އެޕްރީލް|އެޕްރީލްތައް|eprīl	<i>noun</i><br><ol><li>April</li></ol>
އޭ|ē	<i>character</i><br><ol><li>The eighth diacritic of the Thaana alphabet, named ēbēfili</li></ol><br><i>suffix</i><br><ol><li>a constituent emphasis marker</li><li>used for reported speech</li></ol>
އޭނާ|ēnā	<i>pron</i><br><ol><li>he, she</li></ol>
އޭތި|ēti	<i>pron</i><br><ol><li>it</li></ol>
އޭޝިއާ|ēšiā	<i>name</i><br><ol><li>Asia</li></ol>
އޮށަނި|oṣani	<i>noun</i><br><ol><li>thorn apple</li></ol>
އޮށް|އޮށްތައް|oṣ̊	<i>noun</i><br><ol><li>stone (of a fruit)</li><li>spore (of a fungus)</li><li>testicle</li><li>male camel</li></ol>
އޮނަހައްޓި|onahaṭṭi	<i>num</i><br><ol><li>fifty-nine</li></ol>
އޮނަހަތްތެރި|onahat̊teri	<i>num</i><br><ol><li>sixty-nine</li></ol>
އޮނައާހި|onaāhi	<i>num</i><br><ol><li>seventy-nine</li></ol>
އޮނަވައި|onavai	<i>num</i><br><ol><li>eighty-nine</li></ol>
އޮނަވިހި|onavihi	<i>num</i><br><ol><li>nineteen</li></ol>
އޮނަފަންސާސް|onafan̊sās	<i>num</i><br><ol><li>forty-nine</li></ol>
އޮނަތިރީސް|onatirīs	<i>num</i><br><ol><li>twenty-nine</li></ol>
އޮނަސާޅީސް|onasāḷīs	<i>num</i><br><ol><li>thirty-nine</li></ol>
އޮނު|onu	<i>noun</i><br><ol><li>bamboo</li><li>(music) flute</li></ol>
އޮރިއްސާ|orissā	<i>name</i><br><ol><li>Odisha (a state of India)</li></ol>
އޮރެންޖުކުލަ|oren̊jukula	<i>noun</i><br><ol><li>orange (colour)</li></ol>
އޮޅުދޫ|oḷudū	<i>name</i><br><ol><li>Sri Lanka</li></ol>
އޮޅުދޫކަރަ|oḷudūkara	<i>name</i><br><ol><li>Sri Lanka</li></ol>
އޮކްޓޫބަރު|އޮކްޓޫބަރުތައް|ok̊ṭūbaru	<i>noun</i><br><ol><li>October</li></ol>
އޮއިރޮނގު ބިބީ|oiroⁿgu bibī|އޮއިރޮނގު ބިބީތައް	<i>noun</i><br><ol><li>scrawled butterflyfish</li></ol>
އޮއިމަތީ ބިބީ|އޮއިމަތީ ބިބީތައް|oimatī bibī	<i>noun</i><br><ol><li>brown-and-white butterflyfish</li></ol>
އޮގަސްޓު|ogasṭu|އޮގަސްޓުތައް	<i>noun</i><br><ol><li>August</li></ol>
އޮޑި|oḍi|އޮޑިތައް	<i>noun</i><br><ol><li>boat, ferry</li></ol>
އް|k̊	<i>character</i><br><ol><li>A glottal stop</li><li>Used to double the following consonant.</li></ol><br><i>suffix</i><br><ol><li>An indefinite singular suffix</li></ol>
އްސުރެ	<i>suffix</i><br><ol><li>since</li></ol>
އްޔާ	<i>suffix</i><br><ol><li>if, when</li></ol>
ވ|v	<i>character</i><br><ol><li>The ninth letter in Dhivehi, named vaavu</li></ol>
ވަ	<i>suffix</i><br><ol><li>A causative morpheme suffix</li></ol>
ވަނަ	<i>suffix</i><br><ol><li>ordinal marker</li></ol>
ވަނީ|vanī	<i>verb</i><br><ol><li>to happen, become, occur, exist</li></ol><br><i>suffix</i><br><ol><li>A perfective passive present verb suffix</li></ol>
ވަރަށް|varaṣ̊	<i>adv</i><br><ol><li>very</li></ol>
ވަރެއާ|vareā	<i>noun</i><br><ol><li>rain</li></ol>
ވަޅި|vaḷi|ވަޅިތައް	<i>noun</i><br><ol><li>knife</li></ol>
ވަކިވެލަން|vakivelan̊	<i>intj</i><br><ol><li>goodbye</li></ol>
ވައި|vai|ވައިތައް	<i>noun</i><br><ol><li>air</li><li>wind</li></ol>
ވައިގެބަނދަރު|ވައިގެބަނދަރުތައް|vaigebaⁿdaru	<i>noun</i><br><ol><li>airport</li></ol>
ވައްޓަނީ|vaṭṭanī	<i>verb</i><br><ol><li>to drop, decline, plummet, plunge, tumble, collapse, make fall</li></ol>
ވައްޓުވަނީ|vaṭṭuvanī	<i>verb</i><br><ol><li>to cause to drop</li></ol>
ވަގު|vagu|ވަގުތައް	<i>adj</i><br><ol><li>wild, untamed</li></ol><br><i>noun</i><br><ol><li>thief, burglar, robber</li><li>tiger</li></ol>
ވަގުތުން|vagutun̊	<i>adj</i><br><ol><li>instant</li></ol>
ވަޑި|vaḍi|ވަޑިތައް	<i>noun</i><br><ol><li>carpenter</li><li>shipwright</li><li>mason</li></ol>
ވާނެ|vāne	<i>suffix</i><br><ol><li>A future passive verb suffix</li></ol>
ވާވު|ވާވުތައް|vāvu	<i>noun</i><br><ol><li>Name of the ninth letter in the Thaana alphabet (ވ)</li></ol>
ވިހާރަ|vihāra	<i>noun</i><br><ol><li>Buddhist temple</li></ol>
ވިހި|vihi	<i>num</i><br><ol><li>twenty</li></ol>
ވިރުސިކަ|virusika	<i>name</i><br><ol><li>(astrology) Scorpio</li></ol>
ވިކިޕީޑިއާ|vikipīḍiā	<i>name</i><br><ol><li>Wikipedia</li></ol>
ވިލާ|ވިލާތައް|vilā	<i>noun</i><br><ol><li>cloud</li><li>brume</li></ol>
ވިލާތް|ވިލާތްތައް|vilāt̊	<i>noun</i><br><ol><li>a foreign country</li></ol>
ވިލިންގިލި|vilin̊gili	<i>name</i><br><ol><li>Vilingili (a district of Malé, Maldives)</li></ol>
ވިޔަނި|viyani	<i>noun</i><br><ol><li>consonant</li></ol>
ވުރެ|vure	<i>particle</i><br><ol><li>than</li></ol>
ވެ	<i>suffix</i><br><ol><li>A verbal suffix deriving from causative verbs.</li></ol>
ވެހި|vehi|ވެހިތައް	<i>noun</i><br><ol><li>rain</li><li>dweller; inhabitant</li><li>native</li></ol>
ވެނި|veni	<i>pron</i><br><ol><li>such, like, person or thing</li></ol>
ވެރި	<i>suffix</i><br><ol><li>Post-vowel allomorphic form of ތެރި (teri)</li></ol>
ވެރިޔާ|veriyā|ވެރިން	<i>noun</i><br><ol><li>leader, superior, potentate, principal</li><li>owner, possessor, holder</li></ol>
ވެރު|veru	<i>noun</i><br><ol><li>(archaic) monastery, monkery, retreat, hermitage</li></ol>
ވެއްޓެނީ|veṭṭenī	<i>verb</i><br><ol><li>(intransitive) to fall</li></ol>
ވެއްޖެ	<i>suffix</i><br><ol><li>A passive past verb suffix</li></ol>
ވެސް|ves	<i>adv</i><br><ol><li>also</li></ol>
ވެސްޓު ބެންގާލް|vesṭu ben̊gāl	<i>name</i><br><ol><li>West Bengal (a state of India)</li></ol>
ވޭރު|vēru	<i>noun</i><br><ol><li>marsh, fen</li><li>pond, pool, lake</li><li>Buddhist temple</li></ol>
މ	<i>character</i><br><ol><li>The tenth letter in Dhivehi, named meemu</li></ol>
މަ|މަގޭ|މަށަ|މަށަށް|ma	<i>pron</i><br><ol><li>I (informal)</li></ol>
މަހަލް|މަހަލްތައް|mahal	<i>noun</i><br><ol><li>Mahal, Mahl (a Dhivehi dialect spoken in Minicoy)</li></ol>
މަހާ|mahā	<i>adj</i><br><ol><li>big, large, great</li><li>main</li></ol><br><i>noun</i><br><ol><li>(archaic) large fish taken collectively, school of large fish</li></ol>
މަހާރާޝްތުރާ|mahārāšturā	<i>name</i><br><ol><li>Maharashtra (a state of India)</li></ol>
މަނަވަރު|މަނަވަރުތައް|manavaru	<i>noun</i><br><ol><li>man-of-war, warship, battleship</li></ol>
މަނާ|manā	<i>noun</i><br><ol><li>prohibition, interdiction, debar, ban, disallowance, injunction</li><li>embargo</li><li>deprival, hindering, impeding, obstruction</li><li>dissuading</li></ol>
މަނިޕޫރު|manipūru	<i>name</i><br><ol><li>Manipur (a state of India)</li></ol>
މަރާޓީ|marāṭī	<i>name</i><br><ol><li>Marathi (language)</li></ol>
މަރުޙަބާ|maruḥabā	<i>intj</i><br><ol><li>(informal) hello</li></ol>
މަކަރަ|makara	<i>name</i><br><ol><li>(astrology) Capricorn</li></ol>
މަކުނު|makunu	<i>noun</i><br><ol><li>bug, any similar insect or organism</li></ol>
މައިދާ|maidā|މައިދާތައް	<i>noun</i><br><ol><li>stomach</li></ol>
މައިޒާން|maizān̊|މައިޒާންތައް	<i>noun</i><br><ol><li>field, square; arena (place where people meet for leisure and amusement; open place with benches)</li></ol>
މަދްޔަ ޕްރަދޭޝް|madya pradēš	<i>name</i><br><ol><li>Madhya Pradesh (a state of India)</li></ol>
މަތިގެ|matige	<i>noun</i><br><ol><li>Sultan's office and palace</li></ol>
މަލިކު|maliku	<i>name</i><br><ol><li>Minicoy (an island in Lakshadweep, India)</li></ol>
މަގު|magu|މަގުތައް	<i>noun</i><br><ol><li>road, way, path</li></ol>
މަސާނާ|masānā|މަސާނާތައް	<i>noun</i><br><ol><li>bladder</li></ol>
މަސީހީދީން|masīhīdīn̊	<i>name</i><br><ol><li>Christianity</li></ol>
މަސް|mas|މަސްތައް	<i>noun</i><br><ol><li>fish</li><li>bonito</li><li>meat, flesh</li><li>month</li></ol>
މަސް ހިބަރު|މަސް ހިބަރުތައް|mas hibaru	<i>noun</i><br><ol><li>marlin</li></ol>
މަޑަގަސްކަރަ ބިބީ|maḍagaskara bibī|މަޑަގަސްކަރަ ބިބީތައް	<i>noun</i><br><ol><li>Seychelles butterflyfish</li></ol>
މަޑުލަ|maḍula|މަޑުލަތައް	<i>noun</i><br><ol><li>atoll</li><li>an administrative district</li></ol>
މާ|މާތައް|mā	<i>noun</i><br><ol><li>flower</li><li>The tenth nakaiy of the south-west monsoon.</li><li>The asterism Alpha (Regulus), Zeta, Gamma (Algeiba), Mu, Epsilon and Eta in Leonis</li></ol><br><i>suffix</i><br><ol><li>when</li></ol><br><i>adj</i><br><ol><li>great, big, large</li></ol><br><i>adv</i><br><ol><li>more</li></ol>
މާނު|mānu	<i>noun</i><br><ol><li>(archaic) man, male, person</li><li>(archaic) priest, monk, monastic</li></ol>
މާރޗް|މާރޗްތައް|mārc	<i>noun</i><br><ol><li>March</li></ol>
މާޅޮސްމަޑުލު އުތުރުބުރި|māḷosmaḍulu uturuburi	<i>name</i><br><ol><li>Northern Maalhosmadulu (an atoll in the Maldives)</li></ol>
މާޅޮސްމަޑުލު ދެކުނުބުރި|māḷosmaḍulu dekunuburi	<i>name</i><br><ol><li>Southern Maalhosmadulu (an atoll in the Maldives)</li></ol>
މާދަރީ|mādarī	<i>adv</i><br><ol><li>motherly</li></ol><br><i>adj</i><br><ol><li>mother</li></ol>
މާދާމަ|mādāma	<i>noun</i><br><ol><li>tomorrow</li></ol>
މާތާޕިތާ|mātāpitā|މާތާޕިތާތައް	<i>noun</i><br><ol><li>mother and father</li><li>parents</li><li>ancestry</li><li>progenitor</li></ol>
މާތް ކަލާކޯ|māt̊ kalākō	<i>intj</i><br><ol><li>oh my god!</li></ol>
މާލެ|māle	<i>name</i><br><ol><li>Malé (the capital city of the Maldives)</li><li>Malé (an atoll in the Maldives)</li></ol>
މާސްކު ބިބީ|މާސްކު ބިބީތައް|māsku bibī	<i>noun</i><br><ol><li>masked bannerfish</li></ol>
މި|mi	<i>pron</i><br><ol><li>this; these</li></ol>
މިހާރު|mihāru	<i>adv</i><br><ol><li>now</li></ol>
މިހެން|mihen̊	<i>adv</i><br><ol><li>like this</li></ol>
މިނި|mini	<i>adj</i><br><ol><li>connected with the dead</li><li>connected with man, human</li></ol><br><i>noun</i><br><ol><li>man, mankind, humanity</li></ol>
މިނެޓު|mineṭu	<i>noun</i><br><ol><li>a minute (unit of time)</li></ol>
މިރުސް|mirus	<i>noun</i><br><ol><li>pepper, chili, capsicum</li></ol>
މިއަދު|miadu	<i>noun</i><br><ol><li>today</li></ol>
މިއުޒިކް|miuzik̊|މިއުޒިކްތައް	<i>noun</i><br><ol><li>music</li></ol>
މިވެނި|miveni	<i>pron</i><br><ol><li>this person</li></ol>
މިތާ|mitā	<i>pron</i><br><ol><li>here</li></ol>
މިތުނަ|mituna	<i>name</i><br><ol><li>(astrology) Gemini</li></ol>
މިލަދުންމަދުލު އުތުރުބުރި|miladun̊madulu uturuburi	<i>name</i><br><ol><li>Northern Miladhunmadulu (an atoll in the Maldives)</li></ol>
މިލަދުންމަޑުލު ދެކުނުބުރި|miladun̊madulu dekunuburi|މިލަދުންމަދުލު ދެކުނުބުރި	<i>name</i><br><ol><li>Southern Miladhunmadulu (an atoll in the Maldives)</li></ol>
މިސްކިތް|މިސްކިތްތައް|miskit̊	<i>noun</i><br><ol><li>mosque</li></ol>
މިޒޮރާމް|mizorām̊	<i>name</i><br><ol><li>Mizoram (a state of India)</li></ol>
މިޔަރު|މިޔަރުތައް|miyaru	<i>noun</i><br><ol><li>shark</li></ol>
މިޞްރު|mişru	<i>name</i><br><ol><li>Egypt (a country in Africa)</li></ol>
މީހާ|mīhun̊|މީހުން|mīhā	<i>noun</i><br><ol><li>man, human being</li><li>male person</li></ol>
މީނާ|mīnā	<i>pron</i><br><ol><li>he, she, it (near speaker)</li></ol>
މީންޏަ|mīn̊ña	<i>name</i><br><ol><li>(astrology) pisces</li></ol>
މީމު|mīmu|މީމުތައް	<i>noun</i><br><ol><li>Name of the tenth letter of the Thaana alphabet (މ)</li></ol>
މުށް|muṣ̊	<i>noun</i><br><ol><li>fist, clenched hand, handful</li><li>hilt, handle</li><li>cubit (unit of measurement)</li></ol>
މުން	<i>suffix</i><br><ol><li>Suffix indicating simultaneity and manner</li></ol>
މުންނާރު|މުންނާރުތައް|mun̊nāru	<i>noun</i><br><ol><li>minaret</li><li>tower; steeple</li></ol>
މުޅާ|muḷā	<i>noun</i><br><ol><li>radish</li></ol>
މުކަ|muka	<i>noun</i><br><ol><li>mouth, opening, orifice</li></ol>
މުކުރިޔާ|mukuriyā|މުކުރިޔާތައް	<i>noun</i><br><ol><li>(Huvadhoo) reciter of a Qur'an</li></ol>
މުލަކަތޮޅު|mulakatoḷu	<i>name</i><br><ol><li>Mulak (an atoll in the Maldives)</li></ol>
މުޙައްރަމް|muḥarram̊	<i>name</i><br><ol><li>Muharram, the first month of the Islamic calendar</li></ol>
މުޙައްމަދު|muḥammadu	<i>name</i><br><ol><li>(Islam) The prophet Muhammad</li></ol>
މުޙައްމަދުގެފާނު|muḥammadugefānu	<i>name</i><br><ol><li>the Islamic prophet Muhammad</li></ol>
މޫނު|mūnu	<i>noun</i><br><ol><li>(anatomy) face</li></ol>
މޫދު|mūdu|މޫދުތައް	<i>noun</i><br><ol><li>sea</li><li>part of the lagoon between the shore and the reef</li></ol>
މެ	<i>particle</i><br><ol><li>an emphasis marker</li></ol>
މެނުވީ|menuvī	<i>noun</i><br><ol><li>apart from</li></ol>
މެން	<i>suffix</i><br><ol><li>A noun plural marker</li></ol>
މެންދުރު|men̊duru	<i>noun</i><br><ol><li>afternoon</li></ol>
މެކްސިކޯ|mek̊sikō	<i>name</i><br><ol><li>Mexico (a country in North America)</li></ol>
މެއި|mei|މެއިތައް	<i>noun</i><br><ol><li>May</li></ol>
މެގަލާޔާ|megalāyā	<i>name</i><br><ol><li>Meghalaya (a state of India)</li></ol>
މޭސަ|mēsa	<i>name</i><br><ol><li>(astrology) aries</li></ol>
މޭޒު|mēzu	<i>noun</i><br><ol><li>table</li><li>desk</li></ol>
މޮސްކޯ|moskō	<i>name</i><br><ol><li>Moscow (a federal city, the capital of Russia)</li></ol>
ފ	<i>character</i><br><ol><li>The eleventh letter in Dhivehi, named faafu</li></ol>
ފަހަނީ|fahanī	<i>verb</i><br><ol><li>to chase, drive away, run after, persue</li><li>(India) to remove the husk of a coconut</li><li>to snitch, sew, tailor, suture</li></ol>
ފަހަރު	<i>suffix</i><br><ol><li>A plural suffix for water vessels</li></ol>
ފަހު|fahu	<i>adv</i><br><ol><li>after, latter, subsequently, succeeding, thereafter, following, afterwards</li><li>since</li></ol>
ފަހެއް|fahek̊	<i>num</i><br><ol><li>five</li></ol>
ފަނސަތިރީސް|fansatirīs	<i>num</i><br><ol><li>thirty-five</li></ol>
ފަނަރަ|fanara	<i>num</i><br><ol><li>fifteen</li></ol>
ފަން|ފަންތައް|fan̊	<i>noun</i><br><ol><li>leaves of the coconut palm.</li></ol>
ފަންސަހައްޓި|fan̊sahaṭṭi	<i>num</i><br><ol><li>sixty-five</li></ol>
ފަންސަހަތްތެރި|fan̊sahat̊teri	<i>num</i><br><ol><li>seventy-five</li></ol>
ފަންސަވަންނަ|fan̊savan̊na	<i>num</i><br><ol><li>fifty-five</li></ol>
ފަންސަވީސް|fan̊savīs	<i>num</i><br><ol><li>twenty-five</li></ol>
ފަންސަޔާހި|fan̊sayāhi	<i>num</i><br><ol><li>eighty-five</li></ol>
ފަންސަޔާނަވައި|fan̊sayānavai	<i>num</i><br><ol><li>ninety-five</li></ol>
ފަންސަޔާޅީސް|fan̊sayāḷīs	<i>num</i><br><ol><li>forty-five</li></ol>
ފަންސާސް|fan̊sās	<i>num</i><br><ol><li>fifty</li></ol>
ފަންޑިތަ|fan̊ḍita	<i>noun</i><br><ol><li>magic, black magic, witchcraft, sorcery</li></ol>
ފަންޑިތަވެރިޔާ|fan̊ḍitaveriyā	<i>noun</i><br><ol><li>magician, wizard, witch</li></ol>
ފަކުސަމަ|fakusama|ފަކުސަމަތައް	<i>adj</i><br><ol><li>western</li></ol><br><i>noun</i><br><ol><li>west</li><li>The first thirteen days of the lunar month</li></ol>
ފައިސާ|ފައިސާތައް|faisā	<i>noun</i><br><ol><li>paisa</li><li>money</li></ol>
ފައުލަ|faula	<i>noun</i><br><ol><li>a unit of weight, twenty-four pounds</li></ol>
ފައްޅި|faḷḷi	<i>noun</i><br><ol><li>temple</li></ol>
ފަތްމިނި ބިބީ|fat̊mini bibī|ފަތްމިނި ބިބީތައް	<i>noun</i><br><ol><li>bluelashed butterflyfish</li></ol>
ފަސް|ފަހެހް|fas	<i>num</i><br><ol><li>five</li></ol><br><i>noun</i><br><ol><li>after, following, since, subsequent</li><li>aft, behind</li></ol>
ފާ	<i>suffix</i><br><ol><li>Indicates a complete verb</li></ol>
ފާފު|fāfu|ފާފުތައް	<i>noun</i><br><ol><li>Name of the eleventh letter in the Thaana alphabet (ފ)</li></ol>
ފާދިއްޕޮޅު|fādippoḷu	<i>name</i><br><ol><li>Faadhippolhu (an atoll in the Maldives)</li></ol>
ފާލަން|ފާލަންތައް|fālan̊	<i>noun</i><br><ol><li>bridge, overpass</li><li>causeway</li><li>jetty, quay, pier</li><li>landing</li><li>wharf</li><li>dike</li></ol>
ފާޚާނާ|fāxānā	<i>noun</i><br><ol><li>toilet</li></ol>
ފިރިހެން ހަށި|ފިރިހެން ހަށ	<i>noun</i><br><ol><li>penis</li></ol>
ފިލި|fili|ފިލިތައް	<i>noun</i><br><ol><li>symbol of a vowel, vowel point, diacritical mark</li></ol>
ފިޔަވާ|fiyavā	<i>noun</i><br><ol><li>except</li></ol>
ފިޔާ|fiyā	<i>noun</i><br><ol><li>onion</li></ol>
ފިޔާދާ|fiyādā	<i>noun</i><br><ol><li>a net in which onions are kept</li><li>something resembling this made out of paper</li><li>foot-soldier, infantryman</li></ol>
ފިޔޮހި|fiyohi	<i>noun</i><br><ol><li>knife</li></ol>
ފިޖީ|fijī	<i>noun</i><br><ol><li>Fiji (a country in Oceania)</li></ol>
ފުރަމޭ|furamē|ފުރަމޭތައް	<i>noun</i><br><ol><li>liver</li></ol>
ފުރާ|ފުރާތައް|furā	<i>noun</i><br><ol><li>area</li><li>vicinity</li><li>purlieu</li><li>surroundings</li><li>region</li></ol>
ފުޅު	<i>suffix</i><br><ol><li>(honorific) Used for items associated with people of high status</li></ol>
ފުއްޕާމޭ|fuppāmē|ފުއްޕާމޭތައް	<i>noun</i><br><ol><li>lung</li></ol>
ފުވައްމުލައް|fuvammulak̊	<i>name</i><br><ol><li>Fuvahmulah (a city in the Maldives)</li><li>Fuvahmulah (an atoll in the Maldives)</li></ol>
ފުތް|fut̊|ފުތްތައް	<i>noun</i><br><ol><li>son</li></ol>
ފޫރުއްބަ|ފޫރުއްބަތައް|fūrubba	<i>adj</i><br><ol><li>eastern</li></ol><br><i>noun</i><br><ol><li>east</li></ol>
ފެހިކުލަ|fehikula	<i>noun</i><br><ol><li>green (colour)</li></ol>
ފެހުރިހި|fehurihi|ފެހުރިހިތައް	<i>noun</i><br><ol><li>whale shark</li></ol>
ފެން|ފެންތައް|fen̊	<i>noun</i><br><ol><li>water</li></ol>
ފެންނަނީ|fen̊nanī	<i>verb</i><br><ol><li>to see, behold, discern, descry, be visible, appear, view, visualize</li></ol>
ފެބްރުއަރީ|februarī|ފެބްރުއަރީތައް	<i>noun</i><br><ol><li>February</li></ol>
ފެލިދެ|felide	<i>name</i><br><ol><li>Felidhe (an atoll in the Maldives)</li></ol>
ފޭރު|ފޭރުތައް|fēru	<i>noun</i><br><ol><li>weaver</li><li>guava</li></ol>
ފޮނަދޫ|fonadū	<i>name</i><br><ol><li>Fonadhoo (a capital island in Haddhunmathi, Maldives)</li></ol>
ފޮއި|foi|ފޮއިތައް	<i>noun</i><br><ol><li>A fortnight (two-week period)</li><li>The day on which a full moon occurs (corresponding to the Buddhist Poya)</li></ol>
ފޮތް|fot̊|ފޮތްތައް	<i>noun</i><br><ol><li>book</li></ol>
ދ|d	<i>character</i><br><ol><li>The twelfth letter in Dhivehi, named dhaal</li></ol>
ދަހީ|ދަހީތައް|dahī	<i>noun</i><br><ol><li>curd, coagulated milk, sour milk</li></ol>
ދަނބިދޫ|daᵐbidū	<i>name</i><br><ol><li>Dhanbidhoo (an island in the Maldives)</li></ol>
ދަނބު|daᵐbu|ދަނބުތައް	<i>noun</i><br><ol><li>rose apple, jambul (Syzygium cumini)</li><li>purple, amethyst, mauve, fuchsia, magenta</li></ol>
ދަނބުކުލަ|daᵐbukula	<i>noun</i><br><ol><li>purple (colour)</li></ol>
ދަނަ|dana	<i>name</i><br><ol><li>(astrology) Sagittarius</li></ol>
ދަނީ|danī	<i>verb</i><br><ol><li>to go, proceed, walk, leave, journey</li><li>to progress</li></ol><br><i>intj</i><br><ol><li>(informal) goodbye</li></ol>
ދަންނަނީ|dan̊nanī	<i>verb</i><br><ol><li>to know</li></ol>
ދަންވަރު|dan̊varu	<i>noun</i><br><ol><li>midnight</li></ol>
ދަރުމަ|ދަރުމަތައް|daruma	<i>noun</i><br><ol><li>kindness, benevolence, generosity, benefaction, magnanimity</li><li>reward, repayment</li><li>justice, equality, moral rectitude</li><li>selflessness, humbleness, humility</li><li>righteousness, morality</li><li>(archaic) religion, faith, belief</li></ol>
ދަރުޝަނަ|darušana|ދަރުޝަނަތައް	<i>noun</i><br><ol><li>(archaic) religion, faith, belief</li></ol>
ދައްކަނީ|dakkanī	<i>verb</i><br><ol><li>to show, point, manifest, display, parade, exhibit</li><li>to perceive</li><li>to unveil</li></ol>
ދާ|ދާތައް|dā	<i>noun</i><br><ol><li>(archaic) day (used in compounds to indicate day of the month)</li><li>sweat, perspiration</li><li>net, web, mesh</li></ol>
ދާލު|ދާލުތައް|dālu	<i>noun</i><br><ol><li>Name of the twelfth letter in the Thaana alphabet (ދ)</li></ol>
ދާގަބަ|dāgaba	<i>noun</i><br><ol><li>Buddhist temple (used by Maldivians during pre-Islamic times)</li></ol>
ދިހަ|diha	<i>num</i><br><ol><li>ten</li></ol><br><i>prefix</i><br><ol><li>ten</li></ol>
ދިއްދޫ|diddū	<i>name</i><br><ol><li>Dhidhdhoo (a city in Haa Alif, Maldives)</li></ol>
ދިއްލީ|dillī	<i>name</i><br><ol><li>Delhi (a megacity and union territory of India, containing the national capital New Delhi)</li></ol>
ދިވެހި|divehi	<i>name</i><br><ol><li>Dhivehi</li></ol>
ދިވެހިރާއްޖެ|divehirājje	<i>name</i><br><ol><li>Maldives</li></ol>
ދިވެހިރާއްޖޭގެ ޖުމްހޫރިއްޔާ|divehirājjēge jum̊hūriyyā	<i>name</i><br><ol><li>Republic of Maldives</li></ol>
ދިވެހިބަސް|divehibas	<i>name</i><br><ol><li>Dhivehi (a language)</li></ol>
ދިވެސް އަކުރު	<i>name</i><br><ol><li>Dhives Akuru, the former script for writing the Dhivehi language.</li></ol>
ދިދަ ބިބީ|ދިދަ ބިބީތައް|dida bibī	<i>noun</i><br><ol><li>schooling bannerfish</li></ol>
ދިދަމަސް ބިބީ|ދިދަމަސް ބިބީތައް|didamas bibī	<i>noun</i><br><ol><li>pennant coralfish</li></ol>
ދިގު|digu	<i>adj</i><br><ol><li>long, tall, lengthy, stretched</li></ol>
ދިޔޯ|ދިޔޯތައް|diyō	<i>noun</i><br><ol><li>goddess</li></ol>
ދީން|dīn̊|ދީންތައް	<i>noun</i><br><ol><li>religion</li></ol>
ދުށްމިނު|ދުށްމިނުތައް|duṣ̊minu	<i>noun</i><br><ol><li>enemy</li></ol>
ދުނިޔެ|duniye|ދުނިޔެތައް	<i>noun</i><br><ol><li>world</li></ol>
ދުއިސައްތަ|duisatta	<i>num</i><br><ol><li>two hundred</li></ol>
ދުއްކާނު|ދުއްކާނުތައް|dukkānu	<i>noun</i><br><ol><li>stop, store</li></ol>
ދުވަސް|duvas|ދުވަސްތައް	<i>noun</i><br><ol><li>day</li></ol>
ދުވާފަރު|duvāfaru	<i>name</i><br><ol><li>Dhuvaafaru (an island in Raa, Maldives)</li></ol>
ދޫ|ދޫތައް|dū	<i>noun</i><br><ol><li>tongue</li><li>island</li></ol>
ދޫނި|dūni|ދޫނިތައް	<i>noun</i><br><ol><li>bird</li></ol>
ދޫވެހި|dūvehi	<i>noun</i><br><ol><li>(archaic) person of the island, inhabitant, of the island</li></ol>
ދެ|de	<i>num</i><br><ol><li>two</li></ol>
ދެނީ|denī|ދޭން	<i>verb</i><br><ol><li>to give, grant, donate, impart, bestow, offer</li></ol>
ދެރި|deri	<i>noun</i><br><ol><li>(archaic) woman, female person</li></ol>
ދެރިޔަ|deriya	<i>noun</i><br><ol><li>(archaic) woman, female person</li></ol>
ދެކުނު|ދެކުނުތައް|dekunu	<i>adj</i><br><ol><li>south; southern</li></ol><br><i>noun</i><br><ol><li>south</li></ol>
ދެކުނު ކޮރެއާ|dekunu koreā	<i>name</i><br><ol><li>South Korea</li></ol>
ދެކުނު އެފްރިކާ|dekunu efrikā	<i>name</i><br><ol><li>South Africa</li></ol>
ދެކެނީ|dekenī	<i>verb</i><br><ol><li>to see, detect, view, behold, visualise</li><li>to comprehend, discern, think</li></ol>
ދެވި|devi	<i>noun</i><br><ol><li>deity, god</li></ol>
ދޭއް|dēk̊	<i>num</i><br><ol><li>two</li></ol>
ދޭވަތާ|ދޭވަތާއިން|dēvatā	<i>noun</i><br><ol><li>(archaic) God</li></ol>
ދޮން ބިބީ|ދޮން ބިބީތައް|don̊ bibī	<i>noun</i><br><ol><li>teardrop butterflyfish</li></ol>
ދޮންކެޔޮ|ދޮންކެޔޮތައް|don̊keyo	<i>noun</i><br><ol><li>banana</li></ol>
ދޮރު|doru|ދޮރުތައް	<i>noun</i><br><ol><li>door, doorway, entrance, exit, gate, portal</li><li>opening, aperture</li></ol>
ދޮޅަސް|doḷas	<i>num</i><br><ol><li>twelve</li></ol>
ދޮޅި|doḷi|ދޮޅިތައް	<i>noun</i><br><ol><li>beard</li></ol>
ދޯނި|dōni|ދޯނިތައް	<i>noun</i><br><ol><li>dhoni, fishing boat</li></ol>
ތ|t	<i>character</i><br><ol><li>The thirteenth letter in Dhivehi, named thaa</li></ol>
ތަ|ta	<i>pron</i><br><ol><li>you, thee; second-person pronoun</li></ol><br><i>particle</i><br><ol><li>an interrogative particle</li></ol>
ތަށި|ތަށިތައް|taṣi	<i>noun</i><br><ol><li>plate, saucer, dish, platter</li><li>cup, trophy</li></ol>
ތަން|tan̊|ތަންތައް	<i>noun</i><br><ol><li>place, site, location, spot</li></ol>
ތަންބޫރަ|tan̊būra	<i>noun</i><br><ol><li>(music) tanbur</li><li>(music) bass drum</li></ol>
ތަރި|ތަރިތައް|tari	<i>noun</i><br><ol><li>star</li></ol>
ތައާރަފް|ތައާރަފްތައް|taāraf	<i>noun</i><br><ol><li>introduction</li></ol>
ތައިވާން|taivān̊	<i>name</i><br><ol><li>Taiwan</li></ol>
ތައް	<i>suffix</i><br><ol><li>A noun plural suffix</li></ol>
ތައްޓު|ތައްޓުތައް|taṭṭu	<i>noun</i><br><ol><li>deck (of a ship)</li><li>(Minicoy) ceiling, upper floor</li></ol>
ތަފުރުނު|tafurunu	<i>pron</i><br><ol><li>(archaic) you, thee, thou</li></ol>
ތަލަކަޅު ބިބީ|talakaḷu bibī|ތަލަކަޅު ބިބީތައް	<i>noun</i><br><ol><li>spot-nape butterflyfish</li></ol>
ތާ|ތާތައް|tā	<i>noun</i><br><ol><li>Name of the thirteenth letter in the Thaana alphabet (ތ)</li></ol>
ތާނަ|tāna	<i>name</i><br><ol><li>Thaana, the script used for writing the Dhivehi language</li></ol>
ތާލު|tālu	<i>noun</i><br><ol><li>musical time</li><li>timing, beat, rhythm</li></ol>
ތި|ti	<i>pron</i><br><ol><li>that; those</li></ol>
ތިނަދޫ|tinadū	<i>name</i><br><ol><li>Thinadhoo (the capital city of Gaafu Dhaalu, Huvadhu, Maldives)</li></ol>
ތިނެއް|tinek̊	<i>num</i><br><ol><li>three</li></ol>
ތިނެސްކަން ބިބީ|ތިނެސްކަން ބިބީތައް|tineskan̊ bibī	<i>noun</i><br><ol><li>triangle butterflyfish</li></ol>
ތިން|tin̊	<i>num</i><br><ol><li>three</li></ol>
ތިން ސަތޭކަ|tin̊ satēka	<i>num</i><br><ol><li>three hundred</li></ol>
ތިރީސް|tirīs	<i>num</i><br><ol><li>thirty</li></ol>
ތިރީސް އެކެއް|tirīs ekek̊	<i>num</i><br><ol><li>thirty-one</li></ol>
ތިކި|tiki|ތިކިތައް	<i>noun</i><br><ol><li>dot, period, blot</li><li>drop, driblet</li></ol>
ތިމަން|timan̊	<i>pron</i><br><ol><li>(used in religious contexts) I, me</li><li>(obsolete) self</li></ol>
ތިމަންކަލޭގެފާނު|timan̊kalēgefānu	<i>pron</i><br><ol><li>First-person pronoun, used for the Prophet Muhammad</li></ol>
ތިމަންސުވާމީންގެ|timan̊suvāmīn̊ge	<i>pron</i><br><ol><li>(deity) I</li></ol>
ތިލަދުންމަތީ|tiladun̊matī	<i>name</i><br><ol><li>Thiladhunmathi (an atoll in the Maldives)</li></ol>
ތިލަދުންމަތީ އުތުރުބުރި|tiladun̊matī uturuburi	<i>name</i><br><ol><li>North Thiladhunmathi (an atoll in the Maldives)</li></ol>
ތިލަދުންމަތީ ދެކުނުބުރި|tiladun̊matī dekunuburi	<i>name</i><br><ol><li>South Thiladhunmathi (an atoll in the Maldives)</li></ol>
ތީ	<i>suffix</i><br><ol><li>because</li></ol>
ތީނާ|tīnā	<i>pron</i><br><ol><li>he, she, it (near listener)</li></ol>
ތުން ބިބީ|tun̊ bibī|ތުން ބިބީތައް	<i>noun</i><br><ol><li>yellow longnose butterflyfish</li></ol>
ތުންދިގު ބިބީ|ތުންދިގު ބިބީތައް|tun̊digu bibī	<i>noun</i><br><ol><li>big longnose butterflyfish</li></ol>
ތުންގަނޑު ހިބަރު|ތުންގަނޑު ހިބަރުތައް|tun̊gaⁿḍu hibaru	<i>noun</i><br><ol><li>swordfish</li></ol>
ތުރިޕޫރާ|turipūrā	<i>name</i><br><ol><li>Tripura (a state of India)</li></ol>
ތުލަ|tula|ތުލަތައް	<i>noun</i><br><ol><li>(astrology) Libra</li></ol>
ތެރި	<i>suffix</i><br><ol><li>Suffix used in nouns indicating quality</li></ol>
ތެއްތިރީސް|tettirīs	<i>num</i><br><ol><li>thirty-three</li></ol>
ތެޔާހި|teyāhi	<i>num</i><br><ol><li>eighty-three</li></ol>
ތެޔާނަވައި|teyānavai	<i>num</i><br><ol><li>ninety-three</li></ol>
ތެޔާޅީސް|teyāḷīs	<i>num</i><br><ol><li>forty-three</li></ol>
ތެޔޮ|ތެޔޮތައް|teyo	<i>noun</i><br><ol><li>oil</li></ol>
ތޭހައްޓި|tēhaṭṭi	<i>num</i><br><ol><li>sixty-three</li></ol>
ތޭހަތްތެރި|tēhat̊teri	<i>num</i><br><ol><li>seventy-three</li></ol>
ތޭރަ|tēra	<i>num</i><br><ol><li>thirteen</li></ol>
ތޭވަންނަ|tēvan̊na	<i>num</i><br><ol><li>fifty-three</li></ol>
ތޭވީސް|tēvīs	<i>num</i><br><ol><li>twenty-three</li></ol>
ލ|l	<i>character</i><br><ol><li>The fourteenth letter in Dhivehi, named laamu</li></ol>
ލަހުޖާ|ލަހުޖާތައް|lahujā	<i>noun</i><br><ol><li>dialect, vernacular, parlance, patois</li><li>accent</li></ol>
ލަނީ|lanī	<i>verb</i><br><ol><li>to put something in, place, lay, insert</li><li>to wear, put on, attire, don</li></ol>
ލަކްޝަދީބު|lak̊šadību	<i>name</i><br><ol><li>Lakshadweep</li></ol>
ލައްބަ|labba	<i>intj</i><br><ol><li>(polite) yes</li></ol>
ލައްކަ|lakka	<i>num</i><br><ol><li>one hundred thousand; lakh</li></ol>
ލައްޓި|ލައްޓިތައް|laṭṭi	<i>noun</i><br><ol><li>(zoology) kawakawa</li></ol>
ލައްޖެހި ބިބީ|ލައްޖެހި ބިބީތައް|lajjehi bibī	<i>noun</i><br><ol><li>peppered butterflyfish</li></ol>
ލަފުޒު|lafuzu|ލަފުޒުތައް	<i>noun</i><br><ol><li>(grammar) word</li></ol>
ލާހި|lāhi	<i>noun</i><br><ol><li>a unit of dry measure, 250 gigameters</li></ol>
ލާރި|lāri|ލާރިތައް	<i>noun</i><br><ol><li>laari (1/100 of a rufiyaa)</li></ol>
ލާމު|ލާމުތައް|lāmu	<i>noun</i><br><ol><li>Name of the fourteenth letter in the Thaana alphabet (ލ)</li></ol>
ލިނބޯ|ލިނބޯތައް|liᵐbō	<i>noun</i><br><ol><li>lime</li></ol>
ލިޔަނީ|liyanī	<i>verb</i><br><ol><li>to write, inscribe, engrave, scribble, scrawl</li></ol>
ލީބިޔާ|lībiyā	<i>name</i><br><ol><li>Libya</li></ol>
ލެއްޕެނީ|leppenī	<i>verb</i><br><ol><li>to close</li></ol>
ލޭ|lē|ލޭތައް	<i>noun</i><br><ol><li>blood</li></ol>
ލޯ|lō	<i>noun</i><br><ol><li>eye, visual organ</li><li>metal</li><li>copper</li><li>brass</li><li>bronze</li></ol>
ލޯބި|ލޯބިތައް|lōbi	<i>noun</i><br><ol><li>love (strong affection)</li></ol>
ގ|g	<i>character</i><br><ol><li>The fifteenth letter in Dhivehi, named gaafu</li></ol>
ގަހަޑު|ގަހަޑުތައް|gahaḍu	<i>noun</i><br><ol><li>harbour, harbor, landing place, seashore</li></ol>
ގަނޑު|gaⁿḍu	<i>noun</i><br><ol><li>abscess, carbuncle</li></ol>
ގަނޑުވަރު|gaⁿḍuvaru	<i>noun</i><br><ol><li>palace, castle</li></ol>
ގަން|gan̊|ގަންތައް	<i>noun</i><br><ol><li>island</li><li>village, hamlet</li></ol><br><i>name</i><br><ol><li>Gan (an island in Haddhunmathi, Maldives)</li></ol>
ގަންނަނީ|gan̊nanī	<i>verb</i><br><ol><li>to buy, purchase</li><li>(of a fish) to be caught on hook, be hook</li><li>(of a fruit) to bear</li><li>to take, carry, force to do</li></ol>
ގައި	<i>suffix</i><br><ol><li>in, on</li></ol>
ގައު|gau	<i>noun</i><br><ol><li>a unit of weight, four ounces</li></ol>
ގަވާއިދު|gavāidu|ގަވާއިދުތައް	<i>noun</i><br><ol><li>rule</li></ol>
ގަދީމީ|gadīmī	<i>adj</i><br><ol><li>ancient</li></ol>
ގަލަން|ގަލަންތައް|galan̊	<i>noun</i><br><ol><li>pen</li></ol>
ގަސް|gas|ގަސްތައް	<i>noun</i><br><ol><li>plant (organism capable of photosynthesis)</li><li>tree</li></ol>
ގަޑި|gaḍi	<i>noun</i><br><ol><li>clock, watch, time-piece</li><li>time</li><li>hour</li></ol>
ގާ	<i>suffix</i><br><ol><li>in, on</li></ol>
ގާފު|gāfu|ގާފުތައް	<i>noun</i><br><ol><li>Name of the fifteenth letter in the Thaana alphabet (ގ)</li></ol>
ގިނި|ގިނިތައް|gini	<i>noun</i><br><ol><li>spark, scintilla, flash</li><li>(archaic) fire, flame, blaze, burning</li></ol>
ގިނިހިލަ|ginihila|ގިނިހިލަތައް	<i>noun</i><br><ol><li>meteor</li></ol>
ގިނިކަނދު|ގިނިކަނދުތައް|ginikaⁿdu	<i>noun</i><br><ol><li>meteorite</li></ol>
ގިރާވަރު|girāvaru	<i>name</i><br><ol><li>Giraavaru (people)</li><li>Giraavaru (an island in Malé Atoll, Maldives)</li></ol>
ގުރަހަ|guraha|ގުރަހަތައް	<i>noun</i><br><ol><li>(archaic) planet</li></ol>
ގުރީންލޭންޑު|gurīn̊lēn̊ḍu	<i>name</i><br><ol><li>Greenland</li></ol>
ގުޑުގުޑާ|ގުޑުގުޑާތައް|guḍuguḍā	<i>noun</i><br><ol><li>cathead</li></ol>
ގުޖުރާތު|gujurātu	<i>name</i><br><ol><li>Gujarat (a state of India)</li></ol>
ގެ|ގެތައް|ge	<i>noun</i><br><ol><li>house, home</li></ol><br><i>particle</i><br><ol><li>genitive case marker</li></ol>
ގޮހޮރު|gohoru|ގޮހޮރުތައް	<i>noun</i><br><ol><li>intestine</li></ol>
ގޮނޑި|goⁿḍi|ގޮނޑިތައް	<i>noun</i><br><ol><li>chair</li></ol>
ގޮމަށި|ގޮމަށިތައް|gomaṣi	<i>noun</i><br><ol><li>lemon</li></ol>
ގޯވާ|gōvā	<i>name</i><br><ol><li>Goa (a state of India)</li></ol>
ޏ|ñ	<i>character</i><br><ol><li>The sixteenth letter in Dhivehi, named gnaviyany</li></ol>
ޏަވިޔަނި|ñaviyani|ޏަވިޔަނިތައް	<i>noun</i><br><ol><li>Name of the sixteenth letter in the Thaana alphabet (ޏ)</li></ol>
ޏަމްޏަމް|ޏަމްޏަމްތައް|ñam̊ñam̊	<i>noun</i><br><ol><li>Cynometra cauliflora</li></ol>
ސ	<i>character</i><br><ol><li>The seventeenth letter in Dhivehi, named seenu</li></ol>
ސަހަރު|saharu|ސަހަރުތައް	<i>noun</i><br><ol><li>city</li></ol>
ސަހަރޯ|saharō	<i>intj</i><br><ol><li>Used to express sorrow or grief</li></ol>
ސަހައްޓި|sahaṭṭi	<i>num</i><br><ol><li>sixty-six</li></ol>
ސަހަތްތެރި|sahat̊teri	<i>num</i><br><ol><li>seventy-six</li></ol>
ސަނދު|saⁿdu	<i>noun</i><br><ol><li>(archaic) moon</li></ol>
ސަންދު|san̊du	<i>noun</i><br><ol><li>(archaic) moon</li></ol>
ސަކުރު|sakuru	<i>noun</i><br><ol><li>jaggery</li><li>sugar</li></ol>
ސައިބޯނި|ސައިބޯނިތައް|saibōni	<i>noun</i><br><ol><li>soap</li></ol>
ސައުރަހައްޓި|saurahaṭṭi	<i>num</i><br><ol><li>sixty-four</li></ol>
ސައުރަހަތްތެރި|saurahat̊teri	<i>num</i><br><ol><li>seventy-four</li></ol>
ސައުރަވަންނަ|sauravan̊na	<i>num</i><br><ol><li>fifty-four</li></ol>
ސައުރަތިރީސް|sauratirīs	<i>num</i><br><ol><li>thirty-four</li></ol>
ސައުރަޔާހި|saurayāhi	<i>num</i><br><ol><li>eighty-four</li></ol>
ސައުރަޔާނަވައި|saurayānavai	<i>num</i><br><ol><li>ninety-four</li></ol>
ސައުރަޔާޅީސް|saurayāḷīs	<i>num</i><br><ol><li>forty-four</li></ol>
ސައުވީސް|sauvīs	<i>num</i><br><ol><li>twenty-four</li></ol>
ސައްބީސް|sabbīs	<i>num</i><br><ol><li>twenty-six</li></ol>
ސަވަންނަ|savan̊na	<i>num</i><br><ol><li>fifty-six</li></ol>
ސަމުންދުރަ|ސަމުންދުރަތައް|samun̊dura	<i>noun</i><br><ol><li>(archaic) sea, ocean</li></ol>
ސަމްސާ|sam̊sā|ސަމްސާތައް	<i>noun</i><br><ol><li>spoon</li></ol>
ސަތާހި|satāhi	<i>num</i><br><ol><li>eighty-seven</li></ol>
ސަތާނަވައި|satānavai	<i>num</i><br><ol><li>ninety-seven</li></ol>
ސަތާރަ|satāra	<i>num</i><br><ol><li>seventeen</li></ol>
ސަތާޅީސް|satāḷīs	<i>num</i><br><ol><li>forty-seven</li></ol>
ސަތިރީސް|satirīs	<i>num</i><br><ol><li>thirty-six</li></ol>
ސަތު|satu	<i>num</i><br><ol><li>(archaic) seven</li></ol><br><i>noun</i><br><ol><li>(archaic) ceremonial parasol or umbrella used by the Sultan and members of the royalty.</li></ol>
ސަތުހައްޓި|satuhaṭṭi	<i>num</i><br><ol><li>sixty-seven</li></ol>
ސަތުހަތްތެރި|satuhat̊teri	<i>num</i><br><ol><li>seventy-seven</li></ol>
ސަތުވަންނަ|satuvan̊na	<i>num</i><br><ol><li>fifty-seven</li></ol>
ސަތުތިރީސް|satutirīs	<i>num</i><br><ol><li>thirty-seven</li></ol>
ސަތޭކަ|satēka	<i>num</i><br><ol><li>hundred</li></ol>
ސަޔާހި|sayāhi	<i>num</i><br><ol><li>eighty-six</li></ol>
ސަޔާނަވައި|sayānavai	<i>num</i><br><ol><li>ninety-six</li></ol>
ސަޔާޅީސް|sayāḷīs	<i>num</i><br><ol><li>forty-six</li></ol>
ސާރިދޯޅު|ސާރިދޯޅުތައް|sāridōḷu	<i>noun</i><br><ol><li>bear</li></ol>
ސާޅީސް|sāḷīs	<i>num</i><br><ol><li>forty</li></ol>
ސާއިރަ|sāira	<i>noun</i><br><ol><li>(archaic) flute</li></ol>
ސާދަ|sāda	<i>num</i><br><ol><li>fourteen</li></ol>
ސިންހަ|sin̊ha	<i>noun</i><br><ol><li>(astrology) Leo</li></ol>
ސިރީ|sirī	<i>adj</i><br><ol><li>royal, majestic, kingly, stately, mighty</li></ol><br><i>prefix</i><br><ol><li>honorific prefix used in the names of sultans and kings</li></ol>
ސިކުނޑި|ސިކުނޑިތައް|sikuⁿḍi	<i>noun</i><br><ol><li>brain</li></ol>
ސިއްކީމް|sikkīm̊	<i>name</i><br><ol><li>Sikkim (a state of India)</li></ol>
ސިޓީ|ސިޓީތައް|siṭī	<i>noun</i><br><ol><li>city</li><li>letter (written message)</li></ol>
ސީނު|sīnu|ސީނުތައް	<i>noun</i><br><ol><li>Name of the seventeenth letter in the Thaana alphabet (ސ)</li></ol>
ސީނުކަރަ|sīnukara	<i>name</i><br><ol><li>China (a country in Asia)</li></ol>
ސުން|sun̊	<i>num</i><br><ol><li>zero</li></ol>
ސުޅު|suḷu	<i>adj</i><br><ol><li>(archaic) minor, lesser, small</li></ol>
ސުކުން|sukun̊|ސުކުންތައް	<i>noun</i><br><ol><li>virama (a diacritic used to mark the absence of a vowel)</li></ol>
ސުވަރުގެ|ސުވަރުގެތައް|suvaruge	<i>noun</i><br><ol><li>heaven, paradise, eden</li></ol>
ސުވާދީބު|suvādību	<i>name</i><br><ol><li>Suvadive</li></ol>
ސުވާލު|suvālu|ސުވާލުތައް	<i>noun</i><br><ol><li>question</li></ol>
ސުމެއް|sumek̊|ސުމެއްތައް	<i>num</i><br><ol><li>zero</li></ol><br><i>noun</i><br><ol><li>nought, cipher</li></ol>
ސުލްޠާން|ސުލްޠާންތައް|sulţān̊	<i>noun</i><br><ol><li>king</li><li>sultan</li></ol>
ސެޕްޓެމްބަރު|ސެޕްޓެމްބަރުތައް|sepṭem̊baru	<i>noun</i><br><ol><li>September</li></ol>
ސޭބޫ|ސޭބޫތައް|sēbū	<i>noun</i><br><ol><li>apple</li></ol>
ސޯޅަ|sōḷa	<i>num</i><br><ol><li>sixteen</li></ol>
ސްނޯ|ސްނޯތައް|snō	<i>noun</i><br><ol><li>snow</li></ol>
ސްކޫލު|ސްކޫލުތައް|skūlu	<i>noun</i><br><ol><li>school</li></ol>
ޑ|ḍ	<i>character</i><br><ol><li>The eighteenth letter in Dhivehi, named daviyani</li></ol>
ޑަނޑޫރާ|ḍaⁿḍūrā	<i>noun</i><br><ol><li>bell, gong</li></ol>
ޑަވިޔަނި|ޑަވިޔަނިތައް|ḍaviyani	<i>noun</i><br><ol><li>Name of the eighteenth letter in the Thaana alphabet</li></ol>
ޑިންގީ|ḍin̊gī|ޑިންގީތައް	<i>noun</i><br><ol><li>a small boat; dinghy</li></ol>
ޑިސެމްބަރު|ޑިސެމްބަރުތައް|ḍisem̊baru	<i>noun</i><br><ol><li>December</li></ol>
ޑެސްކު|ḍesku|ޑެސްކުތައް	<i>noun</i><br><ol><li>desk</li></ol>
ޒ|z	<i>character</i><br><ol><li>The nineteenth letter in Dhivehi, named zaviyani</li></ol>
ޒަރާފާ|zarāfā	<i>noun</i><br><ol><li>giraffe</li></ol>
ޒަވިޔަނި|zaviyani|ޒަވިޔަނިތައް	<i>noun</i><br><ol><li>Name of the nineteenth letter in the Thaana alphabet (ޒ)</li></ol>
ޒުހުރަތު|zuhuratu|ޒުހުރަތުތައް	<i>noun</i><br><ol><li>Venus</li></ol>
ޒުވާބު|zuvābu|ޒުވާބުތައް	<i>noun</i><br><ol><li>argument, disputation, wrangle, bickering, quarrel</li></ol>
ޒުލްހިއްޖަ|zulhijja	<i>name</i><br><ol><li>Dhu'l-Hijja, the twelfth month of the Islamic calendar</li></ol>
ޒުލްގައިދަ|zulgaida	<i>name</i><br><ol><li>Dhu'l-Qa'da, the eleventh month of the Islamic calendar</li></ol>
ޓ|ṭ	<i>character</i><br><ol><li>The twentieth letter in Dhivehi, named taviyani</li></ol>
ޓަނު|ṭanu	<i>noun</i><br><ol><li>ton</li></ol>
ޓަކައި|ṭakai	<i>prep</i><br><ol><li>for, out of regard to, on account of</li></ol>
ޓަވިޔަނި|ṭaviyani|ޓަވިޔަނިތައް	<i>noun</i><br><ol><li>Name of the twentieth letter in the Thaana alphabet</li></ol>
ޓެމިލް ނާޑޫ|ṭemil nāḍū	<i>name</i><br><ol><li>Tamil Nadu (a state of India)</li></ol>
ޓެލެވިޒަން|ޓެލެވިޒަންތައް|ṭelevizan̊	<i>noun</i><br><ol><li>television</li></ol>
ޓޯކިޔޯ|ṭōkiyō	<i>name</i><br><ol><li>Tokyo (a prefecture, the capital city of Japan)</li></ol>
ޔ|y	<i>character</i><br><ol><li>The twenty-first letter in Dhivehi, named yaa</li></ol>
ޔަމަން|yaman̊	<i>name</i><br><ol><li>Yemen</li></ol>
ޔާ|ޔާތައް|yā	<i>noun</i><br><ol><li>Name of the twenty-first letter in the Thaana alphabet (ޔ)</li></ol>
ޔުނައިޓެޑް ސްޓޭޓްސް އޮފް އެމެރިކާ|yunaiṭeḍ sṭēṭs of emerikā	<i>name</i><br><ol><li>United States of America</li></ol>
ޔޫރަޕު|yūrapu	<i>name</i><br><ol><li>Europe</li></ol>
ޕ|p	<i>character</i><br><ol><li>The twenty-second letter in Dhivehi, named paviyani</li></ol>
ޕަންސަމާ|pan̊samā	<i>noun</i><br><ol><li>(music, archaic) musical composition played on some official ceremonies</li></ol>
ޕަންޖާބު|pan̊jābu	<i>name</i><br><ol><li>Punjab (a state of India)</li></ol>
ޕަވިޔަނި|paviyani|ޕަވިޔަނިތައް	<i>noun</i><br><ol><li>Name of the twenty-second letter in the Thaana alphabet (ޕ)</li></ol>
ޕާކިސްތާން|pākistān̊	<i>name</i><br><ol><li>Pakistan</li></ol>
ޕިރިވޭނަ|pirivēna	<i>noun</i><br><ol><li>A sacred building of Buddhists</li></ol>
ޖ|j	<i>character</i><br><ol><li>The twenty-third letter in Dhivehi, named javiyani</li></ol>
ޖަހަނީ|jahanī	<i>verb</i><br><ol><li>to beat, strike, knock, hit, affix</li></ol>
ޖަންބު|ޖަންބުތައް|jan̊bu	<i>noun</i><br><ol><li>Malay apple, pommerac (Syzygium malaccense)</li></ol>
ޖަންގަލި|jan̊gali|ޖަންގަލިތައް	<i>noun</i><br><ol><li>jungle</li></ol>
ޖަރުމަނުވިލާތް|jarumanuvilāt̊	<i>name</i><br><ol><li>Germany</li></ol>
ޖަރްކަންދު|jarkan̊du	<i>name</i><br><ol><li>Jharkhand (a state of India)</li></ol>
ޖަވާބު|javābu	<i>verb</i><br><ol><li>to answer</li></ol>
ޖަވިޔަނި|ޖަވިޔަނިތައް|javiyani	<i>noun</i><br><ol><li>Name of the twenty-third letter in the Thaana alphabet</li></ol>
ޖަމަލު|ޖަމަލުތައް|jamalu	<i>noun</i><br><ol><li>(female) camel</li></ol>
ޖާނަވާރު|ޖާނަވާރުތައް|jānavāru	<i>noun</i><br><ol><li>animal</li></ol>
ޖާފާނު|jāfānu	<i>name</i><br><ol><li>Japan</li></ol>
ޖިންސު|jin̊su|ޖިންސުތައް	<i>noun</i><br><ol><li>sex, gender (male or female)</li></ol>
ޖުމާދަލް އައްޥަލް|jumādal awwal	<i>name</i><br><ol><li>Jumada I, the fifth month of the Islamic calendar</li></ol>
ޖުމާދަލް އަޚިރް|jumādal axir	<i>name</i><br><ol><li>Jumada II, the sixth month of the Islamic calendar</li></ol>
ޖުމްހޫރިއްޔާ|ޖުމްހޫރިއްޔާތައް|jum̊hūriyyā	<i>noun</i><br><ol><li>republic</li></ol>
ޖުމްލަ|ޖުމްލަތައް|jum̊la	<i>noun</i><br><ol><li>(grammar) sentence</li></ol>
ޖުލައި|julai|ޖުލައިތައް	<i>noun</i><br><ol><li>July</li></ol>
ޖޫން|jūn̊|ޖޫންތައް	<i>noun</i><br><ol><li>June</li></ol>
ޖެނުއަރީ|jenuarī|ޖެނުއަރީތައް	<i>noun</i><br><ol><li>January</li></ol>
ޗ|c	<i>character</i><br><ol><li>The twenty-fourth letter in Dhivehi, named chaviyani</li></ol>
ޗައްތީސްގަޅު|cattīsgaḷu	<i>name</i><br><ol><li>Chhattisgarh (a state of India)</li></ol>
ޗަވިޔަނި|caviyani|ޗަވިޔަނިތައް	<i>noun</i><br><ol><li>Name of the twenty-fourth letter in the Thaana alphabet</li></ol>
ޗިލީ|chilī	<i>name</i><br><ol><li>Chile (a country in South America)</li></ol>
ޘ|ṯ	<i>character</i><br><ol><li>The thirty-fourth character in Dhivehi, named ṡā</li></ol>
ޘާ|ṯā|ޘާތައް	<i>noun</i><br><ol><li>Name of the twenty-fifth letter in the Thaana alphabet (ޘ)</li></ol>
ޙ|ḥ	<i>character</i><br><ol><li>The twenty-fifth letter in Dhivehi, named ḥā</li></ol>
ޙައްޖު|ޙައްޖުތައް|ḥajju	<i>noun</i><br><ol><li>hajj</li></ol>
ޙާ|ޙާތައް|ḥā	<i>noun</i><br><ol><li>Name of the twenty-sixth letter in the Thaana (ޙ)</li></ol>
ޚ|x	<i>character</i><br><ol><li>The twenty-seventh letter in Dhivehi, named khaa</li></ol>
ޚާ|ޚާތައް|xā	<i>noun</i><br><ol><li>Name of the twenty-seventh letter in the Thaana alphabet (ޚ)</li></ol>
ޛ|ź	<i>character</i><br><ol><li>The twenty-seventh letter in Dhivehi, named thaalu</li></ol>
ޛާލު|ޛާލުތައް|źālu	<i>noun</i><br><ol><li>Name of the twenty-eighth letter in the Thaana alphabet (ޛ)</li></ol>
ޜ|ž	<i>character</i><br><ol><li>The twenty-eighth letter in Dhivehi, named zhaa</li></ol>
ޜާ|ޜާތައް|žā	<i>noun</i><br><ol><li>Name of the twenty-ninth letter in the Thaana alphabet (ޜ)</li></ol>
ޝ|š	<i>character</i><br><ol><li>The twenty-ninth letter in Dhivehi, named sheenu</li></ol>
ޝަހަރު|šaharu|ޝަހަރުތައް	<i>noun</i><br><ol><li>city</li></ol>
ޝަރީޢަތް|šarīʿat̊	<i>noun</i><br><ol><li>shari'a</li></ol>
ޝައްޥަލް|šawwal	<i>name</i><br><ol><li>Shawwal, the tenth month of the Islamic calendar</li></ol>
ޝަދި|šadi	<i>noun</i><br><ol><li>(archaic) moon</li></ol>
ޝަޢުބަން|šaʿuban̊	<i>name</i><br><ol><li>Sha'ban, the eighth month of the Islamic calendar</li></ol>
ޝީނު|ޝީނުތައް|šīnu	<i>noun</i><br><ol><li>Name of the thirtieth letter in the Thaana alphabet (ޝ)</li></ol>
ޝުކުރިއްޔާ|šukuriyyā	<i>intj</i><br><ol><li>thank you</li></ol>
ޝްރީ|šrī	<i>adj</i><br><ol><li>royal, majestic, kingly, stately, mighty</li></ol>
ޞ|ş	<i>character</i><br><ol><li>The thirtieth letter in Dhivehi, named saadhu</li></ol>
ޞަފަރު|şafaru	<i>name</i><br><ol><li>Safar, the second month of the Islamic calendar</li></ol>
ޞާދު|şādu|ޞާދުތައް	<i>noun</i><br><ol><li>Name of the thirty-first letter in the Thaana alphabet (ޞ)</li></ol>
ޟ|ḋ	<i>character</i><br><ol><li>The thirty-first letter in Dhivehi, named daadhu</li></ol>
ޟާދު|ḋādu|ޟާދުތައް	<i>noun</i><br><ol><li>Name of the thirty-second letter in the Thaana alphabet (ޟ)</li></ol>
ޠ|ţ	<i>character</i><br><ol><li>The thirty-second letter in Dhivehi, named to</li></ol>
ޠޮ|ޠޮތައް|ţo	<i>noun</i><br><ol><li>Name of the thirty-third letter in the Thaana alphabet (ޠ)</li></ol>
ޡ|ẓ	<i>character</i><br><ol><li>The thirty-third letter in Dhivehi, named zo</li></ol>
ޡޮ|ޡޮތައް|ẓo	<i>noun</i><br><ol><li>Name of the thirty-fourth in the Thaana alphabet (ޡ)</li></ol>
ޢ|ʿ	<i>character</i><br><ol><li>The thirty-fourth letter in Dhivehi, named ainu</li></ol>
ޢނު|ʿnu|ޢނުތައް	<i>noun</i><br><ol><li>Name of the thirty-fifth letter in the Thaana alphabet (ޢ)</li></ol>
ޢަރަބި|ʿarabi	<i>adj</i><br><ol><li>Arab</li><li>Arabic</li><li>Arabian</li></ol>
ޢުމާން|ʿumān̊	<i>name</i><br><ol><li>Oman</li></ol>
ޣ|ġ	<i>character</i><br><ol><li>The thirty-fifth letter in Dhivehi, named ghainu</li></ol>
ޣނު|ġnu|ޣނުތައް	<i>noun</i><br><ol><li>Name of the thirty-sixth letter in the Thaana alphabet (ޣ)</li></ol>
ޤ|q	<i>character</i><br><ol><li>The thirty-sixth letter in Dhivehi, named qaafu</li></ol>
ޤާފު|qāfu|ޤާފުތައް	<i>noun</i><br><ol><li>Name of the thirty-seventh in the Thaana alphabet (ޤ)</li></ol>
ޤުރުއާން|quruān̊	<i>name</i><br><ol><li>the Qur'an</li></ol>
ޥ|w	<i>character</i><br><ol><li>The thirty-seventh letter in Dhivehi, named waavu</li></ol>
ޥާވު|ޥާވުތައް|wāvu	<i>noun</i><br><ol><li>Name of the thirty-ninth letter in the Thaana alphabet (ޥ)</li></ol>
ަ	<i>character</i><br><ol><li>The vowel diacritic, named abafili</li></ol>
ާ	<i>character</i><br><ol><li>The vowel diacritic, named aabaafili</li></ol>
ި	<i>character</i><br><ol><li>The vowel diacritic, named ibifili</li></ol>
ީ	<i>character</i><br><ol><li>The vowel diacritic, named eebeefili</li></ol>
ު	<i>character</i><br><ol><li>The vowel diacritic, named uboofili</li></ol>
ޫ	<i>character</i><br><ol><li>The vowel diacritic, named ooboofili</li></ol>
ެ	<i>character</i><br><ol><li>The vowel diacritic, named ebefili</li></ol>
ޭ	<i>character</i><br><ol><li>The vowel diacritic, named eybeyfili</li></ol>
ޮ	<i>character</i><br><ol><li>The vowel diacritic, named obofili</li></ol>
ޯ	<i>character</i><br><ol><li>The vowel diacritic, named oaboafili</li></ol>
ް	<i>character</i><br><ol><li>sukun</li></ol>
ޱ|ṇ	<i>character</i><br><ol><li>Formerly the sixteenth letter in Dhivehi, named ṇaviyani. Currently an obsolete sound and the thirty-ninth letter.</li></ol>
ޱަވިޔަނި|ޱަވިޔަނިތައް|ṇaviyani	<i>noun</i><br><ol><li>Name of the fortieth letter in the Thaana alphabet (ޱ)</li></ol>
अ|a	<i>character</i><br><ol><li>The first vowel of Dhivehi, written in Devanagari script.</li></ol>
अँ|ã	<i>character</i><br><ol><li>The fifteenth vowel in Dhivehi, written in Devanagari script</li></ol>
अं|aṅ	<i>character</i><br><ol><li>The thirteenth vowel in Dhivehi, written in Devanagari script</li></ol>
अः	<i>character</i><br><ol><li>The fourteenth vowel in Dhivehi, written in Devanagari script</li></ol>
अ़|'a	<i>character</i><br><ol><li>The thirtieth consonant in Dhivehi, written in Devanagari</li></ol>
आ|ā	<i>character</i><br><ol><li>The second vowel in Dhivehi, written in Devanagari script</li></ol>
इ|i	<i>character</i><br><ol><li>The third vowel in Dhivehi, written in Devanagari script</li></ol>
ई|ī	<i>character</i><br><ol><li>The fourth vowel in Dhivehi, written in Devanagari script</li></ol>
उ|u	<i>character</i><br><ol><li>The fifth vowel in Dhivehi, written in Devanagari script</li></ol>
ऊ|ū	<i>character</i><br><ol><li>The sixth vowel in Dhivehi, written in Devanagari script</li></ol>
ए|e	<i>character</i><br><ol><li>The seventh vowel in Dhivehi, written in Devanagari script</li></ol>
ऐ|ē	<i>character</i><br><ol><li>The eighth vowel in Dhivehi, written in Devanagari script</li></ol>
ऑ|o	<i>character</i><br><ol><li>The tenth vowel in Dhivehi, written in Devanagari script</li></ol>
ओ|ō	<i>character</i><br><ol><li>The eleventh vowel in Dhivehi, written in Devanagari script</li></ol>
औ|au	<i>character</i><br><ol><li>The twelfth vowel in Dhivehi, written in Devanagari script</li></ol>
क|ka	<i>character</i><br><ol><li>The eighth consonant in Dhivehi, written in Devanagari</li></ol>
क़|qa	<i>character</i><br><ol><li>The thirty-fourth consonant in Dhivehi, written in Devanagari</li></ol>
क्ष|kṣa	<i>character</i><br><ol><li>An irregular ligature of क and ष</li></ol>
ख़|xa	<i>character</i><br><ol><li>The twenty-eighth consonant in Dhivehi, written in Devanagari</li></ol>
ग|ga	<i>character</i><br><ol><li>The fifteenth consonant in Dhivehi, written in Devanagari</li></ol>
ग़|ġa	<i>character</i><br><ol><li>The thirty-second consonant in Dhivehi, written in Devanagari</li></ol>
च|cha	<i>character</i><br><ol><li>The twenty-fourth consonant in Dhivehi, written in Devanagari</li></ol>
च़|ṯa	<i>character</i><br><ol><li>The thirty-seventh consonant in Dhivehi, written in Devanagari. https://omniglot.com/writing/taana.htm</li></ol>
ज|ja	<i>character</i><br><ol><li>The twenty-third consonant in Dhivehi, written in Devanagari</li></ol>
ज़|za	<i>character</i><br><ol><li>The twenty-sixth consonant in Dhivehi, written in Devanagari</li></ol>
ञ|ñə	<i>character</i><br><ol><li>The twentieth consonant in Dhivehi, written in Devanagari</li></ol>
ट|ṭa	<i>character</i><br><ol><li>The nineteenth consonant in Dhivehi, written in Devanagari</li></ol>
ड|ḍa	<i>character</i><br><ol><li>The eighteenth consonant in Dhivehi, written in Devanagari</li></ol>
ण|ṇa	<i>character</i><br><ol><li>The sixteenth consonant in Dhivehi, written in Devanagari</li></ol>
त|ta	<i>character</i><br><ol><li>The thirteenth consonant in Dhivehi, written in Devanagari</li></ol>
त़|ța	<i>character</i><br><ol><li>The thirty-third consonant in Dhivehi, written in Devanagari https://omniglot.com/writing/taana.htm</li></ol>
त्त|tta	<i>character</i><br><ol><li>An irregular ligature of त (ta) and त (ta)</li></ol>
त्र|tra	<i>character</i><br><ol><li>An irregular ligature of त (ta) and र (ra)</li></ol>
द|da	<i>character</i><br><ol><li>The twelfth consonant in Dhivehi, written in Devanagari</li></ol>
द़|źa	<i>character</i><br><ol><li>The thirty-seventh consonant in Dhivehi, written in Devanagari</li></ol>
द्द|dda	<i>character</i><br><ol><li>An irregular ligature of द (da) and द (da)</li></ol>
न|na	<i>character</i><br><ol><li>The third consonant in Dhivehi, written in Devanagari</li></ol>
न्ग|ⁿga	<i>character</i><br><ol><li>A ligature of न and ग</li></ol>
न्ड|ⁿḍa	<i>character</i><br><ol><li>A ligature of न and ड</li></ol>
न्द|ⁿda	<i>character</i><br><ol><li>A ligature of न and द.</li></ol>
न्ब|ᵐba	<i>character</i><br><ol><li>A ligature of न (na) and ब (ba)</li></ol>
प|pa	<i>character</i><br><ol><li>The twenty-second consonant in Dhivehi, written in Devanagari.</li></ol>
फ़|fa	<i>character</i><br><ol><li>The eleventh consonant in Dhivehi, written in Devanagari</li></ol>
ब|ba	<i>character</i><br><ol><li>The fifth consonant in Dhivehi, written in Devanagari</li></ol>
म|ma	<i>character</i><br><ol><li>The tenth consonant in Dhivehi, written in Devanagari</li></ol>
य|ya	<i>character</i><br><ol><li>The twenty-first consonant in Dhivehi, written in Devanagari</li></ol>
र|ra	<i>character</i><br><ol><li>The fourth consonant in Dhivehi, written in Devanagari</li></ol>
रु|ru	<i>character</i><br><ol><li>An irregular ligature of र (ra) and ु (u)</li></ol>
रू|rū	<i>character</i><br><ol><li>An irregular ligature of र (ra) and ू (ū)</li></ol>
र्ए|ai	<i>character</i><br><ol><li>The ninth vowel in Dhivehi, written in Devanagari script.</li></ol>
ल|la	<i>character</i><br><ol><li>The fourteenth consonant in Dhivehi, written in Devanagari</li></ol>
ल़|ła	<i>character</i><br><ol><li>The thirty-sixth consonant in Dhivehi, written in Devanagari. https://omniglot.com/writing/taana.htm</li></ol>
ळ|ḷa	<i>character</i><br><ol><li>The sixth consonant in Dhivehi, written in Devanagari</li></ol>
व|va	<i>character</i><br><ol><li>The ninth consonant in Dhivehi, written in Devanagari</li></ol>
श|śa	<i>character</i><br><ol><li>The twenty-fifth consonant in Dhivehi, written in Devanagari</li></ol>
श़|ža	<i>character</i><br><ol><li>The twenty-ninth consonant in Dhivehi, written in Devanagari</li></ol>
श्र|śra	<i>character</i><br><ol><li>An irregular ligature of श (śa) and र (ra)</li></ol>
ष|ṣa	<i>character</i><br><ol><li>The second consonant in Dhivehi, written in Devanagari</li></ol>
स|sa	<i>character</i><br><ol><li>The seventeenth consonant in Dhivehi, written in Devanagari</li></ol>
स़|ša	<i>character</i><br><ol><li>The thirty-fifth consonant in Dhivehi, written in Devanagari https://omniglot.com/writing/taana.htm</li></ol>
ह|ha	<i>character</i><br><ol><li>The first consonant in Dhivehi, written in Devanagari</li></ol>
ह़|ḥa	<i>character</i><br><ol><li>The twenty-seventh consonant in Dhivehi, written in Devanagari</li></ol>
ॠ|ṛ	<i>character</i><br><ol><li>The sixteenth letter in Dhivehi, written in Devanagari script</li></ol>
