Aadboor|Aadboors	<i>noun</i><br><ol><li>stork</li></ol>
Aadler|Aadlers	<i>noun</i><br><ol><li>(in some dialects) eagle (Aquila)</li></ol>
Aaft	<i>noun</i><br><ol><li>fruit</li></ol>
Aal|Alen|Olen|Ool|Aals	<i>noun</i><br><ol><li>eel</li></ol>
Aant|Aanten	<i>noun</i><br><ol><li>duck</li></ol>
Aap|Apen	<i>noun</i><br><ol><li>(in some dialects) ape</li><li>(in some dialects) monkey</li><li>(in some dialects, derogatory) ape (uncivilised person)</li><li>sail on sailboat</li></ol>
Achtergatt|Achtergaten	<i>noun</i><br><ol><li>(anatomy) anus</li></ol>
Achtergedanken|Achtergedanke	<i>noun</i><br><ol><li>ulterior motive</li></ol>
Achtinge	<i>noun</i><br><ol><li>(Westphalian) attention, heed</li></ol>
Adder|Adders	<i>noun</i><br><ol><li>snake, adder</li><li>bad girl</li></ol>
Adeboor|Adeboors	<i>noun</i><br><ol><li>stork</li></ol>
Afkaat|Afkaten	<i>noun</i><br><ol><li>lawyer</li></ol>
Ai|Aier|Ägger	<i>noun</i><br><ol><li>(Westphalian) egg</li></ol>
Aisen	<i>noun</i><br><ol><li>dread</li><li>horror</li><li>fright</li><li>terror</li></ol>
Akes|Aksen|Äksen	<i>noun</i><br><ol><li>(Westphalian) axe</li></ol>
Antwoord|Antwoorden	<i>noun</i><br><ol><li>answer</li></ol>
Antwoort|Antwoorden	<i>noun</i><br><ol><li>(in most dialects, including Low Prussian) answer, response</li></ol>
Ap|Apke	<i>noun</i><br><ol><li>(Low Prussian) Alternative form of Aap (ape).</li></ol>
Appel|Appels|Äppel	<i>noun</i><br><ol><li>apple (fruit)</li></ol>
Apteek|Afteek	<i>noun</i><br><ol><li>(in many dialects, including Low Prussian) pharmacy</li></ol>
Arbeid|Arbeiden	<i>noun</i><br><ol><li>work; labour; toil</li><li>job; employment</li></ol>
Arvte|Arvten|Arvt	<i>noun</i><br><ol><li>pea</li></ol>
Avend|Avenden	<i>noun</i><br><ol><li>evening; the time from dusk onwards (unlike in English, now generally including the first hours of the night, until midnight)</li></ol>
Baart|Baarten	<i>noun</i><br><ol><li>beard</li></ol>
Backelse|has not been set	<i>noun</i><br><ol><li>pastry</li><li>in a wider sense anything baked: cakes, biscuits etc.</li></ol>
Backhuus|Backhüüs	<i>noun</i><br><ol><li>bakehouse (bakery)</li></ol>
Barg	<i>noun</i><br><ol><li>(in many dialects, including Low Prussian) mountain; hill</li></ol>
Barv|Barven	<i>noun</i><br><ol><li>stretcher; bier</li></ol>
Bedd|Bedden	<i>noun</i><br><ol><li>bed (place to lie down or sleep)</li><li>bed (plot for growing flowers)</li></ol>
Beek|Beken	<i>noun</i><br><ol><li>brook; stream</li></ol>
Been|Bener|also Been|Benen	<i>noun</i><br><ol><li>(in many dialects, including Low Prussian) leg</li><li>(in some dialects) bone as a material</li><li>(in some dialects) an indiscriminate number of bones : a skeleton or skeletons</li></ol>
Begünn	<i>noun</i><br><ol><li>beginning</li></ol>
Bein|has not been set|Beiner	<i>noun</i><br><ol><li>(in some dialects) leg</li><li>(in some dialects) bone (as material)</li><li>(in some dialects) bones; a skeleton or skeletons</li></ol>
Bessem|Bessems|Bessen|Bessens	<i>noun</i><br><ol><li>broom; besom</li></ol>
Bibel|Bibels	<i>noun</i><br><ol><li>Bible, bible</li></ol>
Biel|Bilen|Bielen	<i>noun</i><br><ol><li>axe, hatchet</li></ol>
Bispeel|Bispelen	<i>noun</i><br><ol><li>example</li></ol>
Bispill|Bispölen|Bispööl|Bispillen	<i>noun</i><br><ol><li>An example</li></ol>
Bispääl|Bispälen	<i>noun</i><br><ol><li>example</li></ol>
Black	<i>noun</i><br><ol><li>ink</li></ol>
Blas	
Blatt|Blääd|Bläder|Blööd	<i>noun</i><br><ol><li>(botany) a leaf; the organ of a plant or tree</li><li>(botany) the petal of a flower or blossom</li><li>a page in a book or magazine</li><li>a sheet of paper</li><li>the cards of a card game</li><li>(colloquial) the newspapers</li><li>the blade of an oar</li><li>the functioning part of a saw and other tool</li><li>a thin plate or foil; not necessarily paper; can also be made out of aluminium, copper or other metal</li></ol>
Blood|Bloot|has not been set	<i>noun</i><br><ol><li>blood</li></ol>
Bloom|Blomen|Blööm	<i>noun</i><br><ol><li>(botany) flower, blossom</li><li>(chemistry) efflorescence</li><li>(heraldry) flower</li><li>(hunting) tail, scut (of a hare)</li><li>nose, bouquet (of a wine)</li></ol>
Boll|Bollen	<i>noun</i><br><ol><li>bun; roll</li><li>(botany) bulb</li></ol>
Book|Boken|Böker|Beuker	<i>noun</i><br><ol><li>book</li></ol>
Boom|Böm|Bööm|Bäum	<i>noun</i><br><ol><li>tree</li></ol>
Boor|Booren	<i>noun</i><br><ol><li>(in many dialects) bear</li></ol>
Boov|Boven	<i>noun</i><br><ol><li>rogue; scoundrel; knave</li></ol>
Bornwater|has not been set	<i>noun</i><br><ol><li>mineral water, such as spa water</li></ol>
Bost|Böst	<i>noun</i><br><ol><li>breast</li><li>chest</li></ol>
Botter	<i>noun</i><br><ol><li>(Münsterland, Mecklenburgisch-Vorpommersch, Low Prussian) butter</li></ol>
Botterlicker|Botterlickers	<i>noun</i><br><ol><li>butterfly (insect)</li></ol>
Bottervagel|Bottervagels	<i>noun</i><br><ol><li>butterfly (insect)</li></ol>
Bottervögel|Bottervögels	<i>noun</i><br><ol><li>butterfly</li></ol>
Braa|Braden	<i>noun</i><br><ol><li>A roast; roasted meat</li></ol>
Braam|Bramen	<i>noun</i><br><ol><li>(botany) broom (shrub)</li></ol>
Breefduuv|Breefduven	<i>noun</i><br><ol><li>homing pigeon, racing pigeon, homer (bird)</li></ol>
Breei	<i>noun</i><br><ol><li>(East Frisian Low Saxon) porridge</li></ol>
Breoer|Broier	<i>noun</i><br><ol><li>(Paderbornisch) brother</li></ol>
Brood|Broden|Bröö	<i>noun</i><br><ol><li>(Westphalian, Hamburgisch) Alternative form of Broot (“bread”)</li></ol>
Broodje|Broodjes	<i>noun</i><br><ol><li>bread roll</li></ol>
Brook|Broken	<i>noun</i><br><ol><li>A marsh; swamp</li></ol>
Broot|Brööd|Breud	<i>noun</i><br><ol><li>(Low Prussian, Mecklenburgisch, Altmärkisch, Schleswig-Holsteinisch [plural Brööd]) bread, especially rye bread</li></ol>
Brot|Brod	<i>noun</i><br><ol><li>(Mecklenburgisch, Low Prussian, Schleswig-Holsteinisch) Alternative form of Broot (“bread”)</li></ol>
Brotke	<i>noun</i><br><ol><li>(Low Prussian, diminutive) bread, especially a roll or piece of bread</li></ol>
Bruun|Brunen|has not been set|Bruunen	<i>noun</i><br><ol><li>(in some dialects) brow</li><li>(in many dialects, including Low Prussian) the colour/color brown</li><li>(in some dialects) a brown horse</li></ol>
Bräot	<i>noun</i><br><ol><li>(Lippisch) Alternative form of Brot</li></ol>
Buer|Buern	<i>noun</i><br><ol><li>(in some dialects, including Westphalian, Low Prussian) Alternative form of Buur (“farmer, peasant; jack in cardgames”)</li></ol>
Buernhuus|Buernhüüs|Buernhüser	<i>noun</i><br><ol><li>(in many dialects) farmhouse</li></ol>
Bueter|Büeters	<i>noun</i><br><ol><li>(Märkisch) butter</li><li>(Märkisch) slice of bread with toppings, open sandwich</li></ol>
Bunk|Bunken	<i>noun</i><br><ol><li>bone</li></ol>
Bunken	<i>noun</i><br><ol><li>(Low Prussian) the bones which are pronouncedly visible beneath the skin of starving animals</li><li>(Pomeranian) the large, pronouncedly visible (hind) hip and leg bones of animals</li><li>(in northwestern (Schleswig-Holstein) dialects, possibly dated) large (animal) bones</li></ol>
Buuk	<i>noun</i><br><ol><li>(in several dialects, including Low Prussian) stomach</li><li>(in several dialects, including Low Prussian) belly, abdomen</li></ol>
Buur|Buren|Buurs|Bure	<i>noun</i><br><ol><li>(in many dialects, including Low Prussian) farmer</li><li>(in many dialects, including Low Prussian, largely historical) peasant</li><li>(in many dialects) jack (cards)</li></ol>
Buəter|Büəters	<i>noun</i><br><ol><li>(Märkisch) Alternative form of Bueter</li></ol>
Bärg	<i>noun</i><br><ol><li>(Ravensburg) mountain; hill</li></ol>
Böverflach|Böverflääg|Böverflachen	<i>noun</i><br><ol><li>surface</li></ol>
Daad|Daden	<i>noun</i><br><ol><li>deed; act; action</li></ol>
Daal|Dalen	<i>noun</i><br><ol><li>valley</li></ol>
Dacht	<i>noun</i><br><ol><li>(Low Prussian) wick</li></ol>
Dag|Doage|Daag'|Daog|Dạg'|Doag'|Daag|Doag|Dag'	<i>noun</i><br><ol><li>(in many dialects, including Low Prussian) day</li></ol>
Dapperkeit	<i>noun</i><br><ol><li>(Sauerland, region around Hameln) bravery</li></ol>
Deenst|Dennsten|Deensten|Dennst	<i>noun</i><br><ol><li>service</li><li>duty</li><li>work</li></ol>
Deepde|Deepden	<i>noun</i><br><ol><li>depth</li><li>abyss; chasm</li></ol>
Deert|Deren|Diert|Deerter|Dierter|Dierten|Deerten|Deer	<i>noun</i><br><ol><li>animal</li><li>large domestic animal</li></ol>
Deev|Deve|Deev|Deven	<i>noun</i><br><ol><li>thief</li></ol>
Deveree|Devereen	<i>noun</i><br><ol><li>theft; thievery; larceny</li></ol>
Dingsdag|Dingsdaag	<i>noun</i><br><ol><li>Tuesday</li></ol>
Dird|has not been set|Dirde|Dierd	<i>noun</i><br><ol><li>animal</li></ol>
Dirt|Dirte	<i>noun</i><br><ol><li>animal</li></ol>
Dokter|Doktersch|Dokterin|Dokterschen|Dokterinnen|Dokters|Doktersche	<i>noun</i><br><ol><li>(male) doctor, physician</li><li>(academia) (male) doctor</li></ol>
Dokterin|Doktersch|Dokter|Dokterschen|Dokterinnen|Dokters|Doktersche	<i>noun</i><br><ol><li>(female) doctor, physician</li><li>(academia) (female) doctor</li></ol>
Doktersch|Dokterin|Dokter|Dokterschen|Dokterinnen|Dokters|Doktersche	<i>noun</i><br><ol><li>(female) doctor, physician</li><li>(academia) (female) doctor</li></ol>
Doktersche|Doktersch|Dokterin|Dokter|Dokterschen|Dokterinnen|Dokters	<i>noun</i><br><ol><li>(female) doctor, physician</li><li>(academia) (female) doctor</li></ol>
Dook|Doken	<i>noun</i><br><ol><li>cloth (a piece of fabric)</li></ol>
Doonwoard	<i>noun</i><br><ol><li>(Low Prussian, grammar) verb</li></ol>
Drank|Dranken	<i>noun</i><br><ol><li>drink; beverage</li><li>dose; potion</li></ol>
Drunk|Drunken	<i>noun</i><br><ol><li>drink; draught</li></ol>
Druuv|Druven|Druve	<i>noun</i><br><ol><li>grape (fruit)</li></ol>
Drüpp|Drüppen	<i>noun</i><br><ol><li>drop</li></ol>
Drüssel|Drüssels	<i>noun</i><br><ol><li>threshold</li></ol>
Dunnersdag|Dunnersdaag	<i>noun</i><br><ol><li>Thursday</li></ol>
Duorp|Düörper	<i>noun</i><br><ol><li>(Westphalian, including Münsterland) village</li></ol>
Duuv|Duven	<i>noun</i><br><ol><li>dove, pigeon</li><li>Dove (constellation: Columba)</li></ol>
Duvenhuus|Duvenhüüs|Duvenhüser	<i>noun</i><br><ol><li>pigeon house, pigeon loft, pigeonry</li><li>dovecote, dovecot</li><li>columbarium</li></ol>
Dwarg|Dwargsch|Dwargsche|Dwargen	<i>noun</i><br><ol><li>dwarf (mythical creature; small human being)</li><li>dwarf (star)</li><li>(Low Prussian) quark cheese, especially as a small round or (set of) ball(s)</li></ol>
Däörn	<i>noun</i><br><ol><li>(Münsterland) thorn</li></ol>
Dörnanner|has not been set	<i>noun</i><br><ol><li>A jumble, mix-up, chaos, mess</li></ol>
Dössel|Dössels	<i>noun</i><br><ol><li>threshold</li></ol>
Döör|Dören	<i>noun</i><br><ol><li>door</li></ol>
Düffer|Düffers	<i>noun</i><br><ol><li>(male) dove, cock pigeon</li><li>(male) pigeon, cock dove</li></ol>
Dünnersdag|Dünnersdaag	<i>noun</i><br><ol><li>Thursday</li></ol>
Düvel|Düvels	<i>noun</i><br><ol><li>devil</li></ol>
Düütschland	<i>name</i><br><ol><li>Germany (a country in Europe)</li></ol>
Ebeer|Eberen	<i>noun</i><br><ol><li>stork</li></ol>
Eed|Eden	<i>noun</i><br><ol><li>oath</li></ol>
Eerdbeei|Eerdbejen	<i>noun</i><br><ol><li>strawberry</li></ol>
Eernst	<i>noun</i><br><ol><li>earnestness; seriousness</li></ol>
Eestland	<i>name</i><br><ol><li>Estonia (a country in Europe)</li></ol>
Eevtaske|Eevtaskes	<i>noun</i><br><ol><li>lizard</li></ol>
Eiwigkeit	<i>noun</i><br><ol><li>(Paderbornisch) eternity</li></ol>
Emk|Emken	<i>noun</i><br><ol><li>(Altmärkisch) ant</li></ol>
Engelsch	<i>noun</i><br><ol><li>English (language)</li></ol>
Enkel|Enkels	<i>noun</i><br><ol><li>(anatomy) ankle</li></ol>
Faam|Famen	<i>noun</i><br><ol><li>(nautical) fathom</li></ol>
Fahn|Fahnen	<i>noun</i><br><ol><li>flag; banner</li></ol>
Fatt|Faten	<i>noun</i><br><ol><li>A vessel; tub; vat</li></ol>
Fedder|Feddern	<i>noun</i><br><ol><li>feather (bird)</li><li>spring (coil)</li></ol>
Fettgänske	<i>noun</i><br><ol><li>(Low Prussian) A plant, the yellow star of Bethlehem (Gagea lutea)</li></ol>
Fever|Fevers	<i>noun</i><br><ol><li>fever</li></ol>
Finger|Fingern|Fingers	<i>noun</i><br><ol><li>finger (of the hand)</li></ol>
Fleeg|Flegen	<i>noun</i><br><ol><li>fly (insect)</li></ol>
Fleerling|Fleerlings	<i>noun</i><br><ol><li>butterfly (insect)</li></ol>
Fleesch|has not been set	<i>noun</i><br><ol><li>meat</li><li>flesh</li></ol>
Fless|Flessen	<i>noun</i><br><ol><li>bottle</li><li>flask, flagon</li><li>jug</li></ol>
Fliet	<i>noun</i><br><ol><li>zeal</li><li>diligence</li></ol>
Flitzepee|Flitzepees	<i>noun</i><br><ol><li>bicycle</li></ol>
Floor|Floren	<i>noun</i><br><ol><li>A hallway or entrance to a house.</li><li>The floor of a hallway or corridor connecting various rooms in a house.</li><li>Tile.</li><li>A stone slab.</li></ol>
Fohl|Fohlen	<i>noun</i><br><ol><li>(zoology) foal</li></ol>
Foot|Feut|Fööt	<i>noun</i><br><ol><li>foot (anatomy)</li></ol>
Fredensduuv|Fredensduven	<i>noun</i><br><ol><li>(literally or symbolically) (white) dove of peace, peace dove</li></ol>
Freedag|Freedaag	<i>noun</i><br><ol><li>Friday</li></ol>
Freeiheid	<i>noun</i><br><ol><li>The condition of being free; freedom</li></ol>
Fro|Froons|Froonslüüd	<i>noun</i><br><ol><li>woman (female human)</li><li>wife (Fro can be a short form for Ehfro)</li></ol>
Frädensduuv|Frädensduven	<i>noun</i><br><ol><li>(literally or symbolically) (white) dove of peace, peace dove</li></ol>
Fründ|Fründin|Fründinnen|Frünnen|Frünn	<i>noun</i><br><ol><li>friend, buddy, pal</li><li>boyfriend</li><li>relative</li></ol>
Fründin|Fründinnen|Frünnen|Fründ|Frünn	<i>noun</i><br><ol><li>(female) friend, buddy, pal</li><li>girlfriend</li><li>(female) relative</li></ol>
Fründschap|Fründschappen	<i>noun</i><br><ol><li>friendship</li></ol>
Fründschop|Fründschoppen	<i>noun</i><br><ol><li>friendship</li></ol>
Fründskupp|Fründskuppen	<i>noun</i><br><ol><li>friendship</li></ol>
Fösch	<i>noun</i><br><ol><li>(Low Prussian) fish (cold-blooded vertebrate animal that lives in water)</li></ol>
Füer|has not been set	<i>noun</i><br><ol><li>fire</li></ol>
Füertüüch|Füertüüchen	<i>noun</i><br><ol><li>lighter (e.g. cigarette lighter)</li></ol>
Füür	<i>noun</i><br><ol><li>fire</li></ol>
Gaasch|Gagen	<i>noun</i><br><ol><li>fee (of an artist)</li></ol>
Ganter|Ganner|Ganters|Ganners	<i>noun</i><br><ol><li>gander, male goose</li></ol>
Gasthuus|Gasthüüs|Gasthüser	<i>noun</i><br><ol><li>guesthouse / guest house</li></ol>
Geboort|Geboorten	<i>noun</i><br><ol><li>birth</li></ol>
Geboortsdag|Geboortsdaag	<i>noun</i><br><ol><li>birthday</li></ol>
Gedank|Gedanken	<i>noun</i><br><ol><li>thought</li></ol>
Geweten	<i>noun</i><br><ol><li>conscience</li></ol>
Giesel|Gieseln	<i>noun</i><br><ol><li>hostage</li></ol>
Gilke	<i>noun</i><br><ol><li>(in some dialects, including Low Prussian) marigold (usually Calendula, sometimes Tagetes)</li></ol>
Glieknis|Glieknissen	<i>noun</i><br><ol><li>likeness</li><li>parable; simile</li></ol>
Gloms	<i>noun</i><br><ol><li>(Low Prussian) quark</li></ol>
Glomsd	<i>noun</i><br><ol><li>(Low Prussian) Alternative form of Gloms</li></ol>
Glomskopp	<i>noun</i><br><ol><li>(Low Prussian) foolish person, idiot</li></ol>
Glomsnickel	<i>noun</i><br><ol><li>(Low Prussian, now chiefly historical) Königsberger; native or inhabitant of Königsberg</li></ol>
Gold	<i>noun</i><br><ol><li>gold (chemical element, Au)</li><li>gold (color)</li><li>(heraldry) or</li></ol>
Goos|Geus'|Geus|Göös'|Göös	<i>noun</i><br><ol><li>(in several dialects) a (female) goose</li></ol>
Goäd|Goädes	<i>noun</i><br><ol><li>(Paderbornisch) God</li></ol>
Gröönhöker|Gröönhökers	<i>noun</i><br><ol><li>(male) greengrocer (retailer of fresh fruits and vegetables)</li></ol>
Gröönhökerin|Gröönhökerinnen	<i>noun</i><br><ol><li>(female) greengrocer (retailer of fresh fruits and vegetables)</li></ol>
Gröönhökersch|Gröönhökerschen	<i>noun</i><br><ol><li>(female) greengrocer (retailer of fresh fruits and vegetables)</li></ol>
Gröönhökersche|Gröönhökerschen	<i>noun</i><br><ol><li>(female) greengrocer (retailer of fresh fruits and vegetables)</li></ol>
Guld	<i>noun</i><br><ol><li>gold (chemical element, Au)</li><li>gold (color)</li></ol>
Gäld	<i>noun</i><br><ol><li>(Paderbornisch) money</li></ol>
Göök|Göken	<i>noun</i><br><ol><li>A buffoon; clown</li><li>A fool; jester</li><li>A quipster; joker</li></ol>
Haak|Haken	<i>noun</i><br><ol><li>hook</li><li>(geometry) angle</li></ol>
Haavke|Haavkes	<i>noun</i><br><ol><li>hawk (bird)</li></ol>
Hamborg|Holstein|Schleswig|Lower Saxony|Hamburgisch|Oldenburg	<i>name</i><br><ol><li>Hamburg (the second-largest city in Germany)</li><li>Hamburg (a state of Germany containing the city of the same name)</li></ol>
Hambuorg	<i>name</i><br><ol><li>Hamburg (the second-largest city in Germany)</li><li>Hamburg (a state of Germany containing the city of the same name)</li></ol>
Handwark|Handwarken	<i>noun</i><br><ol><li>craft; handcraft; handiwork</li><li>trade; business</li></ol>
Heide|Heiden	<i>noun</i><br><ol><li>heath</li><li>heathen</li></ol>
Heken	<i>noun</i><br><ol><li>male (of an animal)</li></ol>
Helper|Helpers	<i>noun</i><br><ol><li>helper</li></ol>
Holt	<i>noun</i><br><ol><li>(in many dialects, including Low Prussian) wood (material)</li><li>(in many dialects, including Low Prussian) a particular kind of wood</li><li>(in many dialects, including Low Prussian) a piece of wood, usually small</li><li>(in many dialects, including Low Prussian) grove; woods; small forest</li></ol>
Hood|Hoden	<i>noun</i><br><ol><li>hood; hat</li></ol>
Hook|Hoken	<i>noun</i><br><ol><li>corner</li><li>angle</li><li>tip of land; headland; point; foreland</li></ol>
Hoor|Horen	<i>noun</i><br><ol><li>whore; harlot</li></ol>
Hund|Hunnen|Hunn	<i>noun</i><br><ol><li>dog</li><li>mining car</li></ol>
Huus|Hüüser|Hüüs|Hüser	<i>noun</i><br><ol><li>house (abode)</li></ol>
Huushollen|Huushollens	<i>noun</i><br><ol><li>household</li></ol>
Huut|Huden|Hüüd	<i>noun</i><br><ol><li>skin, hide of a person, animal or (part of a) plant</li><li>skin (membrane found on the surface of an object, like a sausage)</li></ol>
Höhneroog|Höhneroogen|Höhnerogen	<i>noun</i><br><ol><li>corn (callus on the foot)</li></ol>
Hönnig|has not been set	<i>noun</i><br><ol><li>honey</li></ol>
Hüttspott	<i>noun</i><br><ol><li>mishmash; hodgepodge</li></ol>
Ies	<i>noun</i><br><ol><li>ice</li><li>ice cream</li></ol>
Iesjökel|Iesjökels	<i>noun</i><br><ol><li>icicle</li></ol>
Imm|Immen	<i>noun</i><br><ol><li>bee (insect)</li></ol>
Indonesien	<i>name</i><br><ol><li>Indonesia (a country in Southeast Asia)</li></ol>
Ingang|Ingäng	<i>noun</i><br><ol><li>entrance, access</li></ol>
Insicht|Insichten	<i>noun</i><br><ol><li>insight</li></ol>
Isen	<i>noun</i><br><ol><li>iron</li></ol>
Jidder|Jidders	<i>noun</i><br><ol><li>udder</li></ol>
Junge	<i>noun</i><br><ol><li>boy</li></ol>
Jåhr	<i>noun</i><br><ol><li>year</li></ol>
Jökel|Jökels	<i>noun</i><br><ol><li>icicle</li></ol>
Kaptain|Kaptains	<i>noun</i><br><ol><li>captain</li></ol>
Kark|Karken	<i>noun</i><br><ol><li>church</li></ol>
Kater|Katt|Katers|Katten	<i>noun</i><br><ol><li>tomcat, male cat, he-cat</li></ol>
Katschke	<i>noun</i><br><ol><li>(Low Prussian) duck (bird)</li></ol>
Katt|Katten	<i>noun</i><br><ol><li>cat (Felis catus)</li><li>female cat</li><li>pussy, vulva</li></ol>
Kensbarg	<i>name</i><br><ol><li>(Natangian Low Prussian) Königsberg (the historical capital of East Prussia, today in Kaliningrad Oblast, Russia; modern Kaliningrad)</li></ol>
Kensborg	<i>name</i><br><ol><li>(Elbingian Low Prussian) Königsberg (the historical capital of East Prussia, today in Kaliningrad Oblast, Russia; modern Kaliningrad)</li></ol>
Kiepe|Kiepen	<i>noun</i><br><ol><li>carrying basket</li></ol>
Kiepke|Kiepkes	<i>noun</i><br><ol><li>A (small) basket</li></ol>
Kind|Kinne|Kinner|Kinga|Kinder|Kinger|Kinners	<i>noun</i><br><ol><li>(human) child</li><li>offspring (person, with regard to position in a family)</li><li>(Low Prussian) (human) child</li><li>(Low Prussian) offspring (person, with regard to position in a family)</li><li>(Paderbornisch) (human) child</li></ol>
Kinnerheid	<i>noun</i><br><ol><li>childhood</li></ol>
Kinnerkrankenhuus|Kinnerkrankenhüüs|Kinnerkrankenhüser	<i>noun</i><br><ol><li>children's hospital</li></ol>
Klaver|Klavers	<i>noun</i><br><ol><li>clover</li></ol>
Kleed|Kleer	<i>noun</i><br><ol><li>garment; dress</li><li>(in the plural) clothes</li></ol>
Klür|Kalür|Kalüren|Klüür|has not been set|Klüren	<i>noun</i><br><ol><li>(Mecklenburgisch, Western Pomeranian) colour</li></ol>
Knake	<i>noun</i><br><ol><li>(in some other dialects, including eastern Low Prussian) Alternative form of Knaken</li></ol>
Knaken|Knakens	<i>noun</i><br><ol><li>(in many dialects, including western Low Prussian) an individual bone; a bone as an object rather than as a material</li></ol>
Knief|Kniefen	<i>noun</i><br><ol><li>knife</li></ol>
Knoken	<i>noun</i><br><ol><li>An individual bone; a bone as an object rather than as a material.</li></ol>
Knoovlook|has not been set	<i>noun</i><br><ol><li>garlic</li></ol>
Koh|Köh	<i>noun</i><br><ol><li>cow (ruminant)</li></ol>
Kooj|Kojen	<i>noun</i><br><ol><li>cabin; berth (sleeping room on a ship)</li><li>bunk (built-in bed on a ship)</li><li>bed</li></ol>
Kook|Koken	<i>noun</i><br><ol><li>cake</li></ol>
Kookje|Kookjes	<i>noun</i><br><ol><li>biscuit, cookie</li><li>cracker</li></ol>
Koorn|Koorns	<i>noun</i><br><ol><li>corn; grain; cereal</li></ol>
Korf|Körwe	<i>noun</i><br><ol><li>basket</li></ol>
Koss|has not been set|Kose|Kosse|Kos	<i>noun</i><br><ol><li>(in some dialects, including Low Prussian) goat</li><li>(in some dialects, including Low Prussian) female goat, she-goat</li></ol>
Kraan|Kranen	<i>noun</i><br><ol><li>crane (bird)</li></ol>
Krabb|Krabben	<i>noun</i><br><ol><li>crab</li><li>crayfish</li><li>prawn</li></ol>
Krankenhuus|Krankenhüser|Krankenhüüs	<i>noun</i><br><ol><li>hospital</li></ol>
Krefft|Krefften	<i>noun</i><br><ol><li>crayfish</li><li>lobster</li></ol>
Kriiz	<i>noun</i><br><ol><li>(Low Prussian) Alternative form of Krüüz (cross).</li></ol>
Kropp|Kröpp	<i>noun</i><br><ol><li>crop (bird's craw)</li><li>goiter (goiter)</li></ol>
Krüüz|Krüzen	<i>noun</i><br><ol><li>(in several dialects) cross</li></ol>
Kujel	<i>noun</i><br><ol><li>(regional: Low Prussian) tame boar; breeding boar (Stammeber)</li><li>(regional: Low Prussian) swear word used at men</li><li>(regional: Low Prussian) opening in a drying stove (Darrofen) that allows to let off smoke</li><li>(regional: Low Prussian) big tiled stove in the room where flax is sorted out according to quality (Flachsbrachstube)</li></ol>
Kuukuuk|Kuukuuks	<i>noun</i><br><ol><li>cuckoo (bird)</li></ol>
Köken|Kökens	<i>noun</i><br><ol><li>kitchen</li><li>cooking; cuisine</li></ol>
Lake|Laak|Laken	<i>noun</i><br><ol><li>The small, naturally occurring outflow or drainage of a lowland or swamp</li></ol>
Lane|Laan|Lanen	<i>noun</i><br><ol><li>A narrow road or driveway</li><li>lane</li></ol>
Las	<i>noun</i><br><ol><li>(Low Prussian) salmon (fish)</li></ol>
Ledder|Ledders	<i>noun</i><br><ol><li>ladder</li></ol>
Leek	<i>noun</i><br><ol><li>(Low Prussian) spawn (eggs laid in the water by aquatic organisms)</li></ol>
Leevde	<i>noun</i><br><ol><li>love</li></ol>
Leewer	<i>noun</i><br><ol><li>(Low Prussian) liver (large organ that produces bile, including when regarded as food)</li></ol>
Leverke|Leverkes	<i>noun</i><br><ol><li>lark</li></ol>
Licht|Lichten	<i>noun</i><br><ol><li>light</li></ol>
Liekdoorn|Liekdöörn	<i>noun</i><br><ol><li>corn (callus on the foot)</li></ol>
Lien|Lienen	<i>noun</i><br><ol><li>line; cord</li></ol>
Lieve	<i>noun</i><br><ol><li>love</li></ol>
Liiw	<i>noun</i><br><ol><li>(in several dialects) life</li><li>(in several dialects, including Low Prussian) body</li><li>(in particular) the stomach, the belly; the abdomen, the trunk</li></ol>
Lock|Locken	<i>noun</i><br><ol><li>hole</li><li>opening</li></ol>
Loog|Logen	<i>noun</i><br><ol><li>position; place</li><li>town; township; village</li></ol>
Loov|has not been set	<i>noun</i><br><ol><li>leaf</li></ol>
Lorbas	<i>noun</i><br><ol><li>(especially in Low Prussian) coarse, boorish lout (especially if young or adolescent)</li></ol>
Luus|Lüüs	<i>noun</i><br><ol><li>louse (insect)</li></ol>
Längd|Längten|Längden|Längde|Längte	<i>noun</i><br><ol><li>length</li></ol>
Lögen|Lögens	<i>noun</i><br><ol><li>lie, falsehood</li></ol>
Lüttje|Lüttjen	<i>noun</i><br><ol><li>A little one</li><li>A baby</li></ol>
Lüüd	<i>noun</i><br><ol><li>(in many dialects, including Low Prussian) people</li></ol>
Maag|Magen	<i>noun</i><br><ol><li>(anatomy) stomach</li></ol>
Maan|Maanden	<i>name</i><br><ol><li>the Moon</li></ol><br><i>noun</i><br><ol><li>moon</li></ol>
Maandag|Maandaag	<i>noun</i><br><ol><li>Monday</li></ol>
Maddik|Maddiks	<i>noun</i><br><ol><li>earthworm, baitworm</li></ol>
Mage|Magen	<i>noun</i><br><ol><li>stomach</li></ol>
Mahn|Mahnen	<i>noun</i><br><ol><li>mane (hair)</li></ol>
Mann|Manns|Mannslüd|Mannslüüd	<i>noun</i><br><ol><li>(in many dialects, including Dithmarsisch, Low Prussian, Mecklenburgisch-Vorpommersch) man ((adult) male human)</li><li>(in many dialects, including Low Prussian) short for Ehmann: husband</li></ol>
Margell|Margellke|Marjell|Marjellke	<i>noun</i><br><ol><li>(Low Prussian) girl</li></ol>
Meddik|Meddiks	<i>noun</i><br><ol><li>earthworm, baitworm</li></ol>
Meev|Meven	<i>noun</i><br><ol><li>seagull, gull (bird family: Laridae)</li></ol>
Melk	<i>noun</i><br><ol><li>(in some dialects, including Low Prussian) milk</li></ol>
Merrweek	<i>noun</i><br><ol><li>(in some dialects) alternative form of Middeweek (Wednesday)</li></ol>
Mest|Mesten	<i>noun</i><br><ol><li>knife</li></ol>
Mett|Medden	<i>noun</i><br><ol><li>mince, minced meat</li><li>such meat, seasoned and eaten raw, usually on bread (a popular snack in Germany)</li><li>earthworm, baitworm</li></ol>
Meuv|Meuven	<i>noun</i><br><ol><li>seagull, gull (bird family: Laridae)</li></ol>
Middeweek|Medweek|Midweek|Middeweken|Middewääk	<i>noun</i><br><ol><li>(in several dialects) Wednesday</li></ol>
Miere|Mieren	<i>noun</i><br><ol><li>ant</li></ol>
Miskmöhlen|Miskmöhlens	<i>noun</i><br><ol><li>A mixer (machine, appliance)</li><li>A cement mixer</li></ol>
Moder	<i>noun</i><br><ol><li>(in many dialects, including Low Prussian, Münsterland) mother</li></ol>
Mood	<i>noun</i><br><ol><li>courage; bravery; boldness; heart</li></ol>
Moord|Moorden	<i>noun</i><br><ol><li>murder</li></ol>
Moss	<i>noun</i><br><ol><li>moss</li></ol>
Muck|Mucken	<i>noun</i><br><ol><li>drinking-cup</li></ol>
Mullworp|Mullworpen	<i>noun</i><br><ol><li>mole (a mammal of the taxonomic family Talpidae, within the order Insectivora)</li></ol>
Musterd	<i>noun</i><br><ol><li>mustard</li></ol>
Muul|Mulen	<i>noun</i><br><ol><li>mouth</li><li>muzzle</li></ol>
Muus|Müüs	<i>noun</i><br><ol><li>mouse, Mus musculus</li><li>mouse (computing)</li></ol>
Muusfalle|Muusfallen	<i>noun</i><br><ol><li>mousetrap</li></ol>
Muustrappe|Muustrapp|Muustrappen	<i>noun</i><br><ol><li>mousetrap</li></ol>
Mål	<i>noun</i><br><ol><li>time (as in the first time; many times)</li></ol>
Mödweek	<i>noun</i><br><ol><li>(Low Prussian) alternative form of Middeweek (Wednesday)</li></ol>
Mörgen	<i>noun</i><br><ol><li>morning</li></ol>
Mööv|Möven	<i>noun</i><br><ol><li>seagull, gull (bird family: Laridae)</li></ol>
Mügge|Müggen|Mügg	<i>noun</i><br><ol><li>mosquito</li><li>midge; fly (insect)</li></ol>
Naam|Naams|Namen	<i>noun</i><br><ol><li>name</li></ol>
Naber|Nabers	<i>noun</i><br><ol><li>neighbour</li></ol>
Nack|Nacken	<i>noun</i><br><ol><li>(anatomy) neck, especially the nape of the neck</li></ol>
Nahd|Nahden	<i>noun</i><br><ol><li>seam; stitch</li></ol>
Narr|Narren	<i>noun</i><br><ol><li>fool</li></ol>
Natschoon|Natschonen	<i>noun</i><br><ol><li>nation</li></ol>
Nedderlaag|Nedderlagen	<i>noun</i><br><ol><li>defeat</li></ol>
Neev|Neven	<i>noun</i><br><ol><li>nephew</li></ol>
Nied	<i>noun</i><br><ol><li>jealousy; envy</li></ol>
Noot|Nööt	<i>noun</i><br><ol><li>need, imminence</li><li>necessity, poverty</li><li>emergency, crisis</li></ol>
Nootdokter|Nootdokterinnen|Nootdokterschen|Nootdoktersche|Nootdoktersch|Nootdokterin|Nootdokters	<i>noun</i><br><ol><li>(male) emergency physician (emergency doctor)</li></ol>
Nootdokterin|Nootdokterinnen|Nootdokterschen|Nootdoktersche|Nootdoktersch|Nootdokter|Nootdokters	<i>noun</i><br><ol><li>(female) emergency physician (emergency doctor)</li></ol>
Nootdoktersch|Nootdokterinnen|Nootdokterschen|Nootdoktersche|Nootdokter|Nootdokterin|Nootdokters	<i>noun</i><br><ol><li>(female) emergency physician (emergency doctor)</li></ol>
Nootdoktersche|Nootdokterinnen|Nootdokterschen|Nootdoktersch|Nootdokter|Nootdokterin|Nootdokters	<i>noun</i><br><ol><li>(female) emergency physician (emergency doctor)</li></ol>
Odeboor|Odeboors	<i>noun</i><br><ol><li>stork</li></ol>
Offall|Offallen	<i>noun</i><br><ol><li>offal, waste</li></ol>
Oller	<i>noun</i><br><ol><li>age</li><li>old age; eld</li><li>seniority</li></ol>
Oodboor|Oodboors	<i>noun</i><br><ol><li>stork</li></ol>
Oodler|Oodlers	<i>noun</i><br><ol><li>(in some dialects) Alternative form of Aadler (eagle (Aquila)).</li></ol>
Ooglidd|Oogleden	<i>noun</i><br><ol><li>eyelid</li></ol>
Ool|Ööle|Olen	<i>noun</i><br><ol><li>(Paderbornisch) Alternative form of Aal</li></ol>
Oost|Oosten|Ööst	<i>noun</i><br><ol><li>A knot in a tree; burl</li><li>A knothole</li></ol>
Opgaav|Övergaven	<i>noun</i><br><ol><li>exercise, assignment</li><li>challenge</li><li>duty, job</li></ol>
Padd|Paden|Padden	<i>noun</i><br><ol><li>path</li></ol>
Padde|has not been set	<i>noun</i><br><ol><li>toad</li></ol>
Pageluun|Pageluuns	<i>noun</i><br><ol><li>peacock</li><li>peafowl</li></ol>
Pau|Paus	<i>noun</i><br><ol><li>peacock</li><li>peafowl</li></ol>
Pauluun|Paulunen	<i>noun</i><br><ol><li>peacock</li><li>peafowl</li></ol>
Peerd|Peer	<i>noun</i><br><ol><li>(in some dialects, including Low Prussian) horse (hoofed mammal)</li></ol>
Personen	<i>noun</i><br><ol><li>persons</li></ol>
Pierd|Pier	<i>noun</i><br><ol><li>(in some dialects) Alternative form of Peerd: “horse”</li></ol>
Piärd|Piärre|Piärde|Piäre|Piär	<i>noun</i><br><ol><li>(Westphalian) horse; regional form of Peerd</li></ol>
Platin|has not been set	<i>noun</i><br><ol><li>platinum</li></ol>
Plöttje|Plöttjes	<i>noun</i><br><ol><li>shard</li></ol>
Pogge|Poggen	<i>noun</i><br><ol><li>a frog or toad</li></ol>
Pöhl|Pöhlen	<i>noun</i><br><ol><li>pad, pillow, cushion</li></ol>
Quaad|has not been set|Quaden	<i>noun</i><br><ol><li>dirt; filth; muck; grime</li><li>evil; bad; wickedness</li><li>plague; scourge</li><li>A wrongdoer</li><li>The Devil</li></ol>
Quecksülver	<i>noun</i><br><ol><li>mercury, quicksilver (chemical element, Hg)</li></ol>
Quicksülver	<i>noun</i><br><ol><li>(chemistry) mercury; quicksilver</li></ol>
Raadsel|Raadsels	<i>noun</i><br><ol><li>riddle, puzzle, enigma</li></ol>
Raak|Raken	<i>noun</i><br><ol><li>firestick; poker</li></ol>
Raav|Roven|Roov|Raven	<i>noun</i><br><ol><li>raven (bird)</li></ol>
Raduun	<i>noun</i><br><ol><li>swampy, wet area of a field</li></ol>
Reem|Reems|Remen	<i>noun</i><br><ol><li>strap</li><li>belt</li></ol>
Reep|Repen	<i>noun</i><br><ol><li>rope</li></ol>
Regendrüpp|Regendrüppen	<i>noun</i><br><ol><li>raindrop</li></ol>
Reiger|Reigers	<i>noun</i><br><ol><li>heron</li></ol>
Republik|Republiken	<i>noun</i><br><ol><li>republic</li></ol>
Riekdoom	<i>noun</i><br><ol><li>wealth; riches; affluence</li></ol>
Ries|Riesen	<i>noun</i><br><ol><li>twig</li><li>shoot; sprout</li><li>panicle</li><li>giant</li><li>rice (cereal, grain)</li></ol>
Riool|Riolen	<i>noun</i><br><ol><li>shelf, shelving, bookcase, rack</li></ol>
Rook|Roken	<i>noun</i><br><ol><li>raven (bird)</li><li>smoke</li></ol>
Ruum|Rüüm	<i>noun</i><br><ol><li>space</li></ol>
Ruumschipp|Ruumscheep|Ruumschääp	<i>noun</i><br><ol><li>spaceship</li></ol>
Rögen	<i>noun</i><br><ol><li>The eggs of fish; roe</li></ol>
Rööd|Röden	<i>noun</i><br><ol><li>dog (i.e. male dog or he-dog)</li><li>dog (canine animal)</li><li>castrated dog</li></ol>
Rügge|Rüggen	<i>noun</i><br><ol><li>(anatomy) back</li><li>(anatomy) spine</li></ol>
Rüst	<i>noun</i><br><ol><li>rest</li></ol>
Ręgen|Regen	<i>noun</i><br><ol><li>(Mecklenburgisch, Western Pomeranian) rain</li></ol>
Sadel|Sadels	<i>noun</i><br><ol><li>saddle</li></ol>
Sangbook|Sangboken	<i>noun</i><br><ol><li>songbook</li><li>hymnbook; hymnal</li></ol>
Saterdag|Saterdaag	<i>noun</i><br><ol><li>Saturday</li></ol>
Schaam	<i>noun</i><br><ol><li>shame, shamefacedness (not in the sense of disgrace)</li></ol>
Schaap	<i>noun</i><br><ol><li>sheep</li></ol>
Schaar|has not been set	
Schacht|Skacht	<i>noun</i><br><ol><li>(in several dialects, including Low Prussian) a shaft, a pole to which something is attached</li><li>(in some dialects, including Low Prussian) a stalk (e.g. a beanstalk)</li><li>(in some dialects, including Low Prussian) a cane, a stick</li><li>(in several dialects, including Low Prussian, by extension, used without article) a beating</li><li>(in several dialects) a shaft, a tunnel driven vertically into the ground</li><li>(in several dialects, including Low Prussian) a bootleg, the part of a boot which covers the shin and calf</li></ol>
Schakel|Schakels	<i>noun</i><br><ol><li>chainlink</li><li>connecting piece</li></ol>
Scharre|has not been set|Scharren|Scharr	<i>noun</i><br><ol><li>shadow; shade</li></ol>
Schatt|Schatten	<i>noun</i><br><ol><li>treasure; hoard</li><li>darling; sweetheart</li></ol>
Scheper|Schepers	<i>noun</i><br><ol><li>shepherd</li></ol>
Schiet	<i>noun</i><br><ol><li>mud</li><li>dirt</li><li>shit (excrement)</li></ol>
Schietbüdel|Schietbüdels	<i>noun</i><br><ol><li>(endearing) baby (or young child still) in diapers</li></ol>
Schipp|Schippen|Schęp|Schääp|Schüpp|Schipps|Schiëpe|Schäp|Scheep|Schepp|Schäp'|Schep|Schepen|Schäpe|Schȩp	<i>noun</i><br><ol><li>ship</li></ol>
Schoh|Schöh	<i>noun</i><br><ol><li>shoe</li></ol>
School|Scholen	<i>noun</i><br><ol><li>school (an institution for educating children.)</li></ol>
Schuum	<i>noun</i><br><ol><li>foam; froth</li></ol>
Schæper	<i>noun</i><br><ol><li>(Märkisch) shepherd</li></ol>
See|Seen	<i>noun</i><br><ol><li>a lake</li><li>sea, ocean</li><li>sea, sea condition, swell</li></ol>
Seel|Selen	<i>noun</i><br><ol><li>soul</li></ol>
Seep|Sepen	<i>noun</i><br><ol><li>soap</li></ol>
Seeß|Seßen	<i>noun</i><br><ol><li>a scythe</li></ol>
Segge|Seggen	<i>noun</i><br><ol><li>sedge (reed)</li><li>saying</li><li>fairytale; myth; fable</li></ol>
Seken	<i>noun</i><br><ol><li>female (of an animal)</li></ol>
Sellskupp|Sellskuppen	<i>noun</i><br><ol><li>society; fellowship; community</li></ol>
Silvermeev|Silvermeven	<i>noun</i><br><ol><li>(European) herring gull, Larus argentatus</li></ol>
Siëge|Siëgen	<i>noun</i><br><ol><li>(Westphalian) goat; regional form of Zeeg</li></ol>
Slacke|Slacken	<i>noun</i><br><ol><li>snail</li></ol>
Slötel|Slötels	<i>noun</i><br><ol><li>key</li></ol>
Smidd|Smeden	<i>noun</i><br><ol><li>smith; blacksmith</li></ol>
Smook|has not been set	<i>noun</i><br><ol><li>smoke; vapour; fumes</li></ol>
Smöker|Smökers	<i>noun</i><br><ol><li>One who smokes, smoker.</li></ol>
Snaar|Snaren	<i>noun</i><br><ol><li>string; chord</li></ol>
Snake|Snaak|Snaken	<i>noun</i><br><ol><li>snake</li></ol>
Snurrbaart|Snurrbaarten	<i>noun</i><br><ol><li>(anatomy) moustache</li></ol>
Sommerlott|Sommerlotten	<i>noun</i><br><ol><li>butterfly (insect)</li></ol>
Sommervagel|Sommervagels	<i>noun</i><br><ol><li>butterfly (insect)</li></ol>
Sood|Soden	<i>noun</i><br><ol><li>A well</li><li>A pit</li></ol>
Soot	<i>noun</i><br><ol><li>soot</li></ol>
Sopp|Soppen	<i>noun</i><br><ol><li>broth, soup</li></ol>
Spaa|Spaden	<i>noun</i><br><ol><li>spade</li></ol>
Spegel|Spegels	<i>noun</i><br><ol><li>mirror</li></ol>
Spitt|Spitten	<i>noun</i><br><ol><li>spear; pike</li><li>spike</li><li>skewer; spit</li></ol>
Spood	<i>noun</i><br><ol><li>haste</li><li>eagerness</li><li>a favourable outcome; success</li></ol>
Spoon|Sponen	<i>noun</i><br><ol><li>(of wood) chip; flake</li><li>splinter</li></ol>
Spraak|Spraken|Spraaken	<i>noun</i><br><ol><li>(in some dialects, including East Frisian) language; speech</li></ol>
Spreker|Sprekers	<i>noun</i><br><ol><li>One who speaks; speaker</li><li>Orator; lecturer</li></ol>
Spröök|Spröken	<i>noun</i><br><ol><li>a saying, maxim, adage, saw</li><li>a quote</li></ol>
Spröökje|Spröökjes	<i>noun</i><br><ol><li>A little saying, proverb; motto, slogan</li></ol>
Spöök|Spöken	<i>noun</i><br><ol><li>ghost</li><li>a haggard, old person</li></ol>
Staff|Stääv	<i>noun</i><br><ol><li>staff, stick, rod</li><li>staff, employees</li></ol>
Stank|has not been set	<i>noun</i><br><ol><li>stink; stench; smell</li></ol>
Stee|Steden	<i>noun</i><br><ol><li>place; spot; position; location</li></ol>
Steen|Stenen	<i>noun</i><br><ol><li>stone</li></ol>
Steiger|Steigers	<i>noun</i><br><ol><li>a framework; scaffold; trestle</li><li>scaffolding</li></ol>
Stevel	<i>noun</i><br><ol><li>boot</li></ol>
Stohl|Stohlen	<i>noun</i><br><ol><li>chair</li></ol>
Stoork|Stoorken	<i>noun</i><br><ol><li>stork</li></ol>
Stork|Störk	<i>noun</i><br><ol><li>stork</li></ol>
Straat|Straten	<i>noun</i><br><ol><li>street</li></ol>
Stroom|Strööm	<i>noun</i><br><ol><li>stream (large river)</li><li>stream; current</li><li>(physics, uncountable) electric current; electricity</li><li>(uncountable) electricity (electric power)</li><li>A large river.</li></ol>
Strunt	<i>noun</i><br><ol><li>dirt</li><li>anything useless or worthless, crap</li><li>garbage, trash</li></ol>
Stävel	<i>noun</i><br><ol><li>boot</li></ol>
Stöör|Stören	<i>noun</i><br><ol><li>sturgeon</li></ol>
Sump|Sumpen	<i>noun</i><br><ol><li>swamp</li></ol>
Swaan|Swaans|Swään	<i>noun</i><br><ol><li>swan (bird, waterfowl)</li></ol>
Swerin	<i>name</i><br><ol><li>(Mecklenburgisch, Western Pomeranian) Schwerin (a city in Mecklenburg-Vorpommern, Germany)</li></ol>
Swoon|Swoons|Swään	<i>noun</i><br><ol><li>swan (bird, waterfowl)</li></ol>
Söhn|Söhnen|Söhns	<i>noun</i><br><ol><li>son</li></ol>
Söög|Sögen	<i>noun</i><br><ol><li>sow (female pig)</li></ol>
Söögdeert|Söögdeerten	<i>noun</i><br><ol><li>mammal</li></ol>
Sücht|Süchten	<i>noun</i><br><ol><li>addiction; obsession</li></ol>
Sükenhuus|Sükenhüser|Sükenhüüs	<i>noun</i><br><ol><li>hospital</li></ol>
Sülver	<i>noun</i><br><ol><li>silver (chemical element, Ag)</li><li>silver (color)</li></ol>
Sülvermööv|Sülvermöven	<i>noun</i><br><ol><li>(European) herring gull, Larus argentatus</li></ol>
Sünn|Sünnen|Sünne	<i>name</i><br><ol><li>The Sun</li></ol><br><i>noun</i><br><ol><li>A sun</li></ol>
Sünndag|Sünndaag	<i>noun</i><br><ol><li>Sunday</li></ol>
Sünner|Sünners	<i>noun</i><br><ol><li>sinner</li></ol>
Süster|Süstern	<i>noun</i><br><ol><li>sister</li></ol>
Süükhuus|Süükhüser|Süükhüüs	<i>noun</i><br><ol><li>hospital</li></ol>
Taal|Talen	<i>noun</i><br><ol><li>(in some dialects, including East Frisian) language</li></ol>
Tahl|Tallen|Tahlen|Tall	<i>noun</i><br><ol><li>number; numeral; figure</li></ol>
Task|Taske|Tasken	<i>noun</i><br><ol><li>bag; purse; pouch</li><li>pocket</li></ol>
Teev|Teven	<i>noun</i><br><ol><li>female dog, bitch, she-dog</li><li>(Eastphalia) dog in general</li></ol>
Teken|Tekens	<i>noun</i><br><ol><li>sign; signal</li><li>marker</li><li>symbol</li></ol>
Teller|Tellers	<i>noun</i><br><ol><li>plate; dinner plate</li></ol>
Tharaw	<i>name</i><br><ol><li>(Samlandic Low Prussian) Tharau (a village in the historical region of East Prussia, today in Kaliningrad Oblast, Russia; modern Vladimorovo)</li></ol>
Tinn	<i>noun</i><br><ol><li>tin</li></ol>
Tinne|Tinnen	<i>noun</i><br><ol><li>prong, tine</li><li>tenon</li></ol>
Titt|Titten	<i>noun</i><br><ol><li>teat, tit</li></ol>
Toom|Tomen	<i>noun</i><br><ol><li>bridle</li></ol>
Toorn|Toren|Toorns|Torens	<i>noun</i><br><ol><li>tower</li></ol>
Toorntje|Toorntjes	<i>noun</i><br><ol><li>turret</li></ol>
Traan|Tranen	<i>noun</i><br><ol><li>tear (in one's eye)</li></ol>
Troost	<i>noun</i><br><ol><li>consolation; comfort</li></ol>
Tung|Tungen	<i>noun</i><br><ol><li>tongue</li></ol>
Tuun|Tuuns	<i>noun</i><br><ol><li>(in several dialects, including Low Prussian) fence</li></ol>
Twennel|Twennels	<i>noun</i><br><ol><li>twin</li></ol>
Twieg|Twiegen	<i>noun</i><br><ol><li>branch; twig</li></ol>
Tyt|Tyhen	<i>noun</i><br><ol><li>(Paderbornisch) time</li></ol>
Täuverer|Täuverers	<i>noun</i><br><ol><li>(male) magician, wizard, sorcerer</li></ol>
Undeer|Underen	<i>noun</i><br><ol><li>beast</li><li>monster</li></ol>
Ungood	<i>noun</i><br><ol><li>bad; evil</li></ol>
Unweer	<i>noun</i><br><ol><li>bad weather; tempest; storm; unweather</li></ol>
Upstieg|Upstiegen	<i>noun</i><br><ol><li>An upward climb, an ascent</li><li>Ascension</li></ol>
Ur|has not been set|Urs|Uhr|Uren	<i>noun</i><br><ol><li>Mecklenburgisch and Western Pomeranian form of Or (“ear”)</li><li>aurochs</li></ol>
Uul|Ulen	<i>noun</i><br><ol><li>owl (Strigiformes)</li><li>brush (broom)</li></ol>
Vader|Vaders	<i>noun</i><br><ol><li>(in many dialects, including Low Prussian) father</li></ol>
Vagel|Vagels	<i>noun</i><br><ol><li>bird</li></ol>
Veeh	<i>noun</i><br><ol><li>livestock; cattle</li></ol>
Vigelien|Vigelienen	<i>noun</i><br><ol><li>violin</li></ol>
Voss|Vossen|Vöss	<i>noun</i><br><ol><li>fox</li></ol>
Vörhamer|Vörhamers	<i>noun</i><br><ol><li>sledgehammer</li></ol>
Vörkopp|Vörkoppen	<i>noun</i><br><ol><li>(anatomy) forehead</li></ol>
Vörloop|Vörlopen	<i>noun</i><br><ol><li>forerunner; leader</li><li>face</li><li>bad omen</li></ol>
Waalfisk|Waalfisken	<i>noun</i><br><ol><li>whale, whalefish (cetacean)</li></ol>
Waart|Waarten	<i>noun</i><br><ol><li>(anatomy) Wart.</li></ol>
Wahrheid|Wahrheiden	<i>noun</i><br><ol><li>truth</li></ol>
Wark|Warken	<i>noun</i><br><ol><li>work; act; deed; works</li><li>that which is made; product</li><li>that whereby a thing is made; mechanism</li><li>a factory; plant</li></ol>
Warmte|Warmt	<i>noun</i><br><ol><li>warmth</li></ol>
Warvel|Warvels	<i>noun</i><br><ol><li>vertebra</li></ol>
Warwulf|Warwülwen	<i>noun</i><br><ol><li>werewolf</li></ol>
Wass|has not been set	<i>noun</i><br><ol><li>wax</li></ol>
Water|Waters|Woter|Woters	<i>noun</i><br><ol><li>(in most dialects, including Low Prussian) water (H₂O)</li></ol>
Waterpool|Waterpolen	<i>noun</i><br><ol><li>A pool of water; puddle</li></ol>
Weed|has not been set	<i>noun</i><br><ol><li>weed</li></ol>
Week|Weken	<i>noun</i><br><ol><li>week</li></ol>
Weel|Welen	<i>noun</i><br><ol><li>spinning wheel</li></ol>
Weet	<i>noun</i><br><ol><li>knowledge</li><li>idea; notion</li><li>inkling; suspicion</li></ol>
Wei	<i>noun</i><br><ol><li>whey</li></ol>
Weite	<i>noun</i><br><ol><li>wheat</li></ol>
Welle|Wellen	<i>noun</i><br><ol><li>A well; fountain; spring</li></ol>
Wepse|Wepsen|Weps	<i>noun</i><br><ol><li>wasp</li></ol>
Wereld|Werelden	<i>noun</i><br><ol><li>world</li></ol>
Wettsteen|Wettstenen	<i>noun</i><br><ol><li>whetstone; grindstone</li></ol>
Wier|Wieren	<i>noun</i><br><ol><li>wire</li><li>fence</li></ol>
Wiev|Wieven	<i>noun</i><br><ol><li>woman</li><li>wife</li><li>female</li></ol>
Wildernis	<i>noun</i><br><ol><li>wilderness</li></ol>
Wind|Winn|Winnen	<i>noun</i><br><ol><li>wind; the movement of air usually caused by convection or differences of air pressure</li></ol>
Winner|Winnerinnen|Winnerin|Winners	<i>noun</i><br><ol><li>winner m</li></ol>
Winnerin|Winnerinnen|Winners|Winner	<i>noun</i><br><ol><li>winner f</li></ol>
Woold|Woolden	<i>noun</i><br><ol><li>(in many dialects, including Low Prussian) wood, forest</li></ol><br><i>name</i><br><ol><li>A mighty being, identified by scholars with Woden.</li></ol>
Woolt	<i>noun</i><br><ol><li>(in many dialects, including Low Prussian) Alternative form of Woold</li></ol>
Woonsdag|Woonsdaag	<i>noun</i><br><ol><li>Wednesday</li></ol>
Woord|Woorden	<i>noun</i><br><ol><li>word</li></ol>
Woort|Weur|Woorten|Woorden|Weerder|Wöör	<i>noun</i><br><ol><li>(in most dialects, including Low Prussian) word</li><li>drake (male duck)</li><li>wart</li></ol>
Worm|Wörm	<i>noun</i><br><ol><li>worm (animal)</li></ol>
Wrist|Wristen	<i>noun</i><br><ol><li>(anatomy) wrist</li></ol>
Wulf|Wülv|Wülf	<i>noun</i><br><ol><li>wolf (canine)</li></ol>
Wull|Wulle|Wullen	<i>noun</i><br><ol><li>wool</li></ol>
Wust|Wüst	<i>noun</i><br><ol><li>sausage</li></ol>
Wöörbook|Wöörböker|Woordenbook|Woordenboken|Woordenböker	<i>noun</i><br><ol><li>dictionary</li></ol>
Zeeg|Zegen	<i>noun</i><br><ol><li>(in some dialects) goat</li><li>(in some dialects) she-goat, female goat, nanny goat, nanny</li></ol>
Zegenbuck|Zegenbück	<i>noun</i><br><ol><li>he-goat, male goat, billy goat, billy</li></ol>
aabel|aabels	<i>noun</i><br><ol><li>(East Pomeranian) drake (male duck)</li></ol>
acht	<i>num</i><br><ol><li>(in many dialects, including East Pomeranian, Low Prussian) eight (8)</li><li>(East Pomeranian in Brazil) eighth (8th)</li></ol>
adjüs	<i>intj</i><br><ol><li>(in many dialects) bye</li></ol>
afkedde	<i>verb</i><br><ol><li>(eastern Low Prussian) Alternative form of afkedden (“unchain”)</li><li>(eastern Low Prussian) Alternative form of afkedden (“cast off”)</li></ol>
ain|air	<i>article</i><br><ol><li>(East Pomeranian in Brazil) a, an</li></ol><br><i>num</i><br><ol><li>(East Pomeranian in Brazil) one</li></ol>
aisen|aistes|aistest|aisend|aiste|aise|eaiset|aises|geaiset|aisest|aisten|aiset	<i>verb</i><br><ol><li>(transitive, Westphalian) to cause to feel dread</li></ol>
aisig|aisiger|aisigst	<i>adj</i><br><ol><li>eerie, gruesome</li><li>being easily scared</li></ol>
aisk	<i>adj</i><br><ol><li>(Westphalian) Alternative form of aiwisk</li></ol>
aislik|aisliker|aislikest	<i>adj</i><br><ol><li>horrible, gruesome</li><li>ugly</li></ol>
aiwisk|aiwiskest|aiwisker	<i>adj</i><br><ol><li>ugly</li><li>disgraced</li></ol>
alleen	<i>adj</i><br><ol><li>(in several dialects, including Low Prussian) alone (solitary)</li></ol><br><i>adv</i><br><ol><li>(in several dialects, including Low Prussian) alone (solo)</li><li>(in several dialects, including Low Prussian) alone (without the help of others)</li></ol>
awer	<i>conj</i><br><ol><li>(Low Prussian) but</li><li>(Low Prussian) or</li></ol>
beför	<i>conj</i><br><ol><li>(in some dialects) before</li></ol>
benne	<i>adv</i><br><ol><li>(in some dialects, including Low Prussian) inside</li></ol>
besig	<i>adj</i><br><ol><li>busy; engaged in activity; occupied</li></ol>
binnen|bunn|binnt|binnst|binns|bunnen|bunnst|binn|gebunnen|bunns|ebunnen	<i>verb</i><br><ol><li>To bind, tie.</li></ol>
blaag|blag	<i>adj</i><br><ol><li>(in several dialects) blue</li></ol>
blind|allens blinner|keen blinnen|he is blind|en blinnen|keen blinnern|se sünd blind|en blinnste|he is de Blinnste|den blinnern|dat blinne|en blinnern|den blinnsten|blinnen|de blinnern|dat is dat Blinnste|he is blinner|blinnst|en blinne|een blinners|een Blinns|dat is blind|se is blinner|dat blinnere|se is de Blinnste|en blinnst|blinnste|blinnern|se sünd blinner|en blinner|keen blinnsten|wat Blinns|den blinnen|de blinnere|se sünd de Blinnsten|de blinnste|dat blinnste|de blinnsten|blinnsten|en blinnsten|de blinne|blinne|blinnet|de blinnen|se is blind|en blind|dat is blinner|blinnere|allens Blinn|en blinnere|blinner|wat blinners	<i>adj</i><br><ol><li>blind</li></ol>
braiw|braiws	<i>noun</i><br><ol><li>(East Pomeranian in Brazil) letter</li></ol>
bruud|bruuds	<i>noun</i><br><ol><li>(East Pomeranian in Brazil) girlfriend</li><li>(East Pomeranian in Brazil) bride</li></ol>
bruun|brun	<i>adj</i><br><ol><li>(in several dialects) brown</li></ol>
brülåp|brülåpa	<i>noun</i><br><ol><li>(East Pomeranian in Brazil) guariba (any of several South American howler monkeys with prehensile tails)</li></ol>
böhren|böhren|böhre|eböhrt|böhrs|böhr|böhrt|böhrst|geböhrt	<i>verb</i><br><ol><li>to lift, raise</li><li>to carry, bear</li><li>to happen</li><li>to beseem</li></ol>
dai|dat	<i>article</i><br><ol><li>(East Pomeranian) the</li></ol><br><i>pron</i><br><ol><li>(East Pomeranian) (relative) who, that, which</li></ol>
darde	<i>adj</i><br><ol><li>third</li></ol>
dat	<i>article</i><br><ol><li>the</li></ol><br><i>adj</i><br><ol><li>(demonstrative) that</li></ol><br><i>conj</i><br><ol><li>that</li></ol><br><i>pron</i><br><ol><li>(demonstrative) that</li><li>(relative) which, that</li></ol>
den enen sien Uul is den annern sien Nachtigal	<i>proverb</i><br><ol><li>Everybody is attached to their own opinion, and hence one should be able to accept other opinions however absurd these may seem to one.</li></ol>
doof|de dövern|dat is dat Döövste|de dövere|de döövste|se sünd döver|de dove|se sünd de Döövsten|se sünd doof|keen doven|en dövern|he is doof|en doven|döövsten|een dövers|en döövst|een doovs|en dove|he is döver|se is döver|dat döövste|en dövere|den dövern|dövern|se is doof|en döövste|he is de Döövste|wat doovs|den doven|allens doov|allens döver|wat dövers|se is de Döövste|döövste|dat is döver|de döövsten|en döver|en döövsten|döver|dat is doof|döövst|keen dövern|keen döövsten|dövere|dat dove|doven|de doven|dat dövere|en doof|dove|den döövsten|dovet	<i>adj</i><br><ol><li>deaf, dumb (unable to speak)</li><li>stupid, dumb (not clever)</li></ol>
doot|se sünd de Döödsten|allens Dood|en döödst|allens döder|dat döödste|en dödern|de döödste|dödern|dat dödere|en doot|wat Doods|se is doot|keen doden|keen dödern|en döödsten|he is de Döödste|döödsten|een Doods|se is de Döödste|dat is doot|he is döder|keen döödsten|de dode|dat is döder|en doden|döder|den döödsten|een döders|de döödsten|en döödste|se sünd doot|döödste|de dödern|dodet|dödere|en döder|dat is dat Döödste|de doden|se is döder|döödst|de dödere|den dödern|den doden|dode|dat dode|se sünd döder|en dödere|he is doot|doden|en dode|wat döders	<i>adj</i><br><ol><li>dead</li></ol>
dow	<i>adj</i><br><ol><li>deaf</li><li>dumb (not clever)</li></ol>
draueln	<i>verb</i><br><ol><li>To dawdle, hesitate, delay.</li></ol>
drei	<i>num</i><br><ol><li>(Low Prussian, Münsterland) three (3)</li></ol>
dumm|dümmern|dümmste|en dummen|keen dümmsten|dat dumme|dümmere|wat dumms|allens dümmer|se sünd dumm|den dummen|dat is dumm|dümmer|dummet|de dümmere|en dümmer|dat is dat Dümmste|se is dumm|de dümmsten|en dümmsten|dat dümmere|dat dümmste|keen dümmern|en dumm|dümmsten|dumme|en dümmste|wat dümmers|een dümmers|en dümmere|dat is dümmer|dümmst|de dumme|en dümmst|den dümmern|he is dümmer|den dümmsten|een dumms|se is dümmer|de dummen|keen dummen|allens dumm|se sünd dümmer|se is de Dümmste|en dumme|he is de Dümmste|en dümmern|de dümmste|dummen|se sünd de Dümmsten|de dümmern|he is dumm	<i>adj</i><br><ol><li>dumb, silent, mute</li><li>dumb, stupid</li></ol>
dusselig	<i>adj</i><br><ol><li>numb; dazed</li><li>dizzy; lightheaded</li><li>groggy; drowsy</li><li>dimwitted</li></ol>
dääglich|dääglichsten|dat däägliche|de dääglichere|dääglichere|de dääglichern|dat is dääglicher|de dääglichste|dääglichen|dat is dat Dääglichste|den dääglichern|wat dääglichers|dääglichst|keen dääglichen|en dääglicher|dääglichste|dat dääglichste|en dääglichere|en dääglichern|se sünd dääglich|dat is dääglich|wat Dääglichs|en däägliche|en dääglichst|däägliche|dääglichern|he is de Dääglichste|de dääglichsten|se sünd dääglicher|dääglicher|se is dääglicher|en dääglich|se is de Dääglichste|en dääglichen|keen dääglichsten|allens dääglicher|en dääglichste|keen dääglichern|he is dääglich|den dääglichen|se sünd de Dääglichsten|een dääglichers|de dääglichen|een Dääglichs|en dääglichsten|den dääglichsten|se is dääglich|dat dääglichere|dääglichet|allens Dääglich|he is dääglicher|de däägliche	<i>adj</i><br><ol><li>daily</li></ol><br><i>adv</i><br><ol><li>daily</li></ol>
düster	<i>adj</i><br><ol><li>dark, obscure</li><li>cheerless, melancholy, somber</li><li>of no good intention, evil</li></ol>
düüster|de düüsterere|düüsterern|keen düüsteren|düüsterere|keen düüstersten|düüsteren|en düüstersten|en düüsterer|he is düüsterer|he is de Düüsterste|een düüsters|en düüster|düüsteret|se is düüsterer|en düüsterere|de düüstere|en düüstere|keen düüsterern|düüsterder|den düüsterern|se sünd de Düüstersten|dat düüsterere|düüsterer|de düüsteren|den düüsteren|en düüsteren|allens düüsterer|se is de Düüsterste|de düüsterste|düüstersten|den düüstersten|düüsterste|düüstere|dat is düüsterer|se is düüster|dat düüstere|wat düüsters|allens düüster|he is düüster|en düüsterern|dat is dat Düüsterste|de düüstersten|se sünd düüsterer|een düüsterers|en düüsterst|dat düüsterste|dat is düüster|de düüsterern|wat düüsterers|düüsterst|se sünd düüster|en düüsterste	<i>adj</i><br><ol><li>dark, obscure</li><li>cheerless, melancholy, somber</li><li>of no good intention, evil</li></ol>
eck	<i>pron</i><br><ol><li>(Low Prussian) Alternative form of öck</li></ol>
eend|eenda	<i>noun</i><br><ol><li>(East Pomeranian) duck</li></ol>
elf	<i>num</i><br><ol><li>eleven</li></ol>
en|ne|ein	<i>article</i><br><ol><li>(in some dialects) a, an</li></ol><br><i>num</i><br><ol><li>(in some dialects, including Low Prussian) one (1)</li></ol>
fiev|fief	<i>num</i><br><ol><li>five (5)</li></ol>
friewen|freews|friew|friffst|frewen|friff|freew|gefrewen|friewt|freewst|frifft|efrewen|friffs	<i>verb</i><br><ol><li>(Westphalian) Alternative form of riewen (“to rub, chafe; to grate”)</li></ol>
frömd	<i>adj</i><br><ol><li>strange</li><li>foreign</li></ol>
funkeln	<i>verb</i><br><ol><li>to sparkle</li></ol>
fîf	<i>num</i><br><ol><li>(Low Prussian) Alternative form of fiev (five)</li></ol>
föden	<i>verb</i><br><ol><li>to feed</li><li>to nurture; raise; bring up</li></ol>
föhlen	<i>verb</i><br><ol><li>To feel</li></ol>
för	<i>prep</i><br><ol><li>(in some dialects, including East Frisian) for</li><li>(in some dialects) in front of</li></ol>
fördem|vördem	<i>conj</i><br><ol><li>(in some dialects) before</li></ol><br><i>adv</i><br><ol><li>(in some dialects) previously</li></ol>
fördęm|vördęm	<i>conj</i><br><ol><li>(Mecklenburgisch, Western Pomeranian) Alternative form of fördem : before</li></ol><br><i>adv</i><br><ol><li>(Mecklenburgisch, Western Pomeranian) Alternative form of fördem : previously</li></ol>
föödsaam|föödsaamste|föödsaamer	<i>adj</i><br><ol><li>nourishing; nutritious</li></ol>
füwtain	<i>num</i><br><ol><li>(Münsterland, rare) fifteen</li></ol>
füür|has not been set	<i>noun</i><br><ol><li>(East Pomeranian) fire</li></ol>
gahn|gaht|geihs|gahen|gah|güngst|geiht|gegahn|güngs|güngen|egahn|geihst|gangen|geih|güng	<i>verb</i><br><ol><li>(intransitive) to go</li><li>(intransitive) to walk</li><li>(transitive) to walk (some distance); to go (usually) by foot</li><li>(intransitive) to leave</li><li>(intransitive) To lead (in a direction).</li><li>(intransitive) To proceed (well or poorly).</li><li>(impersonal, intransitive) to be going; to be alright; indicates how the oblique object fares</li><li>(auxiliary) Used to form the future tense of a verb, together with an infinitive.</li><li>(auxiliary) To start to, begin to, to be going to</li><li>(colloquial, intransitive) to be possible</li><li>(colloquial, intransitive) to work, to function (the verb warken is also used in that context)</li><li>(colloquial, intransitive) to be in progress; to last</li><li>(impersonal, intransitive, with “op” followed by a time) to approach; to be going (on some one)</li></ol>
gammelig|se sünd de Gammeligsten|dat gammeligere|dat is dat Gammeligste|de gammeligen|keen gammeligen|den gammeligen|gammeligern|gammeligen|he is de Gammeligste|dat is gammelig|en gammelig|den gammeligern|gammeliger|en gammeligern|gammeligst|den gammeligsten|keen gammeligern|se is gammeliger|en gammeliger|gammelige|en gammeligste|he is gammelig|een gammeligs|en gammeligst|keen gammeligsten|se is de Gammeligste|se is gammelig|en gammeligere|se sünd gammelig|de gammeligere|de gammeligste|dat is gammeliger|wat gammeligers|de gammeligern|allens gammeliger|en gammeligen|gammeligsten|gammeligste|dat gammeligste|se sünd gammeliger|allens gammelig|een gammeligers|dat gammelige|gammeligere|en gammeligsten|de gammelige|de gammeligsten|gammeliget|he is gammeliger|en gammelige|wat gammeligs	<i>adj</i><br><ol><li>shaky</li><li>old, ancient, grunge</li><li>rotten</li></ol>
gammlig|de gammligste|allens gammlig|de gammligern|he is gammlig|de gammlige|een gammligs|wat gammligs|keen gammligen|se sünd gammliger|de gammligsten|gammligst|gammliger|wat gammligers|de gammligen|se sünd gammlig|gammligere|dat is dat Gammligste|dat is gammliger|gammliget|gammligen|dat is gammlig|se is gammliger|he is gammliger|den gammligen|en gammligst|en gammligen|de gammligere|he is de Gammligste|den gammligsten|dat gammligere|allens gammliger|den gammligern|en gammliger|en gammligste|se is gammlig|keen gammligern|gammligste|gammligern|en gammligsten|dat gammligste|gammligsten|dat gammlige|keen gammligsten|en gammligern|en gammlige|se is de Gammligste|se sünd de Gammligsten|gammlige|en gammlig|en gammligere|een gammligers	<i>adj</i><br><ol><li>shaky</li><li>old, ancient, grunge</li><li>rotten</li></ol>
geel|gel	<i>adj</i><br><ol><li>(in several dialects, including Low Prussian) yellow</li></ol>
geelsnacken|geelsnack|snacken geel|geelsnackt|snackt geel|snack geel|snackst geel|geelsnackst	<i>verb</i><br><ol><li>to talk about uninteresting subjects, have a pointless talk</li><li>to talk in High German</li></ol>
giecheln	<i>verb</i><br><ol><li>to giggle</li></ol>
glieden|gleed|glied|gleden|gleeds|glidd|gleedst|gliddt|gegleden|egleden|gliedt|gliddst|glidds	<i>verb</i><br><ol><li>to glide</li></ol>
glieken|gleek|glick|glickt|egleken|gleekst|gliekt|gliek|gleeks|gegleken|gleken|glicks|glickst	<i>verb</i><br><ol><li>to resemble</li></ol>
goodkoop	<i>adj</i><br><ol><li>Of a good value or bargain; cheap; inexpensive; affordable</li><li>Of low quality or value; cheap; tacky</li></ol>
goot|se is goot|de goden|allens Good|den besten|betere|en betere|best|en beste|en best|en gode|keen besten|bȩter|allens beter|he is goot|se sünd beter|een beters|de beste|se sünd de Besten|he is beter|goden|beter|de gode|beste|en goot|een Goods|en goden|en besten|den goden|en beter|se is de Beste|he is de Beste|keen goden|betern|de betern|dat is dat Beste|dat is goot|dat beste|se sünd goot|wat Goods|wat beters|dat betere|en betern|keen betern|gode|den betern|got|godet|besten|se is beter|bäter|dat is beter|de betere|dat gode|de besten	<i>adj</i><br><ol><li>good</li></ol>
gootachten|gegootacht|egootacht|gootachts|gootachtst|gootachte|gootachtt|gootacht	<i>verb</i><br><ol><li>to report</li></ol>
grag|grager|gragst	<i>adj</i><br><ol><li>(Mecklenburgisch, Western Pomorania, Eastern Pomorania) grey</li></ol>
grau|allens grauer|de graue|en graue|dat is grau|grausten|se is grauer|grauern|den grauern|en grauer|een grauers|en grauen|grauen|een Graues|de grauern|keen grauen|se sünd grauer|en grauste|en grauern|dat graue|se is de Grauste|den grauen|se is grau|en grau|dat is dat Grauste|keen grauern|se sünd de Grausten|de grauste|de grausten|dat is grauer|grauere|grauste|den grausten|dat grauste|grauet|wat Graues|en grausten|keen grausten|he is grau|allens Graue|graust|de grauere|he is de Grauste|wat grauers|dat grauere|en grauere|de grauen|se sünd grau|en graust|he is grauer|graue|grauer	<i>adj</i><br><ol><li>grey</li></ol>
green|gren	<i>adj</i><br><ol><li>(Low Prussian) green</li></ol>
greun	<i>adj</i><br><ol><li>green</li></ol>
grienen|gegrient|griene|grien|egrient|griens|grienst|grient	<i>verb</i><br><ol><li>to smile</li></ol>
grifflachen|grifflach|grifflachst|grifflachs|gegrifflacht|grifflache|grifflacht|egrifflacht	<i>verb</i><br><ol><li>to smile</li><li>to smile or laugh for oneself</li><li>to laugh scornfully</li><li>to laugh gloatingly</li></ol>
gris	<i>adj</i><br><ol><li>(in some dialects) grey</li></ol>
grojen	<i>verb</i><br><ol><li>To become green</li><li>To thrive; flourish</li><li>To take hold; increase; grow</li></ol>
groot|een grötters|de gröttern|den gröttern|dat gröttere|en gröttern|en grote|se is groot|se sünd de Gröttsten|allens Groot|allens grötter|en groten|se is grötter|wat grötters|he is groot|en gröttsten|keen groten|gröttste|een Groots|grote|dat gröttste|gröttere|se sünd groot|den groten|dat is dat Gröttste|gröttern|de gröttste|en gröttst|se sünd grötter|wat Groots|en gröttste|gröttsten|en groot|de grote|en gröttere|keen gröttsten|gröttst|en grötter|dat is groot|de gröttsten|dat is grötter|grotet|keen gröttern|groten|dat grote|he is grötter|de gröttere|den gröttsten|grötter|he is de Gröttste|de groten|se is de Gröttste	<i>adj</i><br><ol><li>big, great</li><li>large</li><li>tall</li><li>adult</li></ol>
gräun	<i>adj</i><br><ol><li>(in some dialects) green</li></ol>
grön	<i>adj</i><br><ol><li>green</li></ol>
gröten	<i>verb</i><br><ol><li>To greet</li></ol>
gägenœwer	<i>prep</i><br><ol><li>opposite</li></ol>
gęl|gäl	<i>adj</i><br><ol><li>(Mecklenburgisch, Western Pomeranian) Alternative form of geel</li></ol>
hai	<i>pron</i><br><ol><li>(also Märkisch, Sauerländisch, East Pomeranian in Brazil) he</li></ol>
har de rǖe nich schēten, har he 'n hasen grēpen|har he 'n hasen grēpen|har de rǖe nich schēten	<i>proverb</i><br><ol><li>if my aunt had balls, she'd be my uncle; if pigs had wings they would fly</li></ol>
he|jüm|em|sin|en	<i>pron</i><br><ol><li>(in some dialects, including, Münsterland, Mecklenburgisch, Western Pomeranian and Low Prussian, personal) he (third-person singular masculine pronoun)</li></ol>
hebbe	<i>verb</i><br><ol><li>(eastern Low Prussian) Alternative form of hebben</li></ol>
hei|sin|en|em|ühm'|ühm|ühn|jüm|ühne|ne|iähne	<i>pron</i><br><ol><li>(in some dialects, including Mecklenburgisch, Western Pomeranian and Low Prussian, personal) Alternative form of he</li><li>(Paderbornisch, personal) he</li></ol>
hooch|dat is hooch|een Hoochs|dat hoge|se is höger|wat högers|dat högere|hööchst|en hööchsten|an'n hööchsten|en hööchst|se is hooch|höger|hööchste|de högern|hoget|hoge|dat is dat Hööchste|he is de Hööchste|wat Hoochs|he is höger|se sünd höger|en högern|den hogen|allens Hooch|en högere|he is hooch|en hööchste|hööchsten|den hööchsten|en höger|en hoge|dat is höger|keen högern|keen hogen|hogen|de hööchste|se sünd hooch|de hoge|een högers|den högern|en hogen|allens höger|dat hööchste|högere|de hogen|högern|se is de Hööchste|keen hööchsten|de högere|en hooch|de hööchsten|se sünd de Hööchsten	<i>adj</i><br><ol><li>high</li><li>tall</li></ol>
hüüt	<i>adv</i><br><ol><li>today</li></ol>
ik|iät|deu|jeu|van deune|diu|jiu|van meune|van iähre|van jiue|us|weu|van seune|hoi|van use|soi|meu|iähr|iähnen|iähne	<i>pron</i><br><ol><li>(most northern and western dialects) I (first person singular pronoun)</li></ol>
immer	<i>adv</i><br><ol><li>always; forever</li></ol>
insichtig	<i>adj</i><br><ol><li>Having insight, reasonable</li></ol>
jackeln|jackelen|jackel|jackele|jackels|gejackelt|jackelt|jackelst|ejackelt	<i>verb</i><br><ol><li>to rock</li><li>to swing</li><li>to wiggle</li></ol>
jagen|jaagt|gejaagt|jaagst|gejaggt|joogst|jaag|jaggt|jaggst|jogen|joog	<i>verb</i><br><ol><li>(intransitive) to hunt</li></ol>
keirl|keirls	<i>noun</i><br><ol><li>(East Pomeranian) man, guy</li><li>(East Pomeranian) husband</li></ol>
klook|de klökere|keen klööksten|klööksten|dat is klook|en klook|klöökste|en kloken|wat klökers|den klökern|klökern|se sünd klöker|dat is dat Klöökste|de klööksten|dat kloke|he is klöker|dat klökere|de kloken|en klöker|dat klöökste|en klökern|he is de Klöökste|den kloken|klöker|allens Klook|keen klökern|en klööksten|kloken|klöökst|de klöökste|se sünd klook|de klökern|se sünd de Klööksten|wat Klooks|se is de Klöökste|allens klöker|keen kloken|he is klook|se is klöker|en klökere|en kloke|klökere|kloke|kloket|en klöökst|se is klook|en klöökste|dat is klöker|den klööksten|een klökers|de kloke|een Klooks	<i>adj</i><br><ol><li>clever</li></ol>
kold|allens koll|keen kollen|en köllsten|en kolle|se sünd de Köllsten|en kold|se is kold|se is köller|den kollen|dat kolle|de kolle|een kolls|kollet|de kollen|se sünd kold|köllste|allens köller|en kollen|en köller|he is köller|dat köllere|wat kolls|dat is dat Köllste|keen köllern|se sünd köller|se is de Köllste|dat is köller|den köllern|köllsten|köller|he is kold|dat is kold|kollen|den köllsten|de köllste|de köllsten|wat köllers|en köllere|dat köllste|kolle|keen köllsten|de köllere|en köllern|de köllern|köllern|en köllst|köllst|he is de Köllste|en köllste|een köllers|köllere	<i>adj</i><br><ol><li>cold</li></ol>
kommodig|kommodiger|kommodigst	<i>adj</i><br><ol><li>comfortable, cozy, pleasant</li></ol>
kooscha	<i>adj</i><br><ol><li>(in some dialects, including Low Prussian) kosher : in accordance with Jewish religious practices</li><li>(in some dialects, including Low Prussian, by extension) kosher : good, acceptable; in accordance with standard practice</li></ol>
kriegen|kreegst|kriggs|ekregen|krigg|kriegt|gekregen|kregen|kriggt|kreegs|kriggst|kreeg|krieg	<i>verb</i><br><ol><li>to get</li><li>to catch</li><li>to come down with</li></ol>
krieten	<i>verb</i><br><ol><li>To cry loudly; lament</li><li>To whine; yammer; wail; moan</li><li>To howl</li><li>To scream; screech; squeal</li></ol>
krijg|krijga	<i>noun</i><br><ol><li>(East Pomeranian in Brazil) war</li></ol>
köhl	<i>adj</i><br><ol><li>cool</li></ol>
laat|se sünd de Laatsten|lätter|latet|en lättsten|he is later|dat latere|laatst|en latere|de late|dat is later|en lättste|dat lättste|de laatste|laten|en late|lättst|de latern|later|he is laat|de laatsten|en latern|en laat|en lättst|se is de Laatste|den laten|en laatst|en laatste|he is de Laatste|laatste|lättste|keen latern|keen laten|de latere|se sünd laat|wat Laats|keen lättsten|wat laters|dat late|de lättste|se sünd later|dat is dat Laatste|keen laatsten|lättstet|se is later|latern|den laatsten|en later|laatsten|se is laat|dat laatste|een Laats|late|en laten|latere|en laatsten|de laten|lättsten|de lättsten|den latern|een laters|allens later|dat is laat|allens Laat|den lättsten	<i>adj</i><br><ol><li>late, tardy</li></ol>
langsam|he is langsam|en langsamen|en langsamere|en langsamern|den langsamern|den langsamsten|en langsamst|en langsam|de langsame|dat is langsam|langsamere|wat langsams|den langsamen|langsamer|dat is langsamer|dat is dat Langsamste|keen langsamern|se sünd langsamer|dat langsamere|langsamet|een langsamers|de langsamen|en langsamste|en langsamsten|se sünd de Langsamsten|dat langsame|allens langsam|en langsamer|langsamst|langsamste|de langsamste|langsamern|se is de Langsamste|dat langsamste|langsame|langsamsten|de langsamern|allens langsamer|se is langsam|he is de Langsamste|se sünd langsam|een langsams|se is langsamer|wat langsamers|de langsamere|langsamen|de langsamsten|keen langsamsten|en langsame|keen langsamen|he is langsamer	<i>adj</i><br><ol><li>slow</li></ol>
lesen|leesst|geleest|liss|leesen|lisst|leest|lees|list|leese|leess|lis|elesen|gelesen|eleest	<i>verb</i><br><ol><li>(transitive or intransitive) to read</li><li>(rare, dated, transitive or intransitive) to gather up</li></ol>
ligge	<i>verb</i><br><ol><li>(eastern Low Prussian) Alternative form of liggen</li></ol>
liggen|liggst|leegs|leegst|gelegen|leeg|legen|elegen|liggt|liggs|ligg	<i>verb</i><br><ol><li>(intransitive) to lie; to be lying down</li><li>(intransitive, often of place names) to be, to be placed or located</li><li>(intransitive, with te and another verb) Used as an alternative to wesen + an't to form a continuous aspect.</li></ol>
lustig|de lustigsten|de lustigern|lustigsten|dat is lustig|den lustigen|dat lustigste|den lustigsten|dat lustige|een lustigers|de lustige|lustiget|wat lustigs|een lustigs|en lustigst|dat is lustiger|he is lustig|dat is dat Lustigste|lustiger|en lustigste|keen lustigsten|allens lustiger|en lustig|en lustigen|lustigst|lustigern|allens lustig|en lustigern|lustigen|he is lustiger|se is lustig|lustigste|keen lustigen|lustigere|den lustigern|en lustigsten|de lustigere|en lustigere|keen lustigern|he is de Lustigste|de lustigen|lustige|se sünd lustiger|se sünd lustig|wat lustigers|de lustigste|se is lustiger|en lustiger|dat lustigere|en lustige|se is de Lustigste|se sünd de Lustigsten	<i>adj</i><br><ol><li>funny</li><li>enjoyable</li></ol>
luukwarm	<i>adj</i><br><ol><li>lukewarm</li></ol>
lättst|en lättsten|den lättsten|lättsten|keen lättsten|de lättsten|en lättst|de lättste|en lättste|dat lättste|lättstet|lättste	<i>adj</i><br><ol><li>latest, most recent, newest</li><li>last</li><li>final, ultimate</li></ol><br><i>adv</i><br><ol><li>recently</li></ol>
låter	<i>adv</i><br><ol><li>later</li></ol>
lëse	<i>verb</i><br><ol><li>(eastern Low Prussian) Alternative form of lesen</li></ol>
lësen	<i>verb</i><br><ol><li>(western Low Prussian) Alternative form of lesen</li></ol>
lüttjet|lüttjeder|lüttjeste	<i>adj</i><br><ol><li>small; little</li></ol>
lęven	<i>verb</i><br><ol><li>(in some dialects, especially Mecklenburgisch and Western Pomeranian) to live</li></ol>
man	<i>conj</i><br><ol><li>(in many dialects, including Low Prussian) only; but</li></ol>
manchmal|mennichmal|mennigmal	<i>adv</i><br><ol><li>sometimes</li></ol>
mid|mit	<i>prep</i><br><ol><li>(in some dialects) with</li></ol>
mimereren	<i>verb</i><br><ol><li>to consider; think about</li><li>to reflect; ponder; meditate; muse; brood</li></ol>
misken	<i>verb</i><br><ol><li>(transitive) To mix</li></ol>
moin	<i>intj</i><br><ol><li>(informal) hi</li></ol>
männig	<i>adj</i><br><ol><li>(in several dialects) many</li></ol>
määka|määkas|määkes	<i>noun</i><br><ol><li>(East Pomeranian in Brazil) girl, young lady</li><li>(East Pomeranian in Brazil) daughter</li></ol>
möt	<i>prep</i><br><ol><li>(Low Prussian) with</li></ol>
nagahn|geiht na|geihst na|gah na|nageihst|nagüng|güng na|nageiht|nagah|gaht na|nagüngst|nagaht|güngst na|güngen na|nagüngen	<i>verb</i><br><ol><li>to go after, follow</li><li>to research</li></ol>
nao|nå	<i>prep</i><br><ol><li>(Märkisch, Westphalian) to, towards</li></ol>
natt	<i>adj</i><br><ol><li>wet</li><li>moist</li><li>swampy</li></ol>
neei|neeiste|nejer	<i>adj</i><br><ol><li>new</li></ol>
negen	<i>num</i><br><ol><li>nine (9)</li></ol>
nei	<i>adv</i><br><ol><li>(Low Prussian) Alternative form of nee</li></ol>
niegenteggenhunnertfufzig	<i>num</i><br><ol><li>1950</li></ol>
noog	<i>det</i><br><ol><li>(invariable) enough, sufficient, an adequate number or amount of</li></ol><br><i>pron</i><br><ol><li>(invariable) enough, an adequate number or amount</li></ol><br><i>adv</i><br><ol><li>enough, sufficiently, in an adequate way</li></ol>
nuddelig|he is nuddeliger|de nuddeligen|allens nuddeliger|nuddeligsten|en nuddeligsten|nuddeligen|se sünd nuddeliger|een nuddeligs|de nuddeligste|se is nuddelig|en nuddeligen|se is nuddeliger|en nuddelige|dat is nuddelig|en nuddelig|nuddeligst|dat is nuddeliger|dat nuddeligere|se is de Nuddeligste|nuddeliger|den nuddeligsten|dat nuddeligste|nuddeliget|en nuddeligere|nuddelige|wat nuddeligs|dat nuddelige|en nuddeliger|keen nuddeligsten|se sünd de Nuddeligsten|dat is dat Nuddeligste|den nuddeligern|en nuddeligst|wat nuddeligers|een nuddeligers|de nuddeligsten|allens nuddelig|de nuddeligere|en nuddeligern|den nuddeligen|de nuddeligern|nuddeligern|he is de Nuddeligste|nuddeligere|en nuddeligste|he is nuddelig|keen nuddeligen|se sünd nuddelig|keen nuddeligern|de nuddelige|nuddeligste	<i>adj</i><br><ol><li>sluggish</li><li>inert</li></ol>
nyes	<i>adj</i><br><ol><li>inflected form, neuter nominative singular: new</li></ol>
nää|nä	<i>adv</i><br><ol><li>(Low Prussian) Alternative form of nee</li></ol>
nöken	<i>verb</i><br><ol><li>To have intercourse; fuck</li></ol>
of	<i>prep</i><br><ol><li>from</li></ol><br><i>adv</i><br><ol><li>away; from</li><li>off</li></ol><br><i>adj</i><br><ol><li>off (not "on")</li></ol>
ok|ook	<i>adv</i><br><ol><li>also; and also</li></ol>
old|se is öller|en ollen|he is de Öllste|wat öllers|se is old|en old|dat olle|öller|een olls|de olle|keen ollen|ollet|en öllste|de öllste|öllste|en öllern|den öllern|dat öllste|se is de Öllste|en öllsten|wat olls|den ollen|allens öller|öllern|dat öllere|een öllers|de öllsten|de öllere|se sünd old|en öllere|dat is dat Öllste|öllst|he is öller|den öllsten|olle|öllsten|allens oll|en öllst|en öller|en olle|de öllern|keen öllsten|ollen|se sünd de Öllsten|dat is old|se sünd öller|he is old|keen öllern|dat is öller|de ollen|öllere	<i>adj</i><br><ol><li>old</li></ol>
on	<i>conj</i><br><ol><li>(in several dialects, including Low Prussian) Alternative form of un (and)</li></ol>
quaad	<i>adj</i><br><ol><li>evil; mean</li><li>angry; cruel</li><li>crooked; shady; corrupt</li><li>cunning; sly; sneaky</li><li>bad; reprehensible</li></ol>
rieden|reden|ridd|riddt|ried|riddst|reedst|ridds|ereden|gereden|riedt|reed|reeds	<i>verb</i><br><ol><li>to ride</li><li>to drive</li></ol>
riewen|riffs|reewst|gerewen|riew|reew|riewt|reews|riff|erewen|rewen|rewwen|rifft|riffst	<i>verb</i><br><ol><li>(Eastphalian, Märkisch, Westphalian) (transitive or intransitive) to rub; to chafe</li><li>(Eastphalian, Märkisch, Westphalian) (transitive) to grate</li></ol>
rod	<i>adj</i><br><ol><li>(in several dialects) red</li></ol>
root|en root|en rödern|rode|de röödsten|den röödsten|rödern|dat is dat Röödste|röödsten|en röödst|dat rode|keen roden|se is root|en rode|allens Rood|se sünd röder|den rödern|se sünd root|en röödste|wat Roods|den roden|en rödere|de rödere|dat is root|he is röder|keen röödsten|en röder|en röödsten|dat rödere|rot|een röders|rodet|rödere|se is röder|se sünd de Röödsten|dat röödste|röödst|wat röders|de rode|allens röder|he is de Röödste|röödste|een Roods|de rödern|en roden|de roden|dat is röder|keen rödern|roden|se is de Röödste|he is root|röder|de röödste	<i>adj</i><br><ol><li>red</li></ol>
ruum|en rüümst|rümern|rüümst|rume|rümer|rümere|he is de Rüümste|rumen|dat is ruum|en rümere|rumet|rüümsten|een rümers|dat rümere|en rümern|den rüümsten|den rümern|se is de Rüümste|dat is dat Rüümste|en rumen|se sünd de Rüümsten|dat rüümste|de rumen|dat rume|en rume|dat is rümer|de rümern|keen rümern|se sünd rümer|allens rümer|de rume|se sünd ruum|se is ruum|de rüümsten|een Ruums|en rüümsten|de rümere|de rüümste|wat rümers|en rüümste|en ruum|den rumen|se is rümer|rüümste|he is rümer|wat Ruums|en rümer|keen rumen|allens Ruum|keen rüümsten|he is ruum	<i>adj</i><br><ol><li>spacious, roomy</li></ol>
scharp	<i>adj</i><br><ol><li>sharp</li></ol>
schier|schierst|schierer	<i>adj</i><br><ol><li>pure, clear, bright, sheer</li><li>clean</li><li>neat, tidy</li><li>pure, unmixed, unblended</li><li>(together with maken) finished, disposed, clean</li></ol>
schwart	<i>adj</i><br><ol><li>(Paderbornisch, Lippisch, Low Prussian) black</li></ol>
schöön|en schöön|se sünd schöön|schönere|den schönern|en schöner|en schöönsten|keen schöönsten|dat schöönste|schönern|se is de Schöönste|he is schöner|schöönste|en schöönste|se is schöön|keen schönern|de schöönsten|wat schöners|allens schöner|de schönen|en schönere|se sünd schöner|de schönere|en schöönst|de schöönste|en schönen|de schönern|schöönsten|keen schönen|dat schöne|se is schöner|he is schöön|een schööns|en schönern|schöönst|schöne|se sünd de Schöönsten|en schöne|dat is dat Schöönste|dat is schöön|de schöne|allens schöön|den schöönsten|schönet|schöner|dat schönere|schönen|den schönen|wat schööns|dat is schöner|een schöners|he is de Schöönste	<i>adj</i><br><ol><li>beautiful</li></ol>
se	<i>pron</i><br><ol><li>she</li><li>they</li></ol>
sennen|senne|esennt|gesennt|sennst|senns|sennt|senn	<i>verb</i><br><ol><li>to send</li></ol>
sepig	<i>adj</i><br><ol><li>soapy</li></ol>
sess	<i>num</i><br><ol><li>(Low Prussian) six (6)</li></ol>
smoken	<i>verb</i><br><ol><li>to smoke; fume; smoulder</li></ol>
snarken|snark|esnarkt|snarkt|gesnarkt|snarke|snarkst|snarks	<i>verb</i><br><ol><li>to snore</li></ol>
soor|sorer|soorste|soorder	<i>adj</i><br><ol><li>dry</li><li>arid</li></ol>
stenig	<i>adj</i><br><ol><li>stony; rocky</li></ol>
striepig|wat striepigs|een striepigs|wat striepigers|keen striepigern|de striepigen|se is striepiger|striepigen|allens striepiger|striepiger|dat is dat Striepigste|striepigern|se sünd striepig|en striepige|dat striepigste|de striepigere|he is striepiger|en striepigsten|een striepigers|en striepigere|en striepiger|den striepigsten|se is de Striepigste|en striepigste|keen striepigsten|striepiget|se sünd striepiger|den striepigern|se is striepig|dat is striepig|de striepigste|striepigere|se sünd de Striepigsten|dat is striepiger|en striepig|dat striepige|striepigste|he is striepig|en striepigern|de striepigern|striepige|striepigsten|striepigst|en striepigst|den striepigen|en striepigen|he is de Striepigste|allens striepig|keen striepigen|de striepige|dat striepigere|de striepigsten	<i>adj</i><br><ol><li>streaky</li><li>striped</li></ol>
swart|se is swärter|swartet|swärtern|se is swart|een swarts|den swarten|een swärters|dat swarte|swarten|en swärtste|swärtsten|allens swärter|en swarten|de swarte|swärtst|den swärtern|he is de Swärtste|dat is dat Swärtste|keen swärtern|dat is swärter|en swarte|he is swart|wat swarts|en swärtsten|swärtere|keen swärtsten|de swärtste|en swärtere|den swärtsten|swarte|se sünd swart|en swärter|swärter|en swärtst|se sünd swärter|se sünd de Swärtsten|wat swärters|swärtste|en swärtern|de swarten|de swärtsten|dat swärtste|dat is swart|dat swärtere|he is swärter|en swart|se is de Swärtste|keen swarten|de swärtere|allens swart|de swärtern	<i>adj</i><br><ol><li>black</li></ol>
sæben|sœben	<i>num</i><br><ol><li>(Mecklenburgisch, Western Pomeranian) seven (7)</li></ol>
sæwen|sœwen	<i>num</i><br><ol><li>(Mecklenburgisch, Western Pomeranian) Alternative form of sæben</li></ol>
sëwe|sëwen	<i>num</i><br><ol><li>(Low Prussian) seven (7)</li></ol>
sön|sönd|sin|weer|weren|es|weest|is|ewest|böst|söend|ewesen|sünd|sind|ös|wes|bin|wesende|weerst|gewesen|west|weres|wesen|sen|was|si|wees|weset|bün|büst|wassen|weern|gewest|bist|sii	<i>verb</i><br><ol><li>(Low Prussian) to be (to exist; copula)</li></ol>
söss	<i>num</i><br><ol><li>six</li></ol>
söven	<i>num</i><br><ol><li>seven</li></ol>
sööt	<i>adj</i><br><ol><li>sweet</li></ol>
sünnig	<i>adj</i><br><ol><li>sunny</li></ol>
süss	<i>num</i><br><ol><li>six (6)</li></ol>
taalken|taalkt|getaalkt|taalke|taalkst|etaalkt|taalk|taalks	<i>verb</i><br><ol><li>(Low Prussian) to chatter, talk, gossip</li></ol>
tau	<i>prep</i><br><ol><li>(in some dialects) to</li></ol>
tiedelk	<i>adj</i><br><ol><li>temporal</li></ol>
tien|tein	<i>num</i><br><ol><li>ten (10)</li></ol>
tocken	<i>verb</i><br><ol><li>To attract; entice</li><li>To lure; bait</li><li>To pull; tug</li></ol>
traag|en träägst|wat trägers|allens traag|en tragen|se sünd traag|he is träger|tragen|dat is traag|en trägere|träägsten|träger|en trägern|den träägsten|en träägste|träägste|dat trage|de trage|een trägers|se is träger|träägst|en traag|keen tragen|en trage|den trägern|he is de Träägste|de träägste|dat is träger|dat is dat Träägste|keen trägern|trage|dat trägere|se is de Träägste|de trägere|wat traags|trägere|en träger|se is traag|trägern|he is traag|een traags|dat träägste|en träägsten|de tragen|se sünd träger|de trägern|de träägsten|traget|den tragen|se sünd de Träägsten|keen träägsten|allens träger	<i>adj</i><br><ol><li>sluggish</li><li>inert</li></ol>
twalf	<i>num</i><br><ol><li>twelve (12)</li></ol>
twei	<i>num</i><br><ol><li>(in many dialects, including Low Prussian) two (2)</li></ol>
twelf	<i>num</i><br><ol><li>(Low Prussian) Alternative form of twalf (twelve)</li></ol>
töögsam|wat töögsamers|töögsamet|töögsamen|de töögsamste|se sünd töögsamer|se sünd de Töögsamsten|dat is töögsamer|den töögsamern|en töögsame|se sünd töögsam|töögsamsten|töögsamst|se is töögsam|töögsamere|een töögsamers|allens töögsamer|een töögsams|de töögsamen|en töögsamern|se is töögsamer|allens töögsam|he is töögsam|dat töögsamere|den töögsamsten|en töögsamst|keen töögsamsten|en töögsamsten|en töögsamste|de töögsamern|keen töögsamern|dat is töögsam|dat is dat Töögsamste|töögsamern|en töögsamere|en töögsamen|töögsamste|dat töögsame|de töögsamsten|en töögsam|töögsamer|töögsame|de töögsame|den töögsamen|keen töögsamen|he is töögsamer|en töögsamer|dat töögsamste|se is de Töögsamste|he is de Töögsamste|wat töögsams|de töögsamere	<i>adj</i><br><ol><li>timid</li></ol>
un	<i>conj</i><br><ol><li>and</li></ol>
utem	<i>abbrev</i><br><ol><li>(Low Prussian) out of the</li></ol>
utlachen|lach ut|utlachst|utlach|lachst ut|lacht ut|lachen ut|utlacht	<i>verb</i><br><ol><li>to laugh out, laugh loud</li></ol>
veel|vel	<i>adv</i><br><ol><li>(in many dialects, including Low Prussian) much</li></ol><br><i>adj</i><br><ol><li>(in many dialects, including Low Prussian) much (a lot of) (when used in the singular)</li><li>(in many dialects, including Low Prussian) many (when used in the plural)</li></ol>
veer	<i>num</i><br><ol><li>(in some dialects, including Low Prussian and Münsterland) four (4)</li></ol>
vundaag	<i>adv</i><br><ol><li>today</li></ol>
vörlopig	<i>adj</i><br><ol><li>provisional; tentative</li><li>current</li></ol><br><i>adv</i><br><ol><li>currently; presently; for the time being</li></ol>
vęl|väl|mir|mirst|vęle	<i>adv</i><br><ol><li>(Mecklenburgisch, Western Pomeranian) much</li><li>(Mecklenburgisch, Western Pomeranian) often</li></ol><br><i>adj</i><br><ol><li>(Mecklenburgisch, Western Pomeranian) much (a lot of) (when used in the singular)</li><li>(Mecklenburgisch, Western Pomeranian) many (when used in the plural)</li></ol>
wahr|se is wahrer|he is wahr|dat is dat Wahrste|en wahrste|keen wahrsten|dat is wahrer|se sünd de Wahrsten|dat wahrere|se sünd wahr|de wahrern|de wahrste|de wahrsten|se is de Wahrste|wahre|wahrern|allens wahr|de wahren|keen wahrern|wahret|dat wahre|en wahrere|den wahrsten|wahrst|wahrder|de wahre|wahrere|den wahrern|en wahrer|wat wahrers|de wahrere|dat wahrste|se sünd wahrer|een wahrs|wahrsten|allens wahrer|den wahren|en wahre|dat is wahr|he is de Wahrste|he is wahrer|wahren|keen wahren|en wahr|en wahrern|en wahrst|wahrste|een wahrers|en wahren|wahrer|en wahrsten|se is wahr|wat wahrs	<i>adj</i><br><ol><li>true</li></ol>
wangloovsk	<i>adj</i><br><ol><li>superstitious</li></ol>
wesen|sin|weer|weren|es|is|ewest|ewesen|sünd|sind|ös|wes|bin|wesende|weerst|gewesen|west|weres|sen|was|si|weset|bün|büst|wassen|gewest|bist	<i>verb</i><br><ol><li>(intransitive) To be, to exist.</li><li>(transitive, copulative) Used to connect a noun to an adjective that describes it.</li><li>(transitive, auxiliary) Used to form the perfect tense of the active voice of some verbs, together with a past participle.</li><li>Note: The perfect tense of most other verbs is formed using hebben.</li><li>(transitive, auxiliary) Used to form the perfect tense of the passive voice, together with a past participle.</li><li>Note: The imperfect tense passive is formed using warrn.</li><li>(transitive, auxiliary) Used to form the continuous forms of various tenses, together with an't.</li><li>(intransitive) To go, to go on a trip and return.</li><li>(intransitive, impersonal) Used to indicate weather, temperature or some other general condition.</li><li>(transitive, copulative, mathematics) To equal; used to indicate that the values on either side of an equation are the same, often used with gliek an.</li><li>(intransitive) To have the next turn in a game.</li><li>(with an indirect object and no subject) It is, be</li></ol>
wies|en wiesere|se sünd de Wiesesten|en wies|se is wieser|een wieses|allens wieser|en wiese|wiesen|de wiesern|dat is wies|keen wiesen|wat wieses|en wiesern|dat is dat Wieseste|wiesesten|se is de Wieseste|allens wiese|den wiesen|wieseste|de wiesesten|en wieseste|wiesest|dat is wieser|wat wiesers|keen wiesesten|de wieseste|dat wiesere|wiese|den wiesern|de wiese|he is wies|wiesern|dat wiese|dat wieseste|den wiesesten|wiesere|de wiesen|en wiesen|wieset|de wiesere|he is de Wieseste|en wiesest|se is wies|en wiesesten|he is wieser|se sünd wieser|keen wiesern|en wieser|een wiesers|se sünd wies|wieser	<i>adj</i><br><ol><li>wise</li><li>clever</li></ol>
witt|den witten|een witters|dat witte|wittsten|wat witters|se is witt|witter|de wittsten|een Witts|en wittst|dat wittste|wat Witts|en witt|de wittste|dat is witt|en witten|en wittste|witten|en wittern|keen wittern|keen wittsten|se sünd witt|he is witt|dat is witter|se is de Wittste|wittet|se sünd de Wittsten|wittst|se sünd witter|de wittere|allens Witt|se is witter|de witten|wittste|den wittsten|dat wittere|den wittern|he is witter|en wittsten|de witte|dat is dat Wittste|en wittere|en witter|keen witten|he is de Wittste|allens witter|wittern|wittere|witte|de wittern|en witte	<i>adj</i><br><ol><li>(in several dialects, including Low Prussian) white</li><li>(Low Prussian, by extension) clean</li></ol>
wo	<i>adv</i><br><ol><li>how</li></ol><br><i>pron</i><br><ol><li>(Low Prussian, relative) who, which</li></ol>
wreet|keen wreden|se is wreder|dat wredere|en wrede|wredern|dat wreedste|en wreedsten|en wredere|wredere|wreedst|dat is wreet|en wreedste|he is wreder|den wredern|se is wreet|allens wreder|wreedsten|den wreden|wredet|se sünd wreder|een wreeds|de wredern|se is de Wreedste|en wreder|dat is dat Wreedste|se sünd de Wreedsten|de wredere|allens wreed|keen wreedsten|wreder|keen wredern|wat wreders|wreedste|wreden|de wreden|he is de Wreedste|wrede|se sünd wreet|he is wreet|de wrede|en wreet|de wreedste|dat is wreder|en wredern|den wreedsten|dat wrede|de wreedsten|wat wreeds|en wreedst|een wreders|en wreden	<i>adj</i><br><ol><li>furious</li></ol>
wriwen|riffs|wriwt|wriw|gerewen|reew|wreews|wreewst|erewen|riff|rewen|rifft|wreew|riffst	<i>verb</i><br><ol><li>(Mecklenburgisch-Vorpommerschen, Northern Low Saxon) Alternative form of riewen (“to rub, chafe; to grate”)</li></ol>
wunnerbor|en wunnerborste|wunnerborere|wunnerborern|de wunnerboren|se sünd wunnerbor|se is wunnerborer|dat wunnerborste|en wunnerboren|de wunnerbore|wunnerborer|dat is wunnerbor|den wunnerborern|keen wunnerborern|de wunnerborsten|se sünd wunnerborer|wunnerboren|wunnerborste|en wunnerbore|allens wunnerborer|he is de Wunnerborste|en wunnerborst|keen wunnerboren|wat wunnerbors|he is wunnerborer|den wunnerboren|en wunnerborern|wunnerborder|dat is dat Wunnerborste|en wunnerborer|wat wunnerborers|se is wunnerbor|wunnerborsten|wunnerborst|de wunnerborern|en wunnerborsten|allens wunnerbor|een wunnerbors|dat wunnerborere|den wunnerborsten|keen wunnerborsten|wunnerbore|he is wunnerbor|se sünd de Wunnerborsten|een wunnerborers|dat wunnerbore|en wunnerborere|de wunnerborste|se is de Wunnerborste|de wunnerborere|wunnerboret|en wunnerbor|dat is wunnerborer	<i>adj</i><br><ol><li>wonderful</li><li>marvelous</li><li>miraculous</li></ol>
węsen|wäsen	<i>verb</i><br><ol><li>(Mecklenburgisch, Western Pomeranian) Alternative form of wesen : to be</li></ol>
Âke|Âken	<i>noun</i><br><ol><li>(Westphalian) covered drain</li></ol>
Âken	<i>noun</i><br><ol><li>(Westphalian) small boat used on inland waters</li></ol>
Ägg|Ägger	<i>noun</i><br><ol><li>(Westphalian) Alternative form of Ai (egg)</li></ol>
Äken	<i>noun</i><br><ol><li>(Westphalian) small kettle, typically made of copper or brass.</li></ol>
Åder|Ådern	<i>noun</i><br><ol><li>blood vessel</li><li>a vein of metallic ore that lies within definite boundaries, or within a fissure</li></ol>
Åk|Åke	<i>noun</i><br><ol><li>(Westphalian) dwarf elder, species Sambucus ebulus.</li></ol>
Över|Övers	<i>noun</i><br><ol><li>riverbank; shore</li></ol>
Ümlaag|Ümlagen	<i>noun</i><br><ol><li>allocation</li></ol>
Üütse|Üütsen	<i>noun</i><br><ol><li>toad</li></ol>
àder|of	<i>conj</i><br><ol><li>(Westphalian) or</li></ol>
àr	<i>conj</i><br><ol><li>(Westphalian) Alternative form of àder</li></ol>
âdräötig|âdræͦtig	<i>adj</i><br><ol><li>(Westphalian) morose, sullen, grumpy, disgruntled</li></ol>
ächten	<i>adv</i><br><ol><li>behind</li><li>there</li></ol>
ächter	<i>prep</i><br><ol><li>behind</li><li>after</li></ol><br><i>adv</i><br><ol><li>behind</li><li>back</li></ol>
äänla	<i>verb</i><br><ol><li>(East Pomeranian) to resemble</li></ol>
å|Å	<i>character</i><br><ol><li>A letter of some Low German alphabets.</li></ol>
åder	<i>conj</i><br><ol><li>(Westphalian) Alternative form of àder</li></ol>
år	<i>conj</i><br><ol><li>(Westphalian) Alternative form of àder</li></ol>
öck	<i>pron</i><br><ol><li>(Low Prussian) I (first person singular pronoun)</li></ol>
öhnen	<i>pron</i><br><ol><li>them (dative)</li></ol>
övel	<i>adj</i><br><ol><li>evil</li></ol>
