A	<i>character</i><br><ol><li>The first letter of the Karelian alphabet, written in the Latin script.</li></ol>
Anglii	<i>name</i><br><ol><li>England</li></ol>
Daanii	<i>name</i><br><ol><li>Denmark</li></ol>
Estounii	<i>name</i><br><ol><li>Estonia</li></ol>
Frantsii	<i>name</i><br><ol><li>France</li></ol>
Hospodi	<i>name</i><br><ol><li>(Christianity) God, the Lord</li></ol>
Hospoti	<i>name</i><br><ol><li>(Christianity) God, the Lord</li></ol>
Japounii	<i>name</i><br><ol><li>Japan</li></ol>
Litvu	<i>name</i><br><ol><li>Lithuania</li></ol>
Luadogu	<i>name</i><br><ol><li>Lake Ladoga</li></ol>
Nevvostoliitto	<i>name</i><br><ol><li>The Soviet Union</li></ol>
Norveegii	<i>name</i><br><ol><li>Norway</li></ol>
Nʹu Jork|N’u Jork	<i>name</i><br><ol><li>New York, New York City (the largest city in the state of New York, and the largest city in the United States)</li><li>New York (a state of the United States)</li></ol>
Rumiini	<i>name</i><br><ol><li>Romania</li></ol>
Ruočči|Ruočenke|Ruočelta|Ruoččih|Ruoččie|Ruočekši|Ruočešta|Ruoččeh|Ruočie|Ruoččeni|Ruočin|Ruočen|Ruočešša|Ruočella|^(*)) Possessive forms are very rare for adjectives and only used in substantivised clauses.|Ruoččeš|Ruočetta|Ruoččina|Ruočelda	<i>name</i><br><ol><li>Sweden (a country in Europe)</li></ol>
Stokgolʹmu	<i>name</i><br><ol><li>Stockholm (the capital of Sweden)</li></ol>
Venʹa	<i>name</i><br><ol><li>Russia (a country in Europe and Asia)</li></ol>
aakkoa	<i>verb</i><br><ol><li>to say aa</li></ol>
abortu	<i>noun</i><br><ol><li>abortion</li></ol>
adivo|adivon|adivoloilda|adivoloitta|^(*)) Possessive forms are very rare for adjectives and only used in substantivised clauses.|adivuo|adivoh|adivokši|adivošša|adivoloinke|adivot|adivoš|adivoloina|adivošta|adivoloissa|adivolda|adivona|adivoloih|adivoni|adivotta|adivoloista|adivoloiksi|adivoloilla|adivonke|adivolla|adivoloin|adivoloida	<i>noun</i><br><ol><li>(South Karelian) female short-time guest</li></ol>
adra|adrašta|adrat|^(*)) Possessive forms are very rare for adjectives and only used in substantivised clauses.|adrašša|adroina|adranke|adroih|adraš|adroitta|adroista|adrua|adralda|adrani|adralla|adroilda|adroiksi|adratta|adran|adrah|adrakši|adroissa|adrana|adroin|adroida|adroilla|adroinke	<i>noun</i><br><ol><li>(South Karelian) wooden plough</li></ol>
agjatoi	<i>adj</i><br><ol><li>endless</li></ol>
ahas	<i>adj</i><br><ol><li>tight, cramped</li></ol>
ahashenkine	<i>adj</i><br><ol><li>narrow-minded</li></ol>
ahe	<i>noun</i><br><ol><li>hillside</li></ol>
ahinko	<i>noun</i><br><ol><li>plight, distress</li></ol>
ahjo	<i>noun</i><br><ol><li>fireplace</li><li>embers</li></ol>
ahkera	<i>adj</i><br><ol><li>industrious, hardworking</li></ol>
ahkivo	<i>noun</i><br><ol><li>pulk, sledge</li></ol>
ahku	<i>noun</i><br><ol><li>dregs, waste</li></ol>
ahmoi|ahmoin|ahmoidu	<i>noun</i><br><ol><li>wolverine (Gulo gulo)</li></ol>
ahtivo	<i>noun</i><br><ol><li>distress</li></ol>
aida|aijalda|aijan|aidah|aijakši|^(*)) Possessive forms are very rare for adjectives and only used in substantivised clauses.|aidoih|aijoilla|aijatta|aijoitta|aijašta|aidoida|aijoinke|aijat|aijašša|aijanke|aijoista|aijoiksi|aidani|aijoin|aidaš|aidana|aidoina|aijoissa|aijoilda|aijalla|aidua	<i>noun</i><br><ol><li>(South Karelian) fence</li></ol>
aiga|aijalda|aijan|aijakši|^(*)) Possessive forms are very rare for adjectives and only used in substantivised clauses.|aigua|aijoilla|aigana|aigoih|aigah|aijatta|aijoitta|aijašta|aigani|aigoina|aigaš|aijoinke|aijat|aijašša|aijanke|aijoista|aijoiksi|aijoin|aijoissa|aijoilda|aijalla|aigoida	<i>noun</i><br><ol><li>(South Karelian) time</li></ol>
aiguero	<i>noun</i><br><ol><li>time difference</li></ol>
aiguhälütin	<i>noun</i><br><ol><li>timer</li></ol>
aigukauzi	<i>noun</i><br><ol><li>age, era</li></ol>
aijoi	<i>adv</i><br><ol><li>early</li></ol>
aika|ajoitta|ajalta|ajat|aikua|ajašta|^(*)) Possessive forms are very rare for adjectives and only used in substantivised clauses.|aikojen|ajoilta|aikani|ajoiksi|ajašša|ajalla|ajoissa|aikoja|ajatta|aikana|ajan|ajoilla|ajoista|ajoineh|aikoina|ajakši|aikoih|aikah|aikaš	<i>noun</i><br><ol><li>(North Karelian) time</li></ol>
ainavo	<i>adv</i><br><ol><li>only</li></ol>
ainos	<i>adv</i><br><ol><li>always</li></ol>
airo	<i>noun</i><br><ol><li>oar</li></ol>
aita|aitoina|aijan|aitoih|aijakši|^(*)) Possessive forms are very rare for adjectives and only used in substantivised clauses.|aijoilla|aitana|aijatta|aijoitta|aijašta|aitah|aitani|aitaš|aijat|aijašša|aijoineh|aijoista|aijoiksi|aijoilta|aitoja|aijalta|aijoissa|aitua|aijalla|aitojen	<i>noun</i><br><ol><li>(North Karelian) fence</li></ol>
aitta|aitoista|aitoissa|aitoiksi|^(*)) Possessive forms are very rare for adjectives and only used in substantivised clauses.|aitalla|aitoin|aitanke|aittoina|aitatta|aittua|aitalta|aittani|aitalda|aittah|aitoitta|aitat|aitašta|aitoilda|aittana|aittoida|aittoja|aitoilta|aitakši|aittoih|aitoinke|aittaš|aitoineh|aitoilla|aitan|aitašša|aittojen	<i>noun</i><br><ol><li>storehouse</li></ol>
aivot	<i>noun</i><br><ol><li>brains</li></ol>
akka|akalla|akoin|akkana|akkoina|^(*)) Possessive forms are very rare for adjectives and only used in substantivised clauses.|akat|akalta|akkaš|akoilda|akkua|akoissa|akoineh|akoista|akašša|akalda|akkah|akašta|akkoida|akkojen|akoilla|akoiksi|akakši|akkoja|akoinke|akkani|akoitta|akan|akkoih|akatta|akoilta|akanke	<i>noun</i><br><ol><li>wife</li><li>old woman; hag</li></ol>
akottuo	<i>verb</i><br><ol><li>(transitive) to marry</li></ol>
alah	<i>adv</i><br><ol><li>down</li></ol>
alastoi	<i>adj</i><br><ol><li>naked</li></ol>
alkogolitoi	<i>adj</i><br><ol><li>nonalcoholic</li></ol>
allas|altahilta|allahat|altahien|altahissa|altahan|altahana|altahaksi|altahilla|allasta|altahitta|altahih|altahalla|altahista|altahah|altahineh|altahassa|altahasta|altahalta|allahie|altahiksi|altahin|altahina|altahatta	<i>noun</i><br><ol><li>trough</li></ol>
allaviivata|allaviivuau|allaviivuan	<i>verb</i><br><ol><li>To underline, underscore.</li><li>To emphasize, underline, underscore.</li></ol>
alliguator	<i>noun</i><br><ol><li>alligator</li></ol>
aloveh|alovehtu|alovehen	<i>noun</i><br><ol><li>region</li></ol>
alovehelline	<i>adj</i><br><ol><li>regional</li></ol>
alttina|alttinan	<i>noun</i><br><ol><li>a three-kopek coin, altyn</li></ol>
amburjaine	<i>noun</i><br><ol><li>wasp</li></ol>
ammatilline	<i>adj</i><br><ol><li>occupational, vocational</li></ol>
anatoumii	<i>noun</i><br><ol><li>anatomy</li></ol>
angiinu	<i>noun</i><br><ol><li>(medicine) tonsillitis</li></ol>
anoppi	<i>noun</i><br><ol><li>mother-in-law</li></ol>
ančoussu	<i>noun</i><br><ol><li>anchovy</li></ol>
apelʹsiinu	<i>noun</i><br><ol><li>orange (fruit)</li></ol>
appi|apenke|appina|apešta|appien|apella|apen|appiloista|appiloin|appiloilla|appiloina|apetta|appiloilta|appiloih|apekši|appiloiksi|apelta|appiloida|apet|appiloitta|appiloilda|appiloineh|appih|apešša|apelda|appiloinke|appija|appiloissa|appie	<i>noun</i><br><ol><li>father-in-law</li></ol>
appiukko|appiukkoh|appiukkojen|appiukkoni|appiukolla|appiukolda|^(*)) Possessive forms are very rare for adjectives and only used in substantivised clauses.|appiukkoš|appiukkoloilta|appiukkoloista|appiukošta|appiukkoloilla|appiukon|appiukkoloitta|appiukkoloinke|appiukot|appiukkoloida|appiukkona|appiukkoloina|appiukkoloilda|appiukkoja|appiukkoloin|appiukkoloih|appiukokši|appiukolta|appiukkoloiksi|appiukkoloissa|appiukkuo|appiukotta|appiukošša|appiukonke|appiukkoloineh	<i>noun</i><br><ol><li>(dialectal) Synonym of appi</li></ol>
arhelei	<i>noun</i><br><ol><li>bishop</li></ol>
arktilline	<i>adj</i><br><ol><li>Arctic</li></ol>
armahuš	<i>noun</i><br><ol><li>love</li></ol>
armas	<i>adj</i><br><ol><li>dear</li></ol>
armiivellaline	<i>adj</i><br><ol><li>draftee, conscript</li></ol>
armo	<i>noun</i><br><ol><li>mercy</li></ol>
armoitoi	<i>noun</i><br><ol><li>orphan</li></ol>
arvata	<i>verb</i><br><ol><li>guess</li></ol>
arvo	<i>noun</i><br><ol><li>value</li></ol>
arvoine	<i>adj</i><br><ol><li>worth</li></ol>
arvovaldaine	<i>adj</i><br><ol><li>prestigious</li></ol>
askel|askeldu|askelen	<i>noun</i><br><ol><li>step</li><li>pace</li></ol>
aste|astien|astettu	<i>noun</i><br><ol><li>grade</li><li>degree</li><li>order</li></ol>
astii|astien|astettu	<i>noun</i><br><ol><li>vessel</li></ol>
ativo|ativokši|ativot|ativoloineh|ativoloitta|ativoh|^(*)) Possessive forms are very rare for adjectives and only used in substantivised clauses.|ativolla|ativoloista|ativolta|ativoloilta|ativoš|ativojen|ativošša|ativon|ativoloina|ativotta|ativoni|ativošta|ativoloissa|ativoja|ativuo|ativoloih|ativoloiksi|ativona|ativoloilla	<i>noun</i><br><ol><li>(North Karelian) guest</li></ol>
atra|atroineh|^(*)) Possessive forms are very rare for adjectives and only used in substantivised clauses.|atroilta|atrua|atraš|atran|atrana|atroista|atroina|atroih|atroja|atrašša|atrojen|atroiksi|atroissa|atralta|atrah|atroilla|atrani|atralla|atratta|atrakši|atroitta|atrat|atrašta	<i>noun</i><br><ol><li>(North Karelian) wooden plough</li></ol>
avaarii	<i>noun</i><br><ol><li>disaster</li></ol>
avata	<i>verb</i><br><ol><li>to open</li></ol>
avtobussu	<i>noun</i><br><ol><li>bus, coach</li></ol>
avtomuatilline	<i>adj</i><br><ol><li>automatic</li></ol>
ašnita|ašniččou|ašničen	<i>verb</i><br><ol><li>(transitive) To earn, make, win, gain (money).</li></ol>
bokko|bokkoh|bokkoloiksi|bokkoloida|bokkoloilla|bokkoloin|bokkona|^(*)) Possessive forms are very rare for adjectives and only used in substantivised clauses.|bokkoloilda|bokkoni|bokkoloina|bokon|bokkoloitta|bokkoloinke|bokkoloissa|bokkuo|bokolda|bokošša|bokokši|bokkoš|bokonke|bokotta|bokkoloista|bokolla|bokot|bokošta|bokkoloih	<i>noun</i><br><ol><li>(South Karelian) ram (male sheep)</li></ol>
bolʹničču	<i>noun</i><br><ol><li>hospital</li></ol>
briha|brihua|brihan	<i>noun</i><br><ol><li>boy, lad, young man</li></ol>
džinsat	<i>noun</i><br><ol><li>jeans</li></ol>
ei	<i>verb</i><br><ol><li>(does) not</li></ol>
eklen	<i>adv</i><br><ol><li>yesterday</li></ol>
eländä	<i>noun</i><br><ol><li>life</li></ol>
elätti	<i>noun</i><br><ol><li>animal</li></ol>
emä	<i>noun</i><br><ol><li>mother</li></ol>
epilepsii	<i>noun</i><br><ol><li>(medicine) epilepsy</li></ol>
eri	<i>adj</i><br><ol><li>different</li></ol>
este|estettu|estien	<i>noun</i><br><ol><li>obstacle</li></ol>
faksu	<i>noun</i><br><ol><li>fax, fax machine</li><li>fax (document)</li></ol>
flagu	<i>noun</i><br><ol><li>flag, banner</li></ol>
flynteri|flynterin|flynterie	<i>noun</i><br><ol><li>righteye flounder, fish of the family Pleuronectidae or genus Pleuronectes</li></ol>
galstukku	<i>noun</i><br><ol><li>tie, necktie</li></ol>
gornitsa	<i>noun</i><br><ol><li>guest room, room</li></ol>
gostja	<i>noun</i><br><ol><li>guest</li></ol>
gruzoviekku	<i>noun</i><br><ol><li>truck, lorry</li></ol>
haju	<i>noun</i><br><ol><li>smell</li><li>mind, intellect, wit</li></ol>
hajukaš	<i>adj</i><br><ol><li>clever, intelligent, smart</li></ol>
hambahatoi	<i>adj</i><br><ol><li>toothless (having no teeth)</li></ol>
hameh|hamehen|hamehta	<i>noun</i><br><ol><li>skirt</li></ol>
hammas|hampahasta|hampahan|hampahineh|hampahin|hampahilta|hampahassa|hampahina|hampahalla|hampahiksi|hampahilla|hampahah|hampahaksi|hampahissa|hampahista|hammasta|hampahih|hammahie|hampahalta|hampahana|hampahatta|hampahitta|hammahat|hampahien	<i>noun</i><br><ol><li>tooth</li></ol>
hanhi	<i>noun</i><br><ol><li>goose</li></ol>
hapata	<i>verb</i><br><ol><li>rot</li></ol>
harakka|harakkah|harakkaš|harakkoja|^(*)) Possessive forms are very rare for adjectives and only used in substantivised clauses.|harakoin|harakat|harakoilla|harakan|harakkani|harakoilda|harakkoina|harakoitta|harakkoida|harakalda|harakkojen|harakoinke|harakoiksi|harakoineh|harakanke|harakatta|harakoista|harakalta|harakkana|harakašta|harakoissa|harakakši|harakoilta|harakkua|harakašša|harakalla|harakkoih	<i>noun</i><br><ol><li>magpie</li><li>(South Karelian) defect in a cloth</li></ol>
harju|harjun	<i>noun</i><br><ol><li>esker</li></ol>
hauda|hauvoissa|haudani|hauvanke|haudana|^(*)) Possessive forms are very rare for adjectives and only used in substantivised clauses.|hauvatta|hauvalda|haudoida|hauvoilla|haudoina|hauvoinke|hauvašta|hauvakši|hauvoilda|hauvat|haudoih|haudah|hauvoiksi|hauvoin|hauvoista|hauvašša|hauvalla|haudua|hauvan|hauvoitta|haudaš	<i>noun</i><br><ol><li>(South Karelian) pit</li><li>(South Karelian) grave</li></ol>
hauki|hauven|haukie	<i>noun</i><br><ol><li>pike</li></ol>
hauta|hauvoissa|hauvalta|hautoja|hautaš|^(*)) Possessive forms are very rare for adjectives and only used in substantivised clauses.|hauvatta|hauvoilla|hautojen|hautah|hauvašta|hautoina|hauvakši|hautana|hauvat|hautoih|hauvoiksi|hauvoilta|hauvoista|hautani|hauvašša|hauvalla|hauvan|hautua|hauvoitta|hauvoineh	<i>noun</i><br><ol><li>(North Karelian) pit</li><li>(North Karelian) grave</li></ol>
hebo|hevon|hebuo	<i>noun</i><br><ol><li>horse</li></ol>
heboine	<i>noun</i><br><ol><li>horse</li></ol>
heikko	<i>adj</i><br><ol><li>weak</li></ol>
heimo|heimoja|heimokši|heimoloih|heimoloitta|heimoloida|^(*)) Possessive forms are very rare for adjectives and only used in substantivised clauses.|heimoh|heimotta|heimonke|heimoloiksi|heimoloista|heimolda|heimoloinke|heimolla|heimon|heimot|heimoloina|heimoloissa|heimoloineh|heimoloin|heimoloilta|heimolta|heimoloilla|heimoš|heimona|heimoni|heimoloilda|heimošša|heimošta|heimuo|heimojen	<i>noun</i><br><ol><li>tribe</li></ol>
heinä|heinissä|heinänä|heiniä|heinien|heinildä|^(*)) Possessive forms are very rare for adjectives and only used in substantivised clauses.|heinittä|heinällä|heinättä|heinäš|heinin|heinäkši|heinistä|heinät|heinäštä|heinillä|heinän|heinäh|heinäššä|heininä|heinänke|heinältä|heinyä|heiniksi|heinäldä|heinäni|heininke|heiniltä|heinih|heinineh|heinie	<i>noun</i><br><ol><li>hay</li><li>grass</li></ol>
helle	<i>noun</i><br><ol><li>heat</li></ol>
hengi	<i>noun</i><br><ol><li>soul</li></ol>
hengitys|hengitüs	<i>noun</i><br><ol><li>breath</li></ol>
herneh	<i>noun</i><br><ol><li>pea</li></ol>
hieru	<i>noun</i><br><ol><li>yard</li></ol>
higi	<i>noun</i><br><ol><li>sweat</li></ol>
hindu	<i>noun</i><br><ol><li>price</li></ol>
hipiehiiri	<i>noun</i><br><ol><li>myokymia (involuntary, partial quivering of a muscle)</li></ol>
hirvi	<i>noun</i><br><ol><li>elk</li></ol>
hivus|hivustu|hivuksen	<i>noun</i><br><ol><li>a hair</li></ol>
hiän|heijän|hänenä|heiltä|hänenke|heinke|heildä|hyö|heinä|heih|hänen|hänet|heitä|heissä|heittä|heijät|häneššä|häneltä|häneh|heidä|hiät|hänettä|hiän|heilä|heiksi|heistä|häneštä|händä|hänellä|häneksi|häneldä	<i>pron</i><br><ol><li>he, she (animate)</li><li>(colloquial) it (inanimate)</li></ol>
homeh|homehta|homehen	<i>noun</i><br><ol><li>mold</li></ol>
honga|hongista|honganke|hongatta|^(*)) Possessive forms are very rare for adjectives and only used in substantivised clauses.|hongina|hongilla|hongat|hongašša|hongiksi|hongitta|hongana|hongaš|honginke|hongah|hongie|hongašta|hongin|hongissa|hongua|hongih|hongalla|hongilda|hongani|hongan|hongakši|hongalda	<i>noun</i><br><ol><li>(South Karelian) dead, dry pine tree</li></ol>
honka|honkissa|honkakši|^(*)) Possessive forms are very rare for adjectives and only used in substantivised clauses.|honkašša|honkah|honkalla|honkaš|honkat|honkua|honkilla|honkineh|honkina|honkalta|honkien|honkie|honkiksi|honkilta|honkih|honkan|honkani|honkatta|honkašta|honkitta|honkista|honkana	<i>noun</i><br><ol><li>(North Karelian) dead, dry pine tree</li></ol>
hopo	<i>noun</i><br><ol><li>(archaic) forest horse (stronger than hepo):</li></ol>
hoppu	<i>noun</i><br><ol><li>quarrel</li></ol>
huja	<i>noun</i><br><ol><li>(vulgar) penis</li></ol>
hukka	<i>noun</i><br><ol><li>wolf</li></ol>
huoli	<i>noun</i><br><ol><li>care</li></ol>
huondesvero	<i>noun</i><br><ol><li>breakfast</li></ol>
huono	<i>adj</i><br><ol><li>bad</li></ol>
huuli	<i>noun</i><br><ol><li>lip</li></ol>
hyppy|hypyt|hypyttä|hyppylöinä|^(*)) Possessive forms are very rare for adjectives and only used in substantivised clauses.|hyppylöistä|hyppynä|hyppylöiltä|hyppyö|hypykši|hyppylöittä|hypyllä|hyppylöillä|hyppylöissä|hyppylöiksi|hyppyš|hyppyjä|hyppylöih|hypyn|hyppyni|hypyššä|hyppyh|hypyštä|hyppyjen|hypyltä|hyppylöineh	<i>noun</i><br><ol><li>(North Karelian) jump</li></ol>
hyvä|hyvän|hyvie|hyväššä|hyväni|hyvät|^(*)) Possessive forms are very rare for adjectives and only used in substantivised clauses.|hyvältä|hyvillä|hyvih|hyvyä|hyvistä|hyvänä|hyvinä|hyväš|hyvinke|hyvien|hyväldä|hyvildä|hyväh|hyviä|hyvällä|hyväkši|hyvittä|hyvättä|parembi|hyviksi|hyväštä|hyvissä|parempi|hyvin|hyvänke|hyvineh|hyviltä|paraš	<i>adj</i><br><ol><li>good</li></ol>
hyybii|hyybijiä|hyybijän	<i>noun</i><br><ol><li>owl</li></ol>
hyö|heijän|hänenä|heiltä|hänenke|heinke|heildä|heinä|heih|hänen|hänet|heitä|heissä|heittä|heijät|häneššä|häneltä|häneh|heidä|hiät|hiän|hänettä|heilä|heiksi|heistä|häneštä|händä|hänellä|häneksi|häneldä	<i>pron</i><br><ol><li>they (animate)</li><li>(colloquial) they (inanimate)</li></ol>
hyödy|hyödyy|hyövyn	<i>noun</i><br><ol><li>profit</li></ol>
hädä|hädiä|hiän	<i>noun</i><br><ol><li>misfortune</li></ol>
häkki|häkin|häkkii	<i>noun</i><br><ol><li>ox</li></ol>
hämehikki|hämehikkilöiksi|hämehikkien|hämehikkilöiltä|hämehikkilöinä|^(*)) Possessive forms are very rare for adjectives and only used in substantivised clauses.|hämehikiltä|hämehikkilöillä|hämehikin|hämehikkijä|hämehikkilöih|hämehikissä|hämehikiksi|hämehikkini|hämehikkilöistä|hämehikit|hämehikillä|hämehikistä|hämehikittä|hämehikkilöineh|hämehikkis|hämehikkilöissä|hämehikkilöittä|hämehikkih|hämehikkinä|hämehikkie	<i>noun</i><br><ol><li>(North Karelian) spider</li></ol>
hämähikkö|hämähiköššä|hämähikkölöidä|hämähikköh|hämähikköš|^(*)) Possessive forms are very rare for adjectives and only used in substantivised clauses.|hämähikkölöinke|hämähiköllä|hämähikkyö|hämähiköttä|hämähikkölöistä|hämähiköt|hämähikön|hämähikökši|hämähikkölöiksi|hämähiköldä|hämähikköni|hämähikönke|hämähiköštä|hämähikkölöin|hämähikkölöih|hämähikkölöittä|hämähikkönä|hämähikkölöinä|hämähikkölöillä|hämähikkölöissä|hämähikkölöildä	<i>noun</i><br><ol><li>(South Karelian) spider</li></ol>
höperö|höperyö|höperölöinä|höperölöillä|höperöh|höperöštä|höperönä|höperöjä|höperöttä|^(*)) Possessive forms are very rare for adjectives and only used in substantivised clauses.|höperöššä|höperökši|höperölöiltä|höperöt|höperöjen|höperölöittä|höperön|höperöš|höperölöistä|höperöltä|höperölöiksi|höperöni|höperölöineh|höperöllä|höperölöissä|höperölöih	<i>noun</i><br><ol><li>idiot</li></ol><br><i>adj</i><br><ol><li>dumb, stupid</li></ol>
höyry|höyryn|höyryy	<i>noun</i><br><ol><li>vapor</li><li>steam</li></ol>
ien	<i>noun</i><br><ol><li>gums</li></ol>
igä|ijän|igiä	<i>noun</i><br><ol><li>(South Karelian) age</li></ol>
igäraja	<i>noun</i><br><ol><li>age limit</li></ol>
ihmini	<i>noun</i><br><ol><li>a human being</li></ol>
ikä|ijän|ikyä	<i>noun</i><br><ol><li>(North Karelian) age</li></ol>
ilda|ildua|illan	<i>noun</i><br><ol><li>evening</li></ol>
ilmu|ilmua|ilman	<i>noun</i><br><ol><li>air</li></ol>
ilves|ilveksen|ilvesty	<i>noun</i><br><ol><li>lynx</li></ol>
imadra	<i>noun</i><br><ol><li>common polypody, Polypodium vulgare</li></ol>
inženieru	<i>noun</i><br><ol><li>engineer</li></ol>
istuo	<i>verb</i><br><ol><li>(intransitive) to sit</li></ol>
itikkä	<i>noun</i><br><ol><li>mosquito</li></ol>
iäni|iänin|iänie	<i>noun</i><br><ol><li>voice</li></ol>
iäniopilline	<i>adj</i><br><ol><li>(linguistics) phonetic</li></ol>
iäreh	<i>adv</i><br><ol><li>away</li></ol>
iče	<i>pron</i><br><ol><li>Used to emphasise the subject of the sentense; self, oneself</li></ol>
iččeh|iččieh|ičeltäh|ičettäh|ičekseh|ičelläh|iččenäh|ičestäh|ičessäh|iččeheh	<i>pron</i><br><ol><li>himself, herself, themself</li><li>themselves</li></ol>
iččeni|iččenäni|ičeltäni|iččeheni|ičessäni|ičestäni|ičelläni|ičettäni|ičekseni|iččieni	<i>pron</i><br><ol><li>myself</li><li>ourselves</li></ol>
iččes|ičettäs|ičeltäs|ičessäs|ičekses|iččehes|ičestäs|iččies|ičelläs|iččenäs	<i>pron</i><br><ol><li>thyself, yourself</li><li>yourselves</li></ol>
j|J	<i>character</i><br><ol><li>The tenth letter of the Karelian alphabet, called jii and written in the Latin script.</li></ol>
jalga|jalgoida|jaloin|jalat|^(*)) Possessive forms are very rare for adjectives and only used in substantivised clauses.|jalanke|jaloista|jalan|jalalla|jalatta|jaloilda|jalgoih|jalgana|jalgaš|jaloinke|jaloilla|jalakši|jaloitta|jaloissa|jalašta|jalgani|jalašša|jalgoina|jalalda|jaloiksi|jalgua|jalgah	<i>noun</i><br><ol><li>(South Karelian) foot, leg</li></ol>
jalka|jalat|jalkah|jalkua|jalkana|jaloilta|jalalta|^(*)) Possessive forms are very rare for adjectives and only used in substantivised clauses.|jaloista|jalan|jalalla|jalatta|jalkani|jalkaš|jaloineh|jaloilla|jalakši|jaloitta|jaloissa|jalašta|jalašša|jalkoja|jalkoina|jalkojen|jaloiksi|jalkoih	<i>noun</i><br><ol><li>(North Karelian) foot, leg</li></ol>
janhus|janhusta|janhuksen	<i>noun</i><br><ol><li>reaction wood</li><li>(rare) ski</li></ol>
jauho	<i>noun</i><br><ol><li>flour</li></ol>
jevrei	<i>noun</i><br><ol><li>Jew</li></ol>
jiä|jiän|jiädy	<i>noun</i><br><ol><li>ice</li></ol>
jiähä|jiäp	<i>verb</i><br><ol><li>To stay.</li></ol>
jo	<i>adv</i><br><ol><li>already</li></ol>
joga	<i>adj</i><br><ol><li>each</li></ol>
jogurtu	<i>noun</i><br><ol><li>yoghurt</li></ol>
jousi	<i>noun</i><br><ol><li>bow (weapon)</li></ol>
joučen|jouččenen|joučenta	<i>noun</i><br><ol><li>swan</li></ol>
jumala	<i>noun</i><br><ol><li>god</li></ol>
juosta	<i>verb</i><br><ol><li>run</li></ol>
juuri	<i>noun</i><br><ol><li>root</li></ol>
jälgi|jälgie|jällen	<i>noun</i><br><ol><li>trace</li><li>track</li></ol>
jänis|jäniksen|jänistä	<i>noun</i><br><ol><li>hare</li></ol>
kagla|kaglah|kagloiksi|kaglua|^(*)) Possessive forms are very rare for adjectives and only used in substantivised clauses.|kagloilla|kagloina|kaglatta|kaglalla|kaglašša|kagloitta|kagloista|kaglaš|kagloissa|kaglan|kaglanke|kaglat|kagloin|kaglani|kaglana|kagloinke|kagloida|kagloih|kaglalda|kaglašta|kagloilda|kaglakši	<i>noun</i><br><ol><li>(South Karelian) neck</li></ol>
kaheksan|kaheksasta|kaheksassa|kaheksalla|kaheksalta|kaheksana|kaheksatta|kaheksua|kaheksaksi|kaheksah	<i>num</i><br><ol><li>eight</li></ol>
kai	<i>adv</i><br><ol><li>all</li></ol>
kainalo	<i>noun</i><br><ol><li>armpit</li></ol>
kaivo|kaivon|kaivuo	<i>noun</i><br><ol><li>well (water source)</li></ol>
kaivoa	<i>verb</i><br><ol><li>To dig.</li></ol>
kakla|kaklašša|kaklašta|kakloitta|^(*)) Possessive forms are very rare for adjectives and only used in substantivised clauses.|kaklakši|kakloineh|kaklaš|kaklojen|kakloiksi|kaklua|kakloilla|kaklah|kaklana|kaklalta|kaklan|kakloista|kaklani|kaklalla|kaklat|kakloih|kakloja|kakloissa|kakloina|kaklatta|kakloilta	<i>noun</i><br><ol><li>(North Karelian) neck</li></ol>
kaksi|kaheksi|kahelta|kahteh|kahetta|kahessa|kahtena|kahen|kahesta|kahella|kahta	<i>num</i><br><ol><li>two</li></ol>
kala|kalana|kalalta|kaloissa|kalanke|kaloineh|^(*)) Possessive forms are very rare for adjectives and only used in substantivised clauses.|kalua|kalat|kalašta|kaloiksi|kaloida|kaloina|kalojen|kalatta|kalakši|kaloih|kalalda|kaloilda|kaloista|kaloilta|kalaš|kalalla|kalani|kaloin|kalašša|kaloilla|kalah|kaloitta|kaloja|kalan|kaloinke	<i>noun</i><br><ol><li>fish</li></ol>
kalakukko|kalakukon|kalakukkuo	<i>noun</i><br><ol><li>a dish similar to the Finnish kalakukko, more specifically resembling the kalakukko made in the Kainuu region</li></ol>
kallivo|kallivuo|kallivon	<i>noun</i><br><ol><li>rock</li></ol>
kampala	<i>noun</i><br><ol><li>righteye flounder, fish of the family Pleuronectidae or genus Pleuronectes</li></ol>
kana|kanoina|kanoih|^(*)) Possessive forms are very rare for adjectives and only used in substantivised clauses.|kanalda|kanakši|kanojen|kanatta|kanoja|kanaš|kanoista|kananke|kanan|kanoida|kanoissa|kanoinke|kanašša|kanoitta|kanat|kanoin|kanoilla|kanalla|kanani|kanana|kanašta|kanalta|kanoilda|kanoiksi|kanah|kanua|kanoineh|kanoilta	<i>noun</i><br><ol><li>hen</li></ol>
kando|kannot|kanduo	<i>noun</i><br><ol><li>stump</li></ol>
kandu	<i>noun</i><br><ol><li>heel</li></ol>
kangas|kankahien|kankahiksi|kankahina|kankahih|kangahie|kankahaksi|kankahan|kankahalta|kankahah|kankahin|kankahilta|kangasta|kankahineh|kankahilla|kankahista|kankahalla|kankahasta|kankahatta|kankahissa|kankahitta|kankahassa|kankahana|kangahat	<i>noun</i><br><ol><li>fabric</li></ol>
kannates|kannatestu|kannateksen	<i>noun</i><br><ol><li>sour cream</li></ol>
karhei	<i>adj</i><br><ol><li>rough</li></ol>
kariela|karieloissa|karieloih|karielanke|^(*)) Possessive forms are very rare for adjectives and only used in substantivised clauses.|karieloin|karieloista|karielan|karielašta|karieloilla|karielah|karieloiksi|karieloina|karielua|karielatta|karieloilda|karielani|karielana|karielalda|karielakši|karielalla|karielaš|karielašša|karieloitta|karieloinke|karielat|karieloida	<i>noun</i><br><ol><li>(South Karelian) Karelian language</li></ol>
karjala|karjaloja|^(*)) Possessive forms are very rare for adjectives and only used in substantivised clauses.|karjaloiksi|karjalojen|karjalah|karjalašta|karjalua|karjaloilla|karjaloih|karjalani|karjalašša|karjaloitta|karjalan|karjalana|karjaloista|karjalatta|karjalaš|karjalalla|karjaloissa|karjalakši|karjalat|karjaloineh|karjalalta|karjaloina|karjaloilta	<i>noun</i><br><ol><li>(North Karelian) Karelian language</li></ol>
karju|karjan|karjua	<i>noun</i><br><ol><li>cattle</li></ol>
kartouhka	<i>noun</i><br><ol><li>potato</li></ol>
karu	<i>noun</i><br><ol><li>devil</li></ol>
kaste	<i>noun</i><br><ol><li>dew</li></ol>
kate	<i>noun</i><br><ol><li>cover</li></ol>
kaunis|kaunehie|kauneheksi|kaunehih|kaunehin|kaunehet|kaunehen|kaunehelta|kaunehessa|kaunehena|kaunehesta|kaunehineh|kaunehilla|kaunista|kaunehella|kaunehetta|kauneheh|kaunehiksi|kaunehien|kaunehilta|kaunehissa|kaunehitta|kaunehista|kaunehina	<i>adj</i><br><ol><li>pretty, beautiful</li></ol>
kazi	<i>noun</i><br><ol><li>cat</li></ol>
keli	<i>noun</i><br><ol><li>road</li></ol>
kello|kellon|kelluo	<i>noun</i><br><ol><li>clock</li></ol>
kellä keččinä kupajau, še kylyn löytäy|še kylyn löytäy|kellä keččinä kupajau	<i>proverb</i><br><ol><li>Necessity and urge make people find solutions to their problems.</li></ol>
ken|kenen|kenessä|keneh|keltä|kenestä|keneksi|ketä|kettä|kellä|kenenä|ket	<i>pron</i><br><ol><li>who?</li></ol>
kennih|kenestänih|kenennih|keneltänih|ketänih|kenessänih|kenehnih|keneksinih|kenettänih|kenellänih|kenenänih|ketnih	<i>pron</i><br><ol><li>someone, somebody</li><li>anyone, anybody</li></ol>
kerppu|kerppuna|kerput|kerpulta|^(*)) Possessive forms are very rare for adjectives and only used in substantivised clauses.|kerppuh|kerppuo|kerppuja|kerppuloissa|kerppuloiksi|kerppuni|kerppuš|kerpukši|kerputta|kerppuloista|kerpun|kerppuloih|kerpušša|kerppuloina|kerppuloineh|kerpušta|kerppuloitta|kerpulla|kerppuloilta|kerppujen|kerppuloilla	<i>noun</i><br><ol><li>dried branch used to feed livestock in the winter</li></ol>
kerros|kerroksen|kerrostu	<i>noun</i><br><ol><li>layer</li></ol>
keskus|keskustu|keskuksen	<i>noun</i><br><ol><li>centre</li></ol>
keyhä	<i>adj</i><br><ol><li>poor, not rich</li></ol>
keški-ikäni	<i>adj</i><br><ol><li>middle-aged</li></ol>
kibie	<i>adj</i><br><ol><li>sore, aching, painful</li></ol>
kibu	<i>noun</i><br><ol><li>pain</li></ol>
kiehua	<i>verb</i><br><ol><li>boil</li></ol>
kieli|kieleštä|kielilöinä|kielen|kielellä|kieleš|^(*)) Possessive forms are very rare for adjectives and only used in substantivised clauses.|kielilöillä|kielilöidä|kielet|kielilöistä|kielilöin|kielilöih|kielenke|kielijä|kielilöittä|kielilöinke|kielettä|kieleni|kielilöissä|kieleldä|kieleh|kielinä|kielih|kieldä|kielien|kieleššä|kieleltä|kielekši|kielilöiltä|kielilöildä|kielilöineh|kielilöiksi|kieltä	<i>noun</i><br><ol><li>tongue</li><li>language</li><li>clanger, clapper</li></ol>
kilpikonna	<i>noun</i><br><ol><li>turtle, tortoise (Testudines)</li></ol>
kirikkö|kirikökši|kirikköjen|kirikkölöinä|^(*)) Possessive forms are very rare for adjectives and only used in substantivised clauses.|kirikköh|kirikkölöineh|kirikkölöidä|kirikkölöinke|kirikkönä|kirikkölöillä|kirikkölöistä|kiriköttä|kirikköš|kirikön|kirikkölöildä|kiriköllä|kirikönke|kirikkölöittä|kirikkölöissä|kiriköštä|kirikkölöin|kirikköni|kiriköššä|kirikkölöiksi|kiriköt|kirikkölöiltä|kiriköldä|kirikköjä|kirikkölöih|kiriköltä|kirikkyö	<i>noun</i><br><ol><li>church</li></ol>
kirja|kirjua|kirjoilla|kirjoineh|kirjatta|^(*)) Possessive forms are very rare for adjectives and only used in substantivised clauses.|kirjana|kirjoitta|kirjanke|kirjaš|kirjalta|kirjoista|kirjoja|kirjat|kirjah|kirjalda|kirjoina|kirjoilta|kirjoiksi|kirjašša|kirjalla|kirjoih|kirjoida|kirjakši|kirjoilda|kirjoin|kirjani|kirjojen|kirjan|kirjoissa|kirjašta|kirjoinke	<i>noun</i><br><ol><li>letter</li><li>pattern</li><li>(North Karelian) book</li></ol>
kirjain|kirjaimen|kirjaindu	<i>noun</i><br><ol><li>letter (character)</li></ol>
kirves|kirvesty|kirvehen	<i>noun</i><br><ol><li>axe</li></ol>
kissa	<i>noun</i><br><ol><li>cat</li></ol>
kivari	<i>noun</i><br><ol><li>(Suojärvi, Korpiselkä) rifle</li></ol>
kivi|kiven|kivie	<i>noun</i><br><ol><li>stone</li></ol>
klaviatuuru	<i>noun</i><br><ol><li>keyboard (set of keys used to operate a typewriter, computer etc).</li></ol>
kniiga|kniigakši|kniigoilla|kniigoiksi|kniigoinke|kniigani|^(*)) Possessive forms are very rare for adjectives and only used in substantivised clauses.|kniigoina|kniigah|kniigalla|kniigoida|kniiganke|kniigoissa|kniigoista|kniigoin|kniigua|kniigoilda|kniigatta|kniigoitta|kniigaš|kniigašta|kniigana|kniigat|kniigoih|kniigan|kniigašša|kniigalda	<i>noun</i><br><ol><li>(South Karelian) book</li></ol>
kniäzä	<i>noun</i><br><ol><li>sovereign prince</li><li>ridgepole</li></ol>
ko	<i>particle</i><br><ol><li>like, as</li></ol>
kodi|koin|kodii	<i>noun</i><br><ol><li>home</li></ol>
kodielätti	<i>noun</i><br><ol><li>domestic animal</li></ol>
kofeidu|kofeidun|kofeidua	<i>noun</i><br><ol><li>coffee</li></ol>
kohta	<i>noun</i><br><ol><li>place</li></ol>
koi	<i>noun</i><br><ol><li>moth</li></ol>
koira|koirinke|koirin|koirah|koiran|koirilta|koirineh|^(*)) Possessive forms are very rare for adjectives and only used in substantivised clauses.|koirakši|koiralla|koirilda|koiriksi|koirani|koiralta|koirašša|koirat|koirie|koirih|koirua|koirašta|koirissa|koirilla|koiritta|koirana|koiralda|koiratta|koirina|koiranke|koiraš|koirien|koirista	<i>noun</i><br><ol><li>dog</li></ol>
koivu|koivun|koivuu	<i>noun</i><br><ol><li>birch</li></ol>
kolmas	<i>adj</i><br><ol><li>third</li></ol>
kolme|kolmesta|kolmeksi|kolmena|kolmella|kolmie|kolmetta|kolmen|kolmelta|kolmeh|kolmessa	<i>num</i><br><ol><li>three</li></ol>
kommunizmu	<i>noun</i><br><ol><li>communism</li></ol>
kondie	<i>noun</i><br><ol><li>bear</li></ol>
korbi|korbie|korven	<i>noun</i><br><ol><li>deep forest</li></ol>
korgie|korgieda|korgietä|^(*)) Possessive forms are very rare for adjectives and only used in substantivised clauses.|korgeistä|korgeinä|korgieltä|korgeiksi|korgiet|korgeissä|korgiettä|korgeijen|korgieš|korgeittä|korgeitä|korgeiltä|korgieni|korgeih|korgieštä|korgieššä|korgieh|korgien|korgiellä|korgeillä|korgienä|korgiekši|korgeineh	<i>noun</i><br><ol><li>(South Karelian) high, tall</li></ol>
korkie|korkiet|korkeiltä|korkienä|^(*)) Possessive forms are very rare for adjectives and only used in substantivised clauses.|korkieta|korkeiksi|korkeissä|korkieššä|korkieni|korkeineh|korkiellä|korkeillä|korkieštä|korkiekši|korkietä|korkien|korkeittä|korkieh|korkeijen|korkeih|korkeinä|korkeistä|korkieltä|korkeitä|korkieš|korkiettä	<i>noun</i><br><ol><li>(North Karelian) high, tall</li></ol>
kormano|kormani|kormanin|kormanuo|kormanon|kormanie	<i>noun</i><br><ol><li>pocket</li></ol>
korva|korvan|korvua	<i>noun</i><br><ol><li>ear</li></ol>
korvasieni|korvasienen|korvasiendä	<i>noun</i><br><ol><li>mushroom of the genus Gyromitra</li></ol>
koski	<i>noun</i><br><ol><li>waterfall</li></ol>
kotka	<i>noun</i><br><ol><li>eagle</li></ol>
koufei	<i>noun</i><br><ol><li>coffee</li></ol>
kova	<i>adj</i><br><ol><li>hard</li></ol>
kravatti	<i>noun</i><br><ol><li>bed</li></ol>
kruuška|kruuškan|kruuškua	<i>noun</i><br><ol><li>mug, stein</li></ol>
ku|kuna|kuh|kulta|kussa|kuta|kulla|kun|kuksi|kusta|kutta|kut	<i>det</i><br><ol><li>which?</li></ol><br><i>pron</i><br><ol><li>which, that</li></ol>
kuari	<i>noun</i><br><ol><li>bow (weapon)</li></ol>
kuatua|kuan|kuatau	<i>noun</i><br><ol><li>to fall</li><li>to pour (out); to spill</li></ol>
kui	<i>adv</i><br><ol><li>how</li></ol>
kuivata	<i>verb</i><br><ol><li>dry</li></ol>
kujo|kujuo|kujon	<i>noun</i><br><ol><li>alley</li></ol>
kukki	<i>noun</i><br><ol><li>cock</li></ol>
kukko|kukkoloida|kukkoš|kukkoloitta|kukkoloineh|kukokši|kukolda|^(*)) Possessive forms are very rare for adjectives and only used in substantivised clauses.|kukkoloissa|kukkojen|kukkoja|kukošša|kukkoloinke|kukkuo|kukkoloin|kukolla|kukotta|kukkoloiksi|kukkoh|kukko|kukkoa|kukošta|kukon|kukkoni|kukkoloilla|kukolta|kukkoloilda|kukkoloina|kukot|kukkoloih|kukkoloilta|kukkona|kukonke|kukkoloista	<i>noun</i><br><ol><li>rooster</li><li>A type of pie.</li><li>A rude gesture of fist and a thumb stuck between the index and middle fingers.</li></ol>
kukoi	<i>noun</i><br><ol><li>cock</li></ol>
kulli|kullin	<i>noun</i><br><ol><li>curlew</li></ol>
kulʹtura|kulʹturan|kulʹturua	<i>noun</i><br><ol><li>culture</li></ol>
kumpani|kumpasesta|kumpasie|kumpasetta|kumpasilla|kumpasih|kumpasissa|kumpaset|kumpasella|kumpasista|kumpasina|kumpaselta|kumpasitta|kumpaseksi|kumpaseh|kumpasena|kumpasien|kumpasen|kumpasilta|kummaista|kumpasiksi|kumpasessa	<i>det</i><br><ol><li>which? (of two)</li></ol><br><i>pron</i><br><ol><li>which, that</li></ol>
kumpi|kummaksi|kummiksi|kummat|kummassa|kumpana|kummalta|kumpina|kumpien|kumpih|kummista|kummilla|kummitta|kumpah|kummalla|kummatta|kumman|kumpua|kummissa|kummasta|kummilta	<i>pron</i><br><ol><li>which? (of two)</li></ol>
kuninkas|kuninkahan|kuninkasta	<i>noun</i><br><ol><li>king</li><li>emperor, tsar</li></ol>
kunne	<i>adv</i><br><ol><li>whither</li></ol>
kunneba	<i>pron</i><br><ol><li>Where.</li></ol>
kuolla	<i>verb</i><br><ol><li>die</li></ol>
kuoppu	<i>noun</i><br><ol><li>pit</li></ol>
kuori	<i>noun</i><br><ol><li>bark</li></ol>
kurgi|kurgie|kuren	<i>noun</i><br><ol><li>(South Karelian) crane</li></ol>
kurikka|kurikan|kurikkua	<i>noun</i><br><ol><li>mallet</li><li>a swelling</li><li>forced auction of foreclosed property</li><li>a piece of wood tied to a sheep's neck in order to prevent it from jumping over a fence</li></ol>
kurki|kurkie|kuren	<i>noun</i><br><ol><li>(North Karelian) crane</li></ol>
kus	<i>pron</i><br><ol><li>where</li></ol>
kuukaudizet	<i>noun</i><br><ol><li>(medicine) menstruation</li></ol>
kuulo|kuuluo|kuulon	<i>noun</i><br><ol><li>the sense of hearing</li></ol>
kuuma	<i>adj</i><br><ol><li>hot</li></ol>
kuusi|kuuvveksi|kuuvvelta|kuuvven|kuuvvesta|kuuteh|kuutena|kuuvvessa|kuuvvella|kuutta|kuuvvetta	<i>num</i><br><ol><li>six</li></ol><br><i>noun</i><br><ol><li>spruce</li></ol>
kuva|kuvoiksi|kuvani|kuvalta|^(*)) Possessive forms are very rare for adjectives and only used in substantivised clauses.|kuvat|kuvoista|kuvoilda|kuvanke|kuvoineh|kuvoida|kuvoin|kuvoja|kuvalda|kuvojen|kuvašta|kuvoinke|kuvoina|kuvah|kuvoilla|kuvatta|kuvoilta|kuvana|kuvašša|kuvakši|kuvua|kuvoitta|kuvan|kuvoissa|kuvalla|kuvaš|kuva|kuvoih	<i>noun</i><br><ol><li>(North Karelian) image</li><li>(North Karelian) figure</li><li>(North Karelian) painting</li><li>(North Karelian) illustration</li><li>(North Karelian) photograph</li><li>boottree</li></ol>
kuvves	<i>adj</i><br><ol><li>sixth</li></ol>
kučču|kuččuu|kučun	<i>noun</i><br><ol><li>call, invitation</li></ol>
kylvö|kylvölöiksi|kylvöldä|kylvöttä|kylvöššä|kylvölöinke|^(*)) Possessive forms are very rare for adjectives and only used in substantivised clauses.|kylvöjen|kylvölöiltä|kylvölöin|kylvölöidä|kylvölöittä|kylvölöillä|kylvönke|kylvyö|kylvöltä|kylvöh|kylvölöih|kylvön|kylvökši|kylvöštä|kylvönä|kylvölöistä|kylvöš|kylvölöineh|kylvöllä|kylvöjä|kylvölöissä|kylvölöinä|kylvöt|kylvöni|kylvölöildä	<i>noun</i><br><ol><li>sowing</li></ol>
kyly|kylylöidä|kylyö|kylyltä|kylyt|kylyššä|^(*)) Possessive forms are very rare for adjectives and only used in substantivised clauses.|kylyn|kylylöillä|kylylöineh|kylylöistä|kylyttä|kylylöildä|kylylöiltä|kylylöin|kylyjen|kylylöittä|kylyjä|kylyš|kylylöih|kylynä|kylyni|kylyllä|kylykši|kylyštä|kylylöiksi|kylyh|kylynke|kylylöissä|kylylöinke|kylylöinä|kylyldä	<i>noun</i><br><ol><li>sauna</li></ol>
kylä|kylän|kyliä	<i>noun</i><br><ol><li>village</li></ol>
kymmenen	<i>num</i><br><ol><li>ten</li></ol>
kymmeni	<i>num</i><br><ol><li>ten</li></ol>
kyngä|kyngättä|kynginke|kyngänke|kyngäkši|^(*)) Possessive forms are very rare for adjectives and only used in substantivised clauses.|kyngissä|kyngiä|kyngäh|kyngäldä|kyngänä|kyngäššä|kyngiksi|kynginä|kyngillä|kyngie|kyngän|kyngih|kyngäni|kyngittä|kyngin|kyngäš|kyngistä|kyngäštä|kyngällä|kyngät|kyngildä	<i>noun</i><br><ol><li>(South Karelian) elbow</li></ol>
kynkä|kynkän|kynkät|^(*)) Possessive forms are very rare for adjectives and only used in substantivised clauses.|kynkäš|kynkältä|kynkie|kynkien|kynkäni|kynkillä|kynkiksi|kynkäh|kynkättä|kynkittä|kynkällä|kynkänä|kynkäššä|kynkissä|kynkistä|kynkineh|kynkäštä|kynkäkši|kynkyä|kynkinä|kynkiltä|kynkih	<i>noun</i><br><ol><li>(North Karelian) elbow</li></ol>
kynsi	<i>noun</i><br><ol><li>(Northern, anatomy) fingernail</li></ol>
kynzi|kynty|kynnen	<i>noun</i><br><ol><li>(anatomy) fingernail</li></ol>
kyynäl|kyynältä|kyynälen	<i>noun</i><br><ol><li>tear (of the eyes)</li></ol>
käby	<i>noun</i><br><ol><li>cone (of pine)</li></ol>
kägi|kägie|keän	<i>noun</i><br><ol><li>cuckoo</li></ol>
kägöi|kägöin|kägöidä	<i>noun</i><br><ol><li>cuckoo</li></ol>
käly	<i>noun</i><br><ol><li>A sister-in-law.</li></ol>
kämmen	<i>noun</i><br><ol><li>palm (of the hand)</li></ol>
käppä	<i>noun</i><br><ol><li>(anatomy) bird's foot</li></ol>
kätyt|kätyttä|kätkyön	<i>noun</i><br><ol><li>cradle</li></ol>
kävellä	<i>verb</i><br><ol><li>to walk</li></ol>
käyvvä	<i>verb</i><br><ol><li>(intransitive) to walk</li><li>(intransitive) to go</li><li>(transitive) to bring, fetch</li><li>(intransitive) to ferment</li></ol>
käzi|käin|kätty	<i>noun</i><br><ol><li>(Southern) hand</li></ol>
käümäl	<i>noun</i><br><ol><li>toilet</li></ol>
küümado	<i>noun</i><br><ol><li>viper (a poisonous snake in the family Viperidae)</li></ol>
laba	<i>noun</i><br><ol><li>blade (a flat surface)</li></ol>
lagi	<i>noun</i><br><ol><li>ceiling</li></ol>
lahota	<i>verb</i><br><ol><li>rot</li></ol>
laineh|lainehtu|lainehen	<i>noun</i><br><ol><li>wave</li></ol>
laksi|lahta|lahen	<i>noun</i><br><ol><li>bay, gulf</li></ol>
lambi|lammen|lambie	<i>noun</i><br><ol><li>(Southern) pond</li></ol>
lammaš|lammašta|lambahan	<i>noun</i><br><ol><li>sheep</li></ol>
langa	<i>noun</i><br><ol><li>yarn</li></ol>
langeta	<i>verb</i><br><ol><li>fall</li></ol>
lapie|lapien	<i>noun</i><br><ol><li>shovel</li><li>spade</li><li>peel (baking tool)</li><li>trowel (mason's)</li></ol>
late|latetta|lattien	<i>noun</i><br><ol><li>floor</li></ol>
laukku|laukuo|laukun	<i>noun</i><br><ol><li>bag</li></ol>
lehmä	<i>noun</i><br><ol><li>cow</li></ol>
lehti|lehteni|^(*)) Possessive forms are very rare for adjectives and only used in substantivised clauses.|lehtien|lehettä|lehtilöittä|lehtilöin|lehtih|lehtilöineh|lehtilöiksi|lehtilöinke|leheštä|lehellä|lehtinä|leheldä|lehtilöinä|lehtilöidä|lehtilöih|lehteš|lehteh|lehtilöissä|lehenke|lehtilöillä|lehtijä|lehtilöiltä|lehtilöildä|lehtie|lehet|lehen|leheššä|lehtilöistä|lehekši|leheltä	<i>noun</i><br><ol><li>leaf</li><li>page</li></ol>
leibä	<i>noun</i><br><ol><li>bread</li></ol>
leikata	<i>verb</i><br><ol><li>cut</li></ol>
leikkuu|leikkuun|leikkuuta	<i>noun</i><br><ol><li>harvest</li><li>operation (medicine)</li></ol>
lendo	<i>noun</i><br><ol><li>flight (the act of flying)</li></ol>
leski	<i>noun</i><br><ol><li>widow, widower</li></ol>
leuka|leukua|leuvan	<i>noun</i><br><ol><li>jaw</li><li>chin</li></ol>
levehyš	<i>noun</i><br><ol><li>width, breadth</li></ol>
levie	<i>adj</i><br><ol><li>wide</li></ol>
liekki	<i>noun</i><br><ol><li>flame</li></ol>
liemi	<i>noun</i><br><ol><li>broth</li></ol>
lieto	<i>noun</i><br><ol><li>sand</li></ol>
liga	<i>noun</i><br><ol><li>mud</li></ol>
liha	<i>noun</i><br><ol><li>flesh</li></ol>
liitto|liittuo|liiton	<i>noun</i><br><ol><li>union</li></ol>
lindu|linnun|linduu	<i>noun</i><br><ol><li>bird</li></ol>
linna	<i>noun</i><br><ol><li>town</li><li>city</li></ol>
lintu	<i>noun</i><br><ol><li>bird</li></ol>
lisätä	<i>verb</i><br><ol><li>(transitive) to add</li><li>(transitive) to increase</li></ol>
liävä|liävällä|liävöittä|liävän|liävöinä|^(*)) Possessive forms are very rare for adjectives and only used in substantivised clauses.|liävöin|liävyä|liävöjä|liäväni|liävöiltä|liäväššä|liävöidä|liäväldä|liävänä|liäväštä|liävänke|liävöjen|liävöineh|liäväkši|liävöinke|liävöildä|liävöissä|liävät|liävöillä|liäväš|liävöistä|liäviä|liäväh|liävältä|liävättä|liävöih|liävöiksi	<i>noun</i><br><ol><li>shed; cote, especially for sheep or goats</li></ol>
lokka|lokin|lokkien|lokkih|lokilda|lokanke|^(*)) Possessive forms are very rare for adjectives and only used in substantivised clauses.|lokinke|lokkani|lokkua|lokitta|lokkah|lokalta|lokašta|lokkana|lokkie|lokat|lokiksi|lokkaš|lokilla|lokissa|lokatta|lokalla|lokilta|lokkina|lokan|lokista|lokašša|lokineh|lokalda|lokakši	<i>noun</i><br><ol><li>gull; especially the common gull (Larus canus)</li></ol>
loppu	<i>noun</i><br><ol><li>end</li></ol>
louhki	<i>adj</i><br><ol><li>generous</li></ol>
lugu	<i>noun</i><br><ol><li>number</li></ol>
luikku|luikun	<i>noun</i><br><ol><li>goose</li><li>shinbone, tibia</li><li>cottongrass (Eriophorum)</li></ol>
lukku|lukušta|lukkuloilta|lukutta|lukkuloineh|lukun|lukukši|lukulla|lukut|lukkuna|lukkuloinke|lukkuloilda|^(*)) Possessive forms are very rare for adjectives and only used in substantivised clauses.|lukkuloina|lukkujen|lukulta|lukkuloih|lukulda|lukkuloilla|lukkuloitta|lukunke|lukkuja|lukkuš|lukkuh|lukkuloin|lukkuni|lukkuo|lukušša|lukkuloista|lukkuloiksi|lukkuloissa|lukkuloida	<i>noun</i><br><ol><li>lock</li></ol>
lumi|lumiloilla|lumih|lumiloinke|lumešta|lumetta|lumenke|lunda|lumiloiksi|lumet|lumiloilda|^(*)) Possessive forms are very rare for adjectives and only used in substantivised clauses.|lumiloina|lumeš|lumija|lumiloineh|lumiloissa|lumelda|lumiloida|lumeh|lumien|lumiloista|lunta|lumiloin|lumina|lumen|lumiloilta|lumekši|lumiloih|lumeni|lumelta|lumešša|lumiloitta|lumella	<i>noun</i><br><ol><li>snow</li></ol>
lumiukko|lumiukkoloiksi|lumiukkoloin|lumiukon|^(*)) Possessive forms are very rare for adjectives and only used in substantivised clauses.|lumiukokši|lumiukkoloina|lumiukošša|lumiukkoni|lumiukkoloilta|lumiukolla|lumiukkojen|lumiukošta|lumiukkoloilla|lumiukkoh|lumiukolta|lumiukonke|lumiukkona|lumiukkoloida|lumiukotta|lumiukkoloilda|lumiukkoja|lumiukkoloinke|lumiukolda|lumiukkoloineh|lumiukkoloih|lumiukkoloissa|lumiukot|lumiukkoloista|lumiukkuo|lumiukkoloitta|lumiukkoš	<i>noun</i><br><ol><li>snowman</li></ol>
lupa	<i>noun</i><br><ol><li>permission</li></ol>
luu	<i>noun</i><br><ol><li>bone</li></ol>
lyhyt	<i>adj</i><br><ol><li>short</li></ol>
lyly|lylyö|lylyn	<i>noun</i><br><ol><li>reaction wood</li><li>longer ski for the left foot</li></ol>
lähte|lähtien|lähtetty	<i>noun</i><br><ol><li>spring</li><li>source</li></ol>
lämmin	<i>adj</i><br><ol><li>warm</li></ol>
mado|maduo|mavon	<i>noun</i><br><ol><li>(Southern) snake</li></ol>
magu	<i>noun</i><br><ol><li>taste</li></ol>
magua	<i>verb</i><br><ol><li>to sleep</li></ol>
maha	<i>noun</i><br><ol><li>stomach</li></ol>
maido|maiduo|maijon	<i>noun</i><br><ol><li>(South Karelian) milk</li></ol>
mainita	<i>verb</i><br><ol><li>mention</li></ol>
maito|maituo|maijon	<i>noun</i><br><ol><li>(North Karelian) milk</li></ol>
maksu	<i>noun</i><br><ol><li>pay</li></ol>
mančikka|mančikkoina|mančikoissa|mančikkua|mančikoista|mančikalda|^(*)) Possessive forms are very rare for adjectives and only used in substantivised clauses.|mančikkaš|mančikoilda|mančikašša|mančikanke|mančikašta|mančikkana|mančikoinke|mančikkoida|mančikkoih|mančikakši|mančikoilla|mančikatta|mančikoin|mančikalla|mančikan|mančikoitta|mančikat|mančikkani|mančikoiksi|mančikkah	<i>noun</i><br><ol><li>(South Karelian) strawberry</li></ol>
manšikka|manšikoiksi|manšikoitta|^(*)) Possessive forms are very rare for adjectives and only used in substantivised clauses.|manšikkoja|manšikalla|manšikkah|manšikoilla|manšikkani|manšikan|manšikkojen|manšikkoina|manšikoissa|manšikašta|manšikalta|manšikkaš|manšikoista|manšikakši|manšikkana|manšikkoih|manšikkua|manšikoineh|manšikatta|manšikašša|manšikat|manšikoilta	<i>noun</i><br><ol><li>(North Karelian) strawberry</li></ol>
mehiläini|mehiläisilta|mehiläiseksi|mehiläisineh|mehiläisista|mehiläiseh|mehiläisen|mehiläisissä|mehiläisinä|mehiläisiksi|mehiläiseltä|mehiläistä|mehiläisessä|mehiläisittä|mehiläiset|mehiläisenä|mehiläisih|mehiläisestä|mehiläisellä|mehiläisien|mehiläisettä|mehiläisillä	<i>noun</i><br><ol><li>wild bee</li></ol>
mehu|mehuu|mehun	<i>noun</i><br><ol><li>juice</li></ol>
mela	<i>noun</i><br><ol><li>paddle</li></ol>
meno	<i>noun</i><br><ol><li>course</li></ol>
meri|mertä|meren	<i>noun</i><br><ol><li>sea</li></ol>
meriharakka|meriharakan|meriharakkua	<i>noun</i><br><ol><li>Eurasian oystercatcher (Haematopus ostralegus)</li></ol>
mesikämmen	<i>noun</i><br><ol><li>bear (Ursus arctos)</li></ol>
mečetti	<i>noun</i><br><ol><li>mosque</li></ol>
mečästämine	<i>noun</i><br><ol><li>hunting</li></ol>
meččo|mečotta|meččoloih|mečon|meččoš|mečolla|^(*)) Possessive forms are very rare for adjectives and only used in substantivised clauses.|mečošša|meččuo|meččoloineh|meččoloitta|meččoloida|mečolta|meččoloissa|meččoloin|meččojen|mečot|meččoja|meččoloilda|meččoloina|meččoloilta|mečolda|mečošta|meččoni|mečokši|meččoh|meččoloilla|meččoloista|meččoloiksi|mečonke|meččona|meččoloinke	<i>noun</i><br><ol><li>capercaillie</li></ol>
meččä|mečäštä|mečittä|meččinä|meččänä|mečinke|^(*)) Possessive forms are very rare for adjectives and only used in substantivised clauses.|mečän|meččyä|mečällä|mečättä|mečänke|mečissä|mečineh|meččiä|mečin|mečäššä|mečiksi|mečältä|meččie|mečistä|mečiltä|mečillä|mečäldä|meččäh|mečät|meččäš|meččih|meččäni|meččien|mečildä|mečäkši	<i>noun</i><br><ol><li>forest</li></ol>
mi|mih|miksi|millä|mittä|mistä|min|miltä|missä|mit|minä|mitä	<i>pron</i><br><ol><li>what?</li><li>which, that</li></ol>
mie|miušta|miut|myö|miula|miulta|meilä|meistä|miutta|meiltä|miukši|miät|meinke|miuh|meidä|miun|meissä|miulda|meijät|meijän|meildä|meinä|miušša|meittä|meiksi|meitä|miän|milma|meih|miunke|miuna	<i>pron</i><br><ol><li>I</li></ol>
mie šilma šuvačen	<i>phrase</i><br><ol><li>I love you</li></ol>
mieli	<i>noun</i><br><ol><li>mind (sense)</li></ol>
miero	<i>noun</i><br><ol><li>world</li></ol>
mieš|miehen|mieštä	<i>noun</i><br><ol><li>man</li><li>husband</li></ol>
miiloi	<i>noun</i><br><ol><li>A love, one whom a person loves</li></ol>
miljardi	<i>num</i><br><ol><li>milliard, billion (10⁹)</li></ol>
miljoona	<i>num</i><br><ol><li>million</li></ol>
minih|mistänih|miltänih|missänih|mihnih|minänih|mittänih|miksinih|minnih|mitnih|millänih|mitänih	<i>pron</i><br><ol><li>something</li><li>anything</li></ol>
moine	<i>adj</i><br><ol><li>such</li></ol>
mua|muašta|^(*)) Possessive forms are very rare for adjectives and only used in substantivised clauses.|muanke|main|mailta|maista|maineh|maida|muašša|muada|maih|muakši|muata|muani|muatta|mailda|maitta|maina|muat|mualta|maijen|muana|maita|mainke|maissa|maiksi|muaš|mualla|muan|mualda|mailla|muah	<i>noun</i><br><ol><li>earth</li><li>land</li><li>soil</li></ol>
muamo|muamošta|muamona|muamolda|muamoloin|^(*)) Possessive forms are very rare for adjectives and only used in substantivised clauses.|muamon|muamoš|muamot|muamoloih|muamoloitta|muamojen|muamolla|muamoloina|muamoloinke|muamoloineh|muamoloista|muamoloilta|muamotta|muamokši|muamoloissa|muamoloilda|muamuo|muamoloilla|muamoja|muamoni|muamonke|muamoh|muamošša|muamoloida|muamolta|muamoloiksi	<i>noun</i><br><ol><li>mother, mum</li></ol>
muda	<i>noun</i><br><ol><li>(Southern) mud</li></ol>
muga	<i>adv</i><br><ol><li>so</li></ol>
murgina	<i>noun</i><br><ol><li>lunch</li></ol>
muru	<i>noun</i><br><ol><li>crumb</li></ol>
mustua	<i>verb</i><br><ol><li>(dialectal) Alternative form of muistoa</li></ol>
muu	<i>pron</i><br><ol><li>the other, another</li></ol><br><i>det</i><br><ol><li>other, another</li></ol>
mušta	<i>adj</i><br><ol><li>black</li></ol>
myö|miušta|miut|mie|miula|miulta|meilä|meistä|miutta|meiltä|miukši|miät|meinke|miuh|meidä|miun|meissä|miulda|meijät|meijän|meildä|meinä|miušša|meittä|meiksi|meitä|miän|milma|meih|miunke|miuna	<i>pron</i><br><ol><li>we</li></ol>
mägi|mäin|mägie	<i>noun</i><br><ol><li>hill, mountain</li></ol>
mägrä|mägräkši|mägränä|^(*)) Possessive forms are very rare for adjectives and only used in substantivised clauses.|mägrittä|mägräštä|mägrällä|mägristä|mägrin|mägräš|mägrillä|mägriä|mägräh|mägrildä|mägräldä|mägrinke|mägrän|mägrinä|mägränke|mägriksi|mägrissä|mägräššä|mägräni|mägrih|mägrättä|mägrie|mägrät	<i>noun</i><br><ol><li>(South Karelian) badger</li></ol>
mähnä	<i>noun</i><br><ol><li>roe (of fish)</li></ol>
mäkrä|mäkrie|mäkristä|mäkrih|mäkrien|mäkrättä|mäkräni|^(*)) Possessive forms are very rare for adjectives and only used in substantivised clauses.|mäkrinä|mäkräš|mäkriksi|mäkräh|mäkrissä|mäkräkši|mäkryä|mäkrän|mäkrät|mäkräššä|mäkrittä|mäkrältä|mäkrineh|mäkräštä|mäkrällä|mäkrillä|mäkränä|mäkriltä	<i>noun</i><br><ol><li>(North Karelian) badger</li></ol>
mändy	<i>noun</i><br><ol><li>pine</li></ol>
männä|mänöy|mennä|mänen	<i>verb</i><br><ol><li>(intransitive) to go</li></ol>
mänty	<i>noun</i><br><ol><li>pine</li></ol>
määhnä	<i>noun</i><br><ol><li>roe of fish</li></ol>
n'okka|n'okkua|n'okan	<i>noun</i><br><ol><li>beak, bill, rostrum (anatomical structure of birds)</li><li>beak (any beaklike object)</li><li>a person's nose, face.</li></ol>
n'ukkuo|n'ukkuu|n'ukun	<i>verb</i><br><ol><li>To doze.</li><li>To have a nap.</li></ol>
nado	<i>noun</i><br><ol><li>sister-in-law</li></ol>
nagro|nagron|nagruo	<i>noun</i><br><ol><li>laugh</li></ol>
naine|naista|naizen	<i>noun</i><br><ol><li>woman</li><li>wife</li></ol>
nakrua|nakran|nakrau	<i>verb</i><br><ol><li>(intransitive) To laugh.</li><li>To laugh off</li></ol>
naroda|narodan|narodua	<i>noun</i><br><ol><li>people (group of people collectively)</li><li>nation (community of people with a common heritage)</li></ol>
natsionalizmu	<i>noun</i><br><ol><li>nationalism</li></ol>
ne|niiltä|niineh|niittä|niissä|siih|sitä|niistä|siltä|sen|sinä|niiksi|niijen|siksi|siinä|siitä|sillä|niitä|se|niih|siittä|niinä|niilä	<i>det</i><br><ol><li>these, those</li></ol><br><i>pron</i><br><ol><li>these, those</li><li>they (inanimate)</li></ol>
nedäli	<i>noun</i><br><ol><li>week</li></ol>
neiyt	<i>noun</i><br><ol><li>(poetic) girl, maiden</li></ol>
neičyt|neitšyt|neičyttä|neiččyön	<i>noun</i><br><ol><li>maiden, girl</li></ol>
nellä|nellän|nellältä|nellällä|nellänä|nelʹlʹä|nelläksi|nellässä|nellyä|nellästä|nelläh|nellättä	<i>num</i><br><ol><li>four</li></ol>
nero	<i>noun</i><br><ol><li>genius</li><li>talent</li></ol>
nerokaš	<i>adj</i><br><ol><li>gifted, talented</li></ol>
niegla|niegloin|nieglan|niegloina|nieglalla|^(*)) Possessive forms are very rare for adjectives and only used in substantivised clauses.|nieglalda|niegloissa|niegloida|nieglanke|nieglat|nieglašša|nieglani|niegloista|niegloinke|nieglakši|nieglatta|nieglana|nieglašta|niegloilda|nieglua|nieglah|niegloiksi|niegloih|niegloilla|niegloitta|nieglaš	<i>noun</i><br><ol><li>(South Karelian) needle</li></ol>
niekla|niekloilla|nieklalla|niekloilta|^(*)) Possessive forms are very rare for adjectives and only used in substantivised clauses.|nieklašta|nieklalta|niekloissa|niekloiksi|niekloitta|nieklah|nieklani|niekloista|niekloineh|nieklat|niekloina|nieklua|nieklašša|niekloja|niekloih|nieklakši|nieklatta|nieklojen|nieklaš|nieklana|nieklan	<i>noun</i><br><ol><li>(North Karelian) needle</li></ol>
niemi	<i>noun</i><br><ol><li>cape (of land)</li></ol>
niken|nikenellä|niket|nikenessä|nikenestä|nikeneltä|nikenen|nikenenä|nikeneh|nikeneksi|niketä|nikenettä	<i>pron</i><br><ol><li>(+ negative) nobody, no-one</li></ol>
nimi|niminä|nimistä|nimie|nimittä|nimit|nimillä|nimissä|nimiltä|nimiksi|nimen|nimih|nimitä|nimin	<i>noun</i><br><ol><li>name</li></ol><br><i>pron</i><br><ol><li>(+ negative) nothing, naught</li></ol>
nogi	<i>noun</i><br><ol><li>soot</li></ol>
noita	<i>noun</i><br><ol><li>witch</li></ol>
nosta	<i>verb</i><br><ol><li>rise</li></ol>
nukkua	<i>verb</i><br><ol><li>to slumber, to nod, to doze</li></ol>
nuo|noih|tuo|noilta|tuosta|tuolla|noina|tuossa|noitta|noijen|noita|noiksi|noineh|tuolta|tuon|noissa|noista|tuota|noila|tuona|tuoh|tuoksi|tuotta	<i>det</i><br><ol><li>those</li></ol><br><i>pron</i><br><ol><li>those</li></ol>
nuolla	<i>verb</i><br><ol><li>lick</li></ol>
nuori	<i>adj</i><br><ol><li>young</li></ol>
nurmi	<i>noun</i><br><ol><li>lawn</li></ol>
nyblä	<i>noun</i><br><ol><li>button</li></ol>
nyköiskarjalaini	<i>noun</i><br><ol><li>a Karelian person who says nygöin instead of nyt (both meaning "now"), i.e. a speaker of South Karelian or Livvi as opposed to a speaker of Viena Karelian.</li></ol>
nägö|nävön|nägyö	<i>noun</i><br><ol><li>view, sight</li><li>face</li></ol>
nähä|näköy|niän	<i>verb</i><br><ol><li>to see</li></ol>
nälgä	<i>noun</i><br><ol><li>hunger</li></ol>
nämä|näistä|tällä|näissä|näijen|tänä|näineh|näittä|näih|tättä|näitä|tämän|tässä|näinä|näiltä|täksi|tästä|näiksi|täh|näilä|tätä|tämä|tältä	<i>det</i><br><ol><li>these</li></ol><br><i>pron</i><br><ol><li>these</li></ol>
odjuala	<i>noun</i><br><ol><li>blanket</li></ol>
oja	<i>noun</i><br><ol><li>canal</li></ol>
olga	<i>noun</i><br><ol><li>shoulder</li></ol>
oliivuvoi	<i>noun</i><br><ol><li>olive oil</li></ol>
olla	<i>verb</i><br><ol><li>to be</li></ol>
olut	<i>noun</i><br><ol><li>beer</li></ol>
oma	<i>adj</i><br><ol><li>own</li></ol>
ombelii|ombelijua|ombelijan	<i>noun</i><br><ol><li>dressmaker</li><li>sewer</li></ol>
on	<i>verb</i><br><ol><li>(there) is</li></ol>
ongi	<i>noun</i><br><ol><li>rod (for fishing)</li></ol>
oraine	<i>noun</i><br><ol><li>awl</li></ol>
orbo	<i>noun</i><br><ol><li>orphan</li></ol>
ostos|ostostu|ostoksen	<i>noun</i><br><ol><li>purchase</li></ol>
ovi|ovina|ovelda|oviloiksi|ovešša|ovenke|ovien|oviloih|^(*)) Possessive forms are very rare for adjectives and only used in substantivised clauses.|ovet|oviloin|oveš|ovetta|oviloissa|oviloilta|ovih|oviloilla|oveni|oviloina|oviloista|ovella|ovelta|oviloinke|ovekši|ovešta|oviloitta|oviloida|oviloineh|ovie|ovija|oveh|oviloilda|oven	<i>noun</i><br><ol><li>door</li></ol>
oza|ozan|ozua	<i>noun</i><br><ol><li>lot (due share)</li></ol>
ozra	<i>noun</i><br><ol><li>barley</li></ol>
očkat	<i>noun</i><br><ol><li>spectacles, glasses, eyeglasses, specs</li></ol>
očča|očalla|očineh|očanke|očilda|^(*)) Possessive forms are very rare for adjectives and only used in substantivised clauses.|očan|oččih|očilta|oččah|očalda|očalta|oččina|očat|očatta|očilla|oččien|očissa|očin|oččani|očašša|oččie|očinke|očašta|očista|očiksi|oččana|očitta|očakši|oččua|oččaš	<i>noun</i><br><ol><li>forehead</li><li>front, facade</li></ol>
oža|ožua|ožan	<i>noun</i><br><ol><li>part</li><li>lot</li><li>destiny</li><li>happiness</li></ol>
ožakaš	<i>adj</i><br><ol><li>happy</li></ol>
ožatoin	<i>adj</i><br><ol><li>unhappy</li></ol>
pabu	<i>noun</i><br><ol><li>bean</li></ol>
pada|puan|padua	<i>noun</i><br><ol><li>(South Karelian) pot</li></ol>
pagin	<i>noun</i><br><ol><li>talk</li></ol>
pago	<i>noun</i><br><ol><li>flight (the act of fleeing)</li></ol>
paha|pahoilta|pahoilda|pahaš|pahoista|pahalla|pahoida|^(*)) Possessive forms are very rare for adjectives and only used in substantivised clauses.|pahašša|pahana|pahoin|pahoja|pahoinke|pahoitta|pahoih|pahoineh|pahoiksi|pahalda|pahatta|pahojen|pahua|pahembi|pahoilla|pahanke|pahašta|pahakši|pahani|pahoissa|pahoina|pahempi|pahat|pahalta|pahemmin|pahan|pahah	<i>noun</i><br><ol><li>evil spirit</li></ol><br><i>adj</i><br><ol><li>bad</li></ol>
paikka	<i>noun</i><br><ol><li>place</li></ol>
paimoi	<i>noun</i><br><ol><li>shepherd</li></ol>
painajaini|painajaisen|painajaista	<i>noun</i><br><ol><li>(North Karelian) nightmare</li></ol>
paita|paitua|paijan	<i>noun</i><br><ol><li>shirt</li></ol>
paju	<i>noun</i><br><ol><li>willow</li></ol>
pakita	<i>verb</i><br><ol><li>ask</li></ol>
pala	<i>noun</i><br><ol><li>bit</li></ol>
palava|palavah|palavat|palavoiksi|palavoissa|palavoida|palavalda|palavoista|^(*)) Possessive forms are very rare for adjectives and only used in substantivised clauses.|palavoilta|palavua|palavašta|palavani|palavalla|palavoinke|palavoin|palavoilda|palavaš|palavašša|palavoilla|palavakši|palavana|palavoitta|palavoih|palavoina|palavan|palavoja|palavoineh|palavatta|palavanke|palavalta|palavojen	<i>adj</i><br><ol><li>hot</li></ol>
paluo	<i>noun</i><br><ol><li>burn</li></ol>
palʹto	<i>noun</i><br><ol><li>jacket</li><li>coat</li></ol>
pal’l’aš|pal’l’ašta|pal’l’ahan	<i>adj</i><br><ol><li>undressed, naked, unaided, unprotected</li><li>naked, unclothed</li><li>bare</li></ol>
panna	<i>verb</i><br><ol><li>put</li></ol>
paras	<i>adj</i><br><ol><li>best</li></ol>
parda|parran|pardua	<i>noun</i><br><ol><li>beard</li></ol>
parta	<i>noun</i><br><ol><li>beard</li></ol>
parvi	<i>noun</i><br><ol><li>flock</li></ol>
parzi|pardu|parren	<i>noun</i><br><ol><li>beam</li><li>stall</li></ol>
pedäjä	<i>noun</i><br><ol><li>A large, lone pine tree.</li></ol>
peldo|pellon|pelduo	<i>noun</i><br><ol><li>field</li></ol>
pereh|perehtä|perehen	<i>noun</i><br><ol><li>family</li></ol>
perehitöin	<i>adj</i><br><ol><li>having no family, spouseless</li></ol>
perindö|perindyö|perinnön	<i>noun</i><br><ol><li>heritage</li><li>inheritance</li><li>legacy</li></ol>
perinä	<i>noun</i><br><ol><li>featherbed</li></ol>
perkeleh	<i>noun</i><br><ol><li>devil</li></ol><br><i>intj</i><br><ol><li>(vulgar) A swear word.</li></ol>
perttih	<i>noun</i><br><ol><li>a large room</li></ol>
perzehattara	<i>noun</i><br><ol><li>a rag of poor quality</li><li>(derogatory) a worthless person</li></ol>
perä	<i>noun</i><br><ol><li>rear</li></ol>
pestä	<i>verb</i><br><ol><li>wash</li></ol>
pezä|peziä|pezän	<i>noun</i><br><ol><li>(Southern) nest</li></ol>
pieluksi	<i>noun</i><br><ol><li>pillow</li></ol>
pieni	<i>adj</i><br><ol><li>small</li></ol>
pietenisä	<i>noun</i><br><ol><li>Friday</li></ol>
piha	<i>noun</i><br><ol><li>yard (around house)</li></ol>
piirdiä|piirdäy|piirrän	<i>verb</i><br><ol><li>to draw, to draw up, to plot</li><li>to scrawl, to scribble</li></ol>
piivo	<i>noun</i><br><ol><li>beer</li></ol>
pilvi|pilvie|pilven	<i>noun</i><br><ol><li>cloud</li></ol>
pimie|pimienke|pimeinke|pimieššä|pimieš|pimeijen|pimiekši|^(*)) Possessive forms are very rare for adjectives and only used in substantivised clauses.|pimieni|pimeitä|pimeineh|pimieldä|pimiellä|pimiettä|pimein|pimeistä|pimeiksi|pimien|pimieltä|pimeildä|pimeittä|pimienä|pimieštä|pimeih|pimeiltä|pimeidä|pimeissä|pimeillä|pimeinä|pimiet|pimieh|pimiedä|pimietä	<i>adj</i><br><ol><li>dark</li></ol>
piru	<i>noun</i><br><ol><li>devil</li></ol>
pitkä|pitän|pitkyä	<i>adj</i><br><ol><li>long</li><li>tall</li></ol>
piälinna|piälinnan|piälinnua	<i>noun</i><br><ol><li>capital city</li></ol>
piäškyni	<i>noun</i><br><ol><li>swallow (bird)</li></ol>
plaku	<i>noun</i><br><ol><li>flag, pennant</li></ol>
poiga|poijašta|poijineh|^(*)) Possessive forms are very rare for adjectives and only used in substantivised clauses.|poijašša|poigaš|poijilla|poigana|poigah|poijalla|poijalta|poijilta|poigie|poijat|poijatta|poigina|poigua|poijista|poigien|poijakši|poijitta|poigani|poijissa|poigih|poijan|poijiksi	<i>noun</i><br><ol><li>(South Karelian) son</li><li>(South Karelian) boy, lad</li><li>(South Karelian) young (of an animal)</li></ol>
poika|pojitta|pojineh|poikien|^(*)) Possessive forms are very rare for adjectives and only used in substantivised clauses.|pojalla|pojakši|pojašta|poikie|pojilla|poikua|poikina|poikih|pojilta|pojat|pojista|poikah|pojan|poikaš|pojalta|pojašša|poikani|pojissa|poikana|pojatta|pojiksi	<i>noun</i><br><ol><li>(North Karelian) son</li><li>(North Karelian) boy, lad</li><li>(North Karelian) young (of an animal)</li></ol>
pokko|pokošta|pokokši|pokotta|pokkoja|^(*)) Possessive forms are very rare for adjectives and only used in substantivised clauses.|pokot|pokkoloiksi|pokon|pokkoloitta|pokkoloineh|pokkuo|pokkoloilta|pokolta|pokkoloissa|pokkoloih|pokkoh|pokošša|pokolla|pokkojen|pokkoloina|pokkoloista|pokkoloilla|pokkona|pokkoni|pokkoš	<i>noun</i><br><ol><li>(North Karelian) ram (male sheep)</li></ol>
polgu|pollun|polguu	<i>noun</i><br><ol><li>path, track</li></ol>
polgupyörä	<i>noun</i><br><ol><li>bicycle</li></ol>
politsii	<i>noun</i><br><ol><li>police</li></ol>
polvi	<i>noun</i><br><ol><li>knee</li></ol>
pomo	<i>noun</i><br><ol><li>boss</li></ol>
pora	<i>noun</i><br><ol><li>drill</li></ol>
porras	<i>noun</i><br><ol><li>stairs</li></ol>
posteli	<i>noun</i><br><ol><li>straw bolster</li></ol>
počči	<i>noun</i><br><ol><li>pig</li></ol>
priha	<i>noun</i><br><ol><li>youth</li></ol>
puarma|puarman|puarmua	<i>noun</i><br><ol><li>horsefly (Tabanidae spp.)</li></ol>
pudro	<i>noun</i><br><ol><li>porridge</li></ol>
puoli	<i>noun</i><br><ol><li>half</li></ol>
purka	<i>noun</i><br><ol><li>blizzard</li></ol>
purra	<i>verb</i><br><ol><li>to bite</li></ol>
pyhä	<i>adj</i><br><ol><li>holy</li></ol>
pyhänpiä	<i>noun</i><br><ol><li>Sunday</li></ol>
pyörä	<i>noun</i><br><ol><li>wheel.</li></ol>
pyššy|pyššyt|^(*)) Possessive forms are very rare for adjectives and only used in substantivised clauses.|pyššylöittä|pyššyštä|pyššylöillä|pyššyššä|pyššyni|pyššyjä|pyššylöistä|pyššylöinä|pyššyš|pyššyn|pyššykši|pyssy|pyššyh|pyššyltä|pyššyö|pyššylöiltä|pyssyä|pyššyjen|pyššylöissä|pyššylöiksi|pyššynä|pyššylöineh|pyssyn|pyššylöih|pyššyttä|pyššyllä	<i>noun</i><br><ol><li>gun</li></ol>
päivä	<i>noun</i><br><ol><li>day (period between sunrise and sunset)</li><li>day (period of 24 hours)</li></ol>
päiväne|päivästy|päiväzen	<i>noun</i><br><ol><li>sun</li></ol>
pölü	<i>noun</i><br><ol><li>dust</li></ol>
raha	<i>noun</i><br><ol><li>money</li></ol>
rahvas|rahvahalla|rahvahalta|rahvahana|rahvahitta|rahvahie|rahvahissa|rahvahan|rahvahatta|rahvahien|rahvahilla|rahvahista|rahvahin|rahvasta|rahvahineh|rahvahah|rahvahassa|rahvahiksi|rahvahat|rahvahih|rahvahilta|rahvahaksi|rahvahina|rahvahasta	<i>noun</i><br><ol><li>people, folk</li></ol>
raja	<i>noun</i><br><ol><li>rim</li><li>border</li></ol>
raka|rakan	<i>noun</i><br><ol><li>(pathology) cancer</li></ol>
rakkahus	<i>noun</i><br><ol><li>love</li></ol>
randa	<i>noun</i><br><ol><li>shore, coast</li></ol>
ranne	<i>noun</i><br><ol><li>wrist</li></ol>
rannehčuasut	<i>noun</i><br><ol><li>wristwatch</li></ol>
ratas|rattahan|ratasta	<i>noun</i><br><ol><li>wheel</li><li>sprocket, cogwheel</li><li>(in the plural) wagon</li><li>reel for a seine</li></ol>
rauda	<i>noun</i><br><ol><li>iron</li></ol>
raudutieazemu	<i>noun</i><br><ol><li>railway station</li></ol>
rauta	<i>noun</i><br><ol><li>iron</li></ol>
razva|razvua|razvan	<i>noun</i><br><ol><li>fat</li></ol>
rašvakatti|rašvakattiloina|rašvakattien|rašvakattija|rašvakattiloitta|rašvakatetta|^(*)) Possessive forms are very rare for adjectives and only used in substantivised clauses.|rašvakatešta|rašvakattiloilta|rašvakattiloiksi|rašvakattina|rašvakatteš|rašvakattiloissa|rašvakattie|rašvakaten|rašvakattiloista|rašvakatelta|rašvakattiloineh|rašvakatešša|rašvakatella|rašvakatteh|rašvakattiloih|rašvakattiloilla|rašvakatet|rašvakatekši|rašvakatteni|rašvakattih	<i>noun</i><br><ol><li>(North Karelian) grasshopper</li></ol>
rebo|rebuo|revon	<i>noun</i><br><ol><li>fox</li></ol>
redu	<i>noun</i><br><ol><li>mud</li></ol>
regi|rien|regie	<i>noun</i><br><ol><li>sledge, sleigh</li></ol>
reizi|reitty|reijen	<i>noun</i><br><ol><li>(anatomy) thigh</li></ol>
rengas	<i>noun</i><br><ol><li>ring</li></ol>
renki	<i>noun</i><br><ol><li>farmhand</li></ol>
repo	<i>noun</i><br><ol><li>fox</li></ol>
reppu	<i>noun</i><br><ol><li>bag</li></ol>
ribu	<i>noun</i><br><ol><li>rag</li></ol>
ribukaš	<i>adj</i><br><ol><li>ragged, torn</li></ol>
riehtilä|riehtilän|riehtilyä	<i>noun</i><br><ol><li>frying pan</li></ol>
riida	<i>noun</i><br><ol><li>quarrel</li></ol>
rinda	<i>noun</i><br><ol><li>breast</li></ol>
risti|ristilöinke|ristilöillä|ristie|ristini|^(*)) Possessive forms are very rare for adjectives and only used in substantivised clauses.|ristilöineh|rissin|rissit|rissiltä|ristilöittä|ristijä|ristinä|ristilöildä|rissinke|ristilöistä|rissittä|rissillä|ristilöiltä|rissiksi|ristien|ristilöin|ristilöinä|ristilöih|rississä|ristilöiksi|ristih|rissistä|ristilöidä|rissildä|ristis|ristilöissä	<i>noun</i><br><ol><li>cross</li></ol>
ristikanža|ristikanžua|ristikanžan	<i>noun</i><br><ol><li>person</li><li>a Christian</li></ol>
riähkä|riähkiä|riähäkši|riähkäš|riähäštä|riähkien|riähinke|riähkäni|^(*)) Possessive forms are very rare for adjectives and only used in substantivised clauses.|riähkih|riähättä|riähissä|riähältä|riähiksi|riähillä|riähineh|riähäldä|riähin|riähkyä|riähät|riähistä|riähällä|riähkinä|riähiltä|riähän|riähänke|riähildä|riähkie|riähäššä|riähkänä|riähkäh|riähittä	<i>noun</i><br><ol><li>sin</li><li>vice</li></ol>
rubi|ruven|rubie	<i>noun</i><br><ol><li>scab</li><li>(pathology) pox</li><li>vaccination</li></ol>
ruis|ruista|rukehen	<i>noun</i><br><ol><li>rye</li></ol>
ruoste	<i>noun</i><br><ol><li>rust</li></ol>
ruočči|ruoččiloilda|ruočen|ruoččiloin|ruočetta|^(*)) Possessive forms are very rare for adjectives and only used in substantivised clauses.|ruočešša|ruoččiloiksi|ruoččiloitta|ruočešta|ruoččeš|ruoččien|ruoččiloinke|ruočet|ruoččina|ruočenke|ruoččiloilta|ruoččiloista|ruoččiloissa|ruoččeh|ruoččiloina|ruoččiloih|ruoččie|ruoččiloilla|ruočekši|ruoččija|ruočelta|ruoččiloida|ruoččiloineh|ruoččih|ruočelda|ruočella|ruočin|ruoččeni	<i>noun</i><br><ol><li>Swedish language</li><li>Synonym of ruoččilaini/ruoččilaine (“Swede”)</li><li>(South Karelian) Short for ruoččiheinä (“thistle”).</li><li>(chiefly South Karelian, dated) Synonym of šuomi (“Finnish”)</li><li>(chiefly South Karelian, dated) Synonym of šuomelaini/šuomelaine (“Finn”)</li></ol>
ruoččiheinä|ruoččiheinäššä|ruoččiheinäkši|^(*)) Possessive forms are very rare for adjectives and only used in substantivised clauses.|ruoččiheinät|ruoččiheinänke|ruoččiheinäštä|ruoččiheininä|ruoččiheiniä|ruoččiheinäni|ruoččiheinän|ruoččiheinillä|ruoččiheinäldä|ruoččiheinildä|ruoččiheinin|ruoččiheiniksi|ruoččiheinällä|ruoččiheinäš|ruoččiheinäh|ruoččiheinissä|ruoččiheinie|ruoččiheinänä|ruoččiheinittä|ruoččiheinättä|ruoččiheinih|ruoččiheininke|ruoččiheinistä	<i>noun</i><br><ol><li>(South Karelian) thistle</li></ol>
ruta	<i>noun</i><br><ol><li>ore</li><li>specifically bog iron</li><li>pearl of an oyster</li></ol>
ruveta	<i>verb</i><br><ol><li>start</li></ol>
räkki	<i>adj</i><br><ol><li>hot</li></ol>
salgo	<i>noun</i><br><ol><li>pole (long piece of wood)</li></ol>
saltatta	<i>noun</i><br><ol><li>soldier</li><li>skua (bird of the family Stercorariidae)</li></ol>
salvata	<i>verb</i><br><ol><li>lock</li></ol>
sammakko|sammakon	<i>noun</i><br><ol><li>frog</li></ol>
sappi	<i>noun</i><br><ol><li>gall (bile)</li></ol>
sata|šada	<i>num</i><br><ol><li>hundred</li></ol>
satoa	
savi	<i>noun</i><br><ol><li>clay</li></ol>
se|niiltä|niineh|niittä|niissä|siih|sitä|niistä|ne|siltä|sen|sinä|niiksi|niijen|siksi|siinä|siitä|sillä|niitä|niih|siittä|niinä|niilä	<i>det</i><br><ol><li>this, that</li></ol><br><i>pron</i><br><ol><li>this, that</li><li>it (inanimate)</li></ol>
seiččemen	<i>num</i><br><ol><li>seven</li></ol>
siemen	<i>noun</i><br><ol><li>seed</li></ol>
sija	<i>noun</i><br><ol><li>place</li></ol>
silda|sildua|sillan	<i>noun</i><br><ol><li>bridge</li></ol>
simčukka	<i>noun</i><br><ol><li>pearl oyster</li><li>the pearl produced by the oyster</li></ol>
sit	<i>adv</i><br><ol><li>here</li></ol>
sizär	<i>noun</i><br><ol><li>sister</li></ol>
siä|siädä|siän	<i>noun</i><br><ol><li>weather</li></ol>
skanneri|skannerin|skannerii	<i>noun</i><br><ol><li>(computing) scanner</li></ol>
soba	<i>noun</i><br><ol><li>dress</li></ol>
soda|sovan|sodua	<i>noun</i><br><ol><li>war</li></ol>
sogeri	<i>noun</i><br><ol><li>sugar</li></ol>
soitto|soittuo|soiton	<i>noun</i><br><ol><li>music</li></ol>
solmi	<i>noun</i><br><ol><li>knot</li></ol>
sormus	<i>noun</i><br><ol><li>ring</li></ol>
spuassunlehmä	<i>noun</i><br><ol><li>ladybird, ladybug</li></ol>
suaha|suap	<i>verb</i><br><ol><li>To get.</li></ol>
suga	<i>noun</i><br><ol><li>comb</li></ol>
suksi|suksen|suksie	<i>noun</i><br><ol><li>ski</li></ol>
sulhaine	<i>noun</i><br><ol><li>bridegroom, fiancé</li></ol>
suoni	<i>noun</i><br><ol><li>vein</li></ol>
suovatta	<i>noun</i><br><ol><li>Saturday</li></ol>
suu	<i>noun</i><br><ol><li>(anatomy) mouth</li></ol>
suvi	<i>noun</i><br><ol><li>south</li></ol>
sygyzy	<i>noun</i><br><ol><li>autumn</li></ol>
syntyö	<i>verb</i><br><ol><li>To be born.</li></ol>
syväin|sytämen|syväintä	<i>noun</i><br><ol><li>(anatomy) heart</li></ol>
särgi	<i>noun</i><br><ol><li>roach (a fish sp.)</li></ol>
tahto|tahton|tahtuo	<i>noun</i><br><ol><li>will</li></ol>
tai	<i>pron</i><br><ol><li>this</li><li>that</li></ol>
talotoin	<i>adj</i><br><ol><li>homeless</li></ol>
talvi|talvie|talven	<i>noun</i><br><ol><li>winter</li></ol>
tamma	<i>noun</i><br><ol><li>mare (adult female horse)</li></ol>
tammi	<i>noun</i><br><ol><li>oak</li></ol>
tasku|taskun|taskuo	<i>noun</i><br><ol><li>a detached pocket attached to the waist</li></ol>
tatti	<i>noun</i><br><ol><li>(Suojärvi) bolete</li><li>(childish, Petsamo) dad, father</li></ol>
tauno	<i>adj</i><br><ol><li>peaceful, modest</li></ol>
tavi|tavin	<i>noun</i><br><ol><li>common teal (Anas crecca)</li></ol>
tazavalda|tazavallan|tazavaldua	<i>noun</i><br><ol><li>(southern dialect) republic</li></ol>
tazo	<i>noun</i><br><ol><li>level</li></ol>
tažavalda|tažavallan|tažavaldua	<i>noun</i><br><ol><li>(southern dialect) republic</li></ol>
tehaš|tehašta|tehtahan	<i>noun</i><br><ol><li>factory</li><li>mill (factory)</li></ol>
tehtä	<i>verb</i><br><ol><li>(transitive) to do</li></ol>
telefon	<i>noun</i><br><ol><li>telephone</li></ol>
televiizor	<i>noun</i><br><ol><li>television broadcast</li><li>television set</li></ol>
terveh	<i>adj</i><br><ol><li>healthy</li></ol>
tervehyš	<i>noun</i><br><ol><li>health</li></ol>
terä	<i>noun</i><br><ol><li>blade (sharp edge)</li></ol>
tie|tien|tiedy	<i>noun</i><br><ol><li>way</li><li>road</li></ol>
tiedokoneh|tiedokohehtu|tiedokonehen	<i>noun</i><br><ol><li>computer</li></ol>
tikka	<i>noun</i><br><ol><li>woodpecker</li></ol>
toini|toisesta|toisina|toiseksi|toisella|toisien|toisena|toisih|toiseh|toista|toisen|toiselta|toisistä|toisiltä|toisetta|toiset|toisessa|toisilla|toisitta|toisineh|toisissa|toisiksi	<i>adj</i><br><ol><li>second</li><li>other</li></ol>
toini toisen|toini toisessa|toini toisena|toini toiselta|toini toisella|toini toisetta|toini toista|toini toiseksi|toini toisesta|toini toiseh	<i>pron</i><br><ol><li>each other</li></ol>
tontti	<i>noun</i><br><ol><li>lot, parcel of land</li><li>a type of forest spirit, an elf</li><li>(derogatory) kid, whippersnapper</li></ol>
tora	<i>noun</i><br><ol><li>battle</li></ol>
torata	<i>verb</i><br><ol><li>fight</li><li>wrestle</li></ol>
torvi	<i>noun</i><br><ol><li>tube</li></ol>
tozi|tottu|toven	<i>noun</i><br><ol><li>truth</li></ol>
toššu|toššuo|toššun	<i>noun</i><br><ol><li>one of a pair of traditional felt boots, sg valenok, pl valenki</li></ol>
tsardakka	<i>noun</i><br><ol><li>hut</li></ol>
tsoojuo	<i>noun</i><br><ol><li>tea</li></ol>
tugi	<i>noun</i><br><ol><li>support</li></ol>
tuhat	<i>num</i><br><ol><li>thousand</li></ol>
tukka|tukan|tukkua	<i>noun</i><br><ol><li>a hair</li></ol>
tuldin	<i>verb</i><br><ol><li>third-person past plural, they came, third-person present singular tulloo</li></ol>
tuli|tulen|tuldu	<i>noun</i><br><ol><li>fire</li></ol>
tuo|noih|noilta|tuosta|tuolla|noina|tuossa|noitta|noijen|noita|noiksi|noineh|tuolta|tuon|noissa|noista|tuota|noila|tuona|tuoh|tuoksi|nuo|tuotta	<i>det</i><br><ol><li>that</li></ol><br><i>pron</i><br><ol><li>that</li></ol>
tuohi|tuohtu|tuohen	<i>noun</i><br><ol><li>birchbark</li></ol>
tuoppi|tuoppie|tuopin	<i>noun</i><br><ol><li>stein (beer mug)</li></ol>
tuska	<i>noun</i><br><ol><li>pain</li></ol>
tuukkai|tuukkajua|tuukkajan	<i>noun</i><br><ol><li>owl</li></ol>
tuuli|tuulen|tuuldu	<i>noun</i><br><ol><li>wind</li></ol>
tuuvva|tuou|tuon	<i>verb</i><br><ol><li>to bring.</li></ol>
tyttö|tyttöh|tyttölöinke|tyttönä|tyttöjen|tyttöjä|^(*)) Possessive forms are very rare for adjectives and only used in substantivised clauses.|tyttölöin|tytöldä|tytökši|tyttölöidä|tytöltä|tyttölöiltä|tyttöni|tytöššä|tyttölöildä|tytöštä|tyttölöittä|tyttölöiksi|tyttölöillä|tytönke|tytöt|tyttöš|tytöllä|tyttölöinä|tyttölöistä|tyttölöineh|tytön|tytöttä|tyttölöissä|tyttyö|tyttölöih	<i>noun</i><br><ol><li>girl</li><li>(North Karelian) daughter</li></ol>
tytär|tyttären|tytärdy	<i>noun</i><br><ol><li>daughter</li></ol>
työ|teilä|šiun|teiltä|teih|teinke|teinä|šiunke|työn|tiän|teildä|šilma|teiksi|teijän|sie|šiula|työtä|tiät|šiulta|teistä|šiuh|teissä|šiušša|teidä|meittä|šiutta|šiut|šie|teitä|šiušta|šiukši|teijät|šiulda|šiuna	<i>pron</i><br><ol><li>we</li></ol><br><i>noun</i><br><ol><li>sliver (of fiber)</li><li>(North Karelian) work</li></ol>
täh|täh: genitive + täh	<i>postp</i><br><ol><li>because of, due to</li></ol>
tähti	<i>noun</i><br><ol><li>star</li></ol>
täi|täin|täidy	<i>noun</i><br><ol><li>louse</li></ol>
tämmöni|tämmöstä|tämmöseksi|tämmösista|tämmösillä|tämmösittä|tämmösien|tämmösestä|tämmösettä|tämmösessä|tämmösellä|tämmösilta|tämmösen|tämmösinä|tämmösenä|tämmöseltä|tämmösih|tämmösineh|tämmösiksi|tämmöseh|tämmöset|tämmösissä	<i>adj</i><br><ol><li>this kind of</li></ol>
tämä|näistä|tällä|näissä|näijen|tänä|nämä|näittä|näineh|näih|tättä|näitä|tämän|tässä|näinä|näiltä|täksi|tästä|näiksi|täh|näilä|tätä|tältä	<i>det</i><br><ol><li>this</li></ol><br><i>pron</i><br><ol><li>this</li></ol>
ualdo|ualduo|uallon	<i>noun</i><br><ol><li>wave</li></ol>
uarreh|uartehen|uarrehta	<i>noun</i><br><ol><li>treasure</li></ol>
uave	<i>noun</i><br><ol><li>ghost</li></ol>
uitto|uiton|uittuo	<i>noun</i><br><ol><li>timber rafting</li></ol>
ukko|ukkoš|ukkoloinke|ukkona|ukkoloiksi|ukkoloih|ukkoloina|^(*)) Possessive forms are very rare for adjectives and only used in substantivised clauses.|ukkuo|ukolla|ukkoloilla|ukolta|ukkoloitta|ukkoloilta|ukkoh|ukkoloilda|ukon|ukotta|ukkojen|ukkoloissa|ukot|ukolda|ukkoloin|ukkoja|ukonke|ukkoloista|ukošta|ukkoloida|ukkoni|ukokši|ukošša|ukkoloineh	<i>noun</i><br><ol><li>old man</li><li>husband</li><li>thunder</li></ol>
uksi|uksen|usta	<i>noun</i><br><ol><li>door</li></ol>
ullosteh	<i>noun</i><br><ol><li>excrement, feces</li></ol>
uni|uniloinke|unetta|unet|uniloih|uniloilda|unelda|^(*)) Possessive forms are very rare for adjectives and only used in substantivised clauses.|unenke|uniloista|unih|unešša|unen|unekši|uniloin|uniloilla|uneni|unda|uniloiksi|uniloilta|uniloitta|unija|uniloida|unta|unina|unien|unella|unešta|unelta|uniloina|uneh|uniloissa|uniloineh|uneš	<i>noun</i><br><ol><li>sleep</li><li>dream</li></ol>
upota	<i>verb</i><br><ol><li>sink</li></ol>
uuličča|uuliččua|uuličan	<i>noun</i><br><ol><li>street</li></ol>
uuni	<i>noun</i><br><ol><li>oven</li></ol>
uuvenvuuvenvastoandapäivä	<i>noun</i><br><ol><li>New Year's Eve</li></ol>
vagahainen	<i>adj</i><br><ol><li>small</li></ol>
vago	<i>noun</i><br><ol><li>furrow</li></ol>
vaha	<i>noun</i><br><ol><li>wax</li></ol>
vaihto	<i>noun</i><br><ol><li>change</li></ol>
vaimala	<i>noun</i><br><ol><li>bother, inconvenience, pain, distress.</li></ol>
valda	<i>noun</i><br><ol><li>might, power</li></ol>
valgie	<i>adj</i><br><ol><li>white</li></ol><br><i>noun</i><br><ol><li>white</li></ol>
valo|valuo|valoh|^(*)) Possessive forms are very rare for adjectives and only used in substantivised clauses.|valotta|valoloista|valošša|valoja|valolla|valon|valoloissa|valoš|valoloilta|valoni|valošta|valoloina|valoloineh|valoloih|valokši|valoloilla|valoloiksi|valolta|valot|valojen|valoloitta|valona	<i>noun</i><br><ol><li>(North Karelian) light</li></ol>
vanha|vanhemmalda|vanhemmakši|vanhempua|vanhembina|vanhembis|vanhemmista|^(*)) Possessive forms are very rare for adjectives and only used in substantivised clauses.|vanhempina|vanhembie|vanhempana|vanhembih|vanhašta|vanhembah|vanhemmin|vanhua|vanhemmalla|vanhoilda|vanhah|vanhani|vanhemmineh|vanhemmiksi|vanhempie|vanhalda|vanhoissa|vanhoida|vanhalta|vanhempah|vanhempih|vanhembien|vanhojen|vanhemmilla|vanhembana|vanhoina|vanhemmat|vanhana|vanhat|vanhempis|vanhembua|vanhempi|vanhoitta|vanhemmalta|vanhempien|vanhašša|vanhemmašta|vanhemmitta|vanhemmilda|vanhembini|vanhaš|vanhoih|vanhempini|vanhoin|vanhemmatta|vanhanke|vanhemmilta|vanhalla|vanhatta|vanhan|vanhoilla|vanhoineh|vanhemmanke|vanhoinke|vanhakši|vanhoiksi|vanhemmissa|vanhemminke|vanhoilta|vanhoista|vanhoja|vanhemmašša|vanhembi|vanhemman	<i>adj</i><br><ol><li>old</li></ol>
vanhembi|vanhemmalda|vanhemmakši|vanhembina|vanhembis|vanhemmista|^(*)) Possessive forms are very rare for adjectives and only used in substantivised clauses.|vanhembie|vanhembih|vanhembah|vanhemmiksi|vanhembien|vanhemmilla|vanhembana|vanhemmat|vanhembua|vanhemmalta|vanhemmašta|vanhemmilda|vanhemmitta|vanhembini|vanhemmatta|vanhemmanke|vanhemmissa|vanhemminke|vanhemmašša|vanhemman	<i>noun</i><br><ol><li>(South Karelian) parent</li></ol>
vanhempi|vanhemmakši|vanhempua|vanhemmista|vanhempina|^(*)) Possessive forms are very rare for adjectives and only used in substantivised clauses.|vanhempana|vanhemmineh|vanhemmalla|vanhemmiksi|vanhempie|vanhempah|vanhempih|vanhemmilla|vanhemmat|vanhempis|vanhemmalta|vanhempien|vanhemmašta|vanhemmitta|vanhempini|vanhemmatta|vanhemmilta|vanhemmissa|vanhemmašša|vanhemman	<i>noun</i><br><ol><li>(North Karelian) parent</li></ol>
vara	<i>noun</i><br><ol><li>reserve</li></ol>
varata	<i>verb</i><br><ol><li>fear</li></ol>
varras	<i>noun</i><br><ol><li>thief</li></ol>
vaskičča	<i>noun</i><br><ol><li>blindworm (Anguis fragilis)</li><li>(Mändyselgä) grass snake (Natrix natrix)</li></ol>
vastata	<i>verb</i><br><ol><li>answer</li></ol>
vaza	<i>noun</i><br><ol><li>calf</li></ol>
vačča	<i>noun</i><br><ol><li>belly, stomach</li></ol>
važa	<i>noun</i><br><ol><li>calf</li></ol>
vehnä	<i>noun</i><br><ol><li>wheat</li></ol>
veičči|veiččie|veičen	<i>noun</i><br><ol><li>knife</li></ol>
velga	<i>noun</i><br><ol><li>debt</li></ol>
velj	<i>noun</i><br><ol><li>brother</li></ol>
velli	<i>noun</i><br><ol><li>brother</li></ol>
veneh|venehty|venehen	<i>noun</i><br><ol><li>boat</li></ol>
veniälä|veniäläštä|^(*)) Possessive forms are very rare for adjectives and only used in substantivised clauses.|veniälinke|veniäliksi|veniälinä|veniälät|veniäläh|veniälällä|veniälittä|veniälänke|veniäläkši|veniälildä|veniälättä|veniäliä|veniälissä|veniäläldä|veniälillä|veniäläššä|veniälänä|veniälän|veniälih|veniäläš|veniälin|veniäläni|veniälie|veniälistä	<i>noun</i><br><ol><li>(South Karelian) Russian language</li></ol>
venyö|venyn|venyy	<i>verb</i><br><ol><li>To lie, to be in a horizontal position.</li></ol>
venäjä|venäjältä|venäjänä|^(*)) Possessive forms are very rare for adjectives and only used in substantivised clauses.|venäjäštä|venäjäššä|venäjih|venäjistä|venäjiksi|venäjäni|venäjittä|venäjissä|venäjäkši|venäjinä|venäjäh|venäjiltä|venäjineh|venäjällä|venäjie|venäjän|venäjien|venäjättä|venäjät|venäjillä|venäjäš|venäjyä	<i>noun</i><br><ol><li>(North Karelian) Russian language</li></ol>
veres	<i>adj</i><br><ol><li>fresh</li></ol>
veri|veren|vertä	<i>noun</i><br><ol><li>blood</li></ol>
verko	<i>noun</i><br><ol><li>net</li></ol>
veräjä	<i>noun</i><br><ol><li>gate</li></ol>
vibu	<i>noun</i><br><ol><li>lever</li></ol>
vieno	<i>adj</i><br><ol><li>calm</li></ol>
vieras|vierastu|vierahan	<i>noun</i><br><ol><li>guest</li></ol>
vierrä|vieröy|vieren	<i>verb</i><br><ol><li>to roll.</li></ol>
viha	<i>noun</i><br><ol><li>rage</li></ol>
viijes|viijettä|viijennen	<i>adj</i><br><ol><li>fifth</li></ol>
viisi|viivveltä|viiteh|viivvesta|viivven|viitenä|viivvettä|viivvessa|viivvellä|viittä|viivveksi	<i>num</i><br><ol><li>five</li></ol>
vilu|viluš|viluni|vilujen|vilulta|^(*)) Possessive forms are very rare for adjectives and only used in substantivised clauses.|vilušta|viluloitta|vilušša|viluloin|viluloina|viluo|vilun|viluloilla|viluja|viluna|viluloih|viluloiksi|viluloinke|vilut|viluloissa|vilulda|viluloilta|viluloida|vilulla|viluloilda|vilukši|viluloista|viluloineh|vilutta|vilunke|viluh	<i>noun</i><br><ol><li>cold, coldness</li></ol><br><i>adj</i><br><ol><li>cold, cool</li><li>hardhearted, callous</li></ol>
virdu	<i>noun</i><br><ol><li>stream</li></ol>
virkeh|virkehty|virkehen	<i>noun</i><br><ol><li>sentence</li><li>phrase</li></ol>
viärä|viäröissä|viäröineh|viäräldä|viäröiltä|^(*)) Possessive forms are very rare for adjectives and only used in substantivised clauses.|viäräkši|viäröildä|viäröiksi|viäröidä|viäräštä|viärän|viärättä|viäränke|viärällä|viäriä|viäröinä|viäröjä|viäröittä|viäräni|viäränä|viäröin|viäröjen|viäräh|viärältä|viäräš|viärät|viäräššä|viäröistä|viäröillä|viäröih|viäröinke|viäryä	<i>adj</i><br><ol><li>bent, crooked</li><li>insincere</li><li>false</li><li>guilty, blameworthy</li></ol>
viäräpiä	<i>noun</i><br><ol><li>guilty person</li></ol>
voina|voinua|voinan	<i>noun</i><br><ol><li>war</li><li>persecution</li><li>fight</li></ol>
vunukka	<i>noun</i><br><ol><li>grandchild</li></ol>
vuoje	<i>noun</i><br><ol><li>(Suistamo) bed</li></ol>
vuozi	<i>noun</i><br><ol><li>year</li></ol>
vägevä|vägeväššä|vägevistä|^(*)) Possessive forms are very rare for adjectives and only used in substantivised clauses.|vägevän|vägeväštä|vägevällä|vägeväh|vägeväš|vägeväkši|vägevättä|vägeviksi|vägevillä|vägevie|vägevittä|vägeväni|vägevildä|vägeviä|vägevinä|vägevinke|vägevänke|vägevissä|vägevih|vägevänä|vägevät|vägevin|vägeväldä	<i>adj</i><br><ol><li>(South Karelian) Alternative form of vägövä</li></ol>
vägövä|vägöväh|vägövinä|^(*)) Possessive forms are very rare for adjectives and only used in substantivised clauses.|vägöväni|vägövät|vägövissä|vägöväš|vägövillä|vägövällä|vägövänä|vägövistä|vägöväldä|vägöviksi|vägövittä|vägöviä|vägöväkši|vägövildä|vägöväštä|vägövänke|vägövättä|vägövän|vägövie|vägövin|vägöväššä|vägövih|vägövinke	<i>adj</i><br><ol><li>(South Karelian) strong</li></ol>
väkövä|väköväššä|väkövien|väköväh|^(*)) Possessive forms are very rare for adjectives and only used in substantivised clauses.|väkövillä|väkövänä|väköviltä|väköväkši|väkövän|väkövineh|väköväštä|väköväš|väkövittä|väkövältä|väkövällä|väkövinä|väkövih|väkövyä|väkövie|väkövistä|väkövät|väkövättä|väkövissä|väköviksi|väköväni	<i>adj</i><br><ol><li>(North Karelian) strong</li></ol>
välleen	<i>adv</i><br><ol><li>soon</li></ol>
värči|värčih|värčildä|^(*)) Possessive forms are very rare for adjectives and only used in substantivised clauses.|värčit|värčilöissä|värčittä|värčis|värčin|värčilöiksi|värčistä|värčinä|värčissä|värčini|värčilöinä|värčinke|värčiksi|värčillä|värčilöinke|värčilöistä|värčilöildä|värčilöin|värčilöih|värčilöidä|värčie|värčilöittä|värčilöillä	<i>noun</i><br><ol><li>(South Karelian) sack, bag</li></ol>
värčči|värččilöittä|värččilöineh|^(*)) Possessive forms are very rare for adjectives and only used in substantivised clauses.|värčit|värččis|värččilöiksi|värčittä|värčin|värčistä|värččilöih|värččih|värččie|värčissä|värččien|värčiltä|värčiksi|värčillä|värččilöillä|värččilöinä|värččini|värččilöiltä|värččilöissä|värččilöistä|värččijä|värččinä	<i>noun</i><br><ol><li>(North Karelian) sack, bag</li></ol>
ydin	<i>noun</i><br><ol><li>marrow (of bones)</li></ol>
ydinsoda|ydinsodua|ydinsovan	<i>noun</i><br><ol><li>nuclear war</li></ol>
yheksän|yheksältä|yheksänä|yheksättä|yheksästä|yheksäksi|yheksyä|yheksällä|yheksäh|yhekšän|yheksässä	<i>num</i><br><ol><li>nine</li></ol>
yksi|yheksi|yhessä|yhen|yhellä|yhettä|yhtenä|yheltä|yhtä|yhteh|yhestä	<i>num</i><br><ol><li>one</li></ol>
yksitoista|yhettätoista|yhessätoista|yhtätoista|yhellätoista|yhtehtoista|yheksitoista|yhtenätoista|yhentoista|yheltätoista|yhestätoista	<i>num</i><br><ol><li>eleven</li></ol>
yskä	<i>noun</i><br><ol><li>lap (upper legs of someone who is sitting)</li><li>armful</li><li>cough</li></ol>
yö|yötä|yön	<i>noun</i><br><ol><li>night</li></ol>
zakon	<i>noun</i><br><ol><li>law</li></ol>
zirkalo	<i>noun</i><br><ol><li>mirror</li></ol>
zuahari	<i>noun</i><br><ol><li>sugar</li></ol>
Ühtüsvallat	<i>name</i><br><ol><li>The United States (of America), the USA</li></ol>
ämmä|ämmäni|ämmäldä|^(*)) Possessive forms are very rare for adjectives and only used in substantivised clauses.|ämmäkši|ämmildä|ämminke|ämmih|ämmien|ämminä|ämmällä|ämmät|ämmäh|ämmäštä|ämmiltä|ämmiä|ämmillä|ämmistä|ämmän|ämmäššä|ämmättä|ämmin|ämmänä|ämmineh|ämmissä|ämmyä|ämmältä|ämmiksi|ämmänke|ämmie|ämmittä|ämmäš	<i>noun</i><br><ol><li>(dialectal) Synonym of ämmö (“grandmother”)</li><li>(dialectal, derogatory) Synonym of akka (“hag”)</li></ol>
ämmö|ämmölöillä|ämmölöistä|ämmölöinke|ämmöni|ämmönä|ämmöttä|^(*)) Possessive forms are very rare for adjectives and only used in substantivised clauses.|ämmöh|ämmölöittä|ämmölöih|ämmölöissä|ämmöštä|ämmöt|ämmöldä|ämmöllä|ämmöjen|ämmölöiltä|ämmöjä|ämmön|ämmönke|ämmyö|ämmölöineh|ämmölöin|ämmölöildä|ämmöltä|ämmölöinä|ämmölöidä|ämmöššä|ämmökši|ämmöš|ämmölöiksi	<i>noun</i><br><ol><li>grandmother</li></ol>
ängerjäs	<i>noun</i><br><ol><li>eel</li></ol>
üdinsoda|üdinsovan|üdinsodua	<i>noun</i><br><ol><li>nuclear war</li></ol>
č|Č	<i>character</i><br><ol><li>The third letter of the Karelian alphabet, called čee and written in the Latin script.</li></ol>
čee	<i>noun</i><br><ol><li>The name of the Latin-script letter Č.</li></ol>
čiba|čibua|čiban	<i>noun</i><br><ol><li>(Tver Karelian) goat</li></ol>
čihoi|čihoidu|čihoin	<i>noun</i><br><ol><li>currant</li></ol>
čiili|čiilin|čiilii	<i>noun</i><br><ol><li>hedgehog</li></ol>
čikko	<i>noun</i><br><ol><li>sister</li></ol>
čirpi|čirpini|čirpie|čirp???|^(*)) Possessive forms are very rare for adjectives and only used in substantivised clauses.|čirpih|čirpin|čirpis	<i>noun</i><br><ol><li>(South Karelian) sickle</li></ol>
čirppi|čirppis|čirp???|čirppini|^(*)) Possessive forms are very rare for adjectives and only used in substantivised clauses.|čirppie|čirppih|čirpin|čirpp???	<i>noun</i><br><ol><li>(North Karelian) sickle</li></ol>
čičiliušku	<i>noun</i><br><ol><li>common lizard, viviparous lizard, Zootoca vivipara</li></ol>
čoma	<i>adj</i><br><ol><li>pretty</li></ol>
Šuomi|Šuomelta|Suomen|Šuomih|^(*)) Possessive forms are very rare for adjectives and only used in substantivised clauses.|Šuomen|Šuomina|Šuomeš|Šuomella|Šuomeni|Šuomešša|Šuometta|Suomie|Suomi|Šuomekši|Šuomenke|Šuomeh|Šuomešta|Šuomie|Šuomelda	<i>name</i><br><ol><li>Finland (a country in Europe)</li></ol>
šana|šanojen|šanana|šanani|šanoilta|šanoista|^(*)) Possessive forms are very rare for adjectives and only used in substantivised clauses.|sanua|šanašta|šanoida|šanah|šanoilda|šanan|šananke|šanaš|šanašša|šanalla|šanalta|sana|šanalda|šanoilla|šanakši|šanoina|šanoissa|šanua|šanoinke|šanat|šanoiksi|šanoin|sanan|šanoineh|šanoitta|šanoih|šanoja|šanatta	<i>noun</i><br><ol><li>word</li><li>(in the plural) spell</li></ol>
šanakirja|šanakirjalla|šanakirjat|šanakirjaš|šanakirjalta|^(*)) Possessive forms are very rare for adjectives and only used in substantivised clauses.|šanakirjoilta|šanakirjan|šanakirjoitta|šanakirjoina|šanakirjah|šanakirjašta|šanakirjoista|šanakirjakši|šanakirjana|šanakirjani|šanakirjoiksi|šanakirjoih|sanakirjua|šanakirjua|šanakirjoineh|šanakirjoilla|šanakirjoissa|šanakirjoja|šanakirjašša|šanakirjatta|šanakirjojen|sanakirja|sanakirjan	<i>noun</i><br><ol><li>(North Karelian) dictionary</li></ol>
šanakniiga|šanakniigah|^(*)) Possessive forms are very rare for adjectives and only used in substantivised clauses.|šanakniigoida|šanakniiganke|šanakniigoilda|šanakniigalda|šanakniigoiksi|šanakniigat|šanakniigoin|šanakniigašša|šanakniigoih|šanakniigoista|šanakniigoilla|šanakniigani|šanakniigua|šanakniigašta|šanakniigalla|šanakniigoitta|šanakniigakši|šanakniigatta|šanakniigoinke|šanakniigoissa|šanakniigana|šanakniigaš|šanakniigan|šanakniigoina	<i>noun</i><br><ol><li>(South Karelian) dictionary</li></ol>
šara	<i>noun</i><br><ol><li>ball</li></ol>
šeikka|šeikkua|šeikan	<i>noun</i><br><ol><li>work, bustle, chore</li><li>thing, matter</li><li>circumstance</li></ol>
šeinä|šeinöistä|šeinällä|šeinältä|šeinäštä|šeinöittä|^(*)) Possessive forms are very rare for adjectives and only used in substantivised clauses.|šeinän|šeinöidä|šeinöiksi|šeinäkši|seinä|šeinöinke|šeinöinä|šeinöissä|šeinäh|šeinöineh|seinän|šeinäš|šeinöildä|šeinäni|šeinöiltä|šeiniä|šeinät|šeinäššä|seinyä|šeinänke|šeinöin|šeinöih|šeinöjä|šeinyä|šeinättä|šeinöjen|šeinänä|šeinäldä|šeinöillä	<i>noun</i><br><ol><li>wall</li></ol>
šie|teilä|šiun|teiltä|teih|teinke|teinä|šiunke|tiän|šiulda|teildä|šilma|teiksi|teijän|sie|šiula|tiät|šiulta|teistä|šiuh|teissä|šiušša|teidä|meittä|šiutta|šiut|teitä|šiušta|šiukši|teijät|työ|šiuna	<i>pron</i><br><ol><li>thou, you (singular)</li></ol>
šiikkoa	<i>verb</i><br><ol><li>(intransitive) to frequently use the š-sound in speech, especially referring to the speech of Viena Karelians</li></ol>
šiivatta	<i>noun</i><br><ol><li>domestic animal</li></ol>
šilda|šildua|šillan	<i>noun</i><br><ol><li>bridge</li></ol>
šilmä	<i>noun</i><br><ol><li>An eye (organ).</li></ol>
šimčukka	<i>noun</i><br><ol><li>(Petsamo) Alternative form of simčukka</li></ol>
šiä|šiän|šiädä	<i>noun</i><br><ol><li>weather</li></ol>
šoba	<i>noun</i><br><ol><li>dress</li></ol>
šogie	<i>adj</i><br><ol><li>blind</li></ol>
šoma	<i>adj</i><br><ol><li>pretty, beautiful, handsome</li></ol>
šormi|šormiloida|šormiloilda|šormiloilla|šormen|^(*)) Possessive forms are very rare for adjectives and only used in substantivised clauses.|šormien|sormi|šormekši|šormiloinke|šormina|šormiloineh|šormetta|sormen|šormiloilta|šormeh|šormiloih|šormelda|šormiloitta|šormih|šormelta|šormiloin|sormie|šormet|šormešša|šormiloina|šormie|šormeš|šormella|šormešta|šormija|šormiloiksi|šormeni|šormiloissa|šormiloista|šormenke	<i>noun</i><br><ol><li>finger</li></ol>
šorža|šoržan|sorza|sorzua|šoržua|sorzan	<i>noun</i><br><ol><li>duck</li></ol>
šukka	<i>noun</i><br><ol><li>sock</li><li>stocking</li></ol>
šukkulaine	<i>noun</i><br><ol><li>shuttle</li></ol>
šuomi|šuomiloin|šuomeš|šuomiloineh|šuomiloilda|^(*)) Possessive forms are very rare for adjectives and only used in substantivised clauses.|šuomen|šuomiloih|šuomeni|šuometta|šuomešta|šuomiloissa|šuomelta|šuomenke|šuomih|šuomien|šuomina|šuomiloitta|šuomiloinke|šuomelda|šuomiloida|šuomija|šuomiloista|šuomiloilla|šuomiloilta|šuomiloiksi|šuomella|šuomeh|šuomet|šuomiloina|šuomešša|šuomekši|šuomie	<i>noun</i><br><ol><li>Finnish language</li><li>Synonym of šuomelaini/šuomelaine (“Finn”)</li></ol>
šuora|šuorih|šuoraš|šuorin|šuorah|^(*)) Possessive forms are very rare for adjectives and only used in substantivised clauses.|šuoriksi|šuoratta|šuoranke|šuorina|šuoralda|šuorissa|šuorua|šuorana|šuorinke|šuoralta|šuorilda|šuorista|šuorakši|šuoritta|šuorien|šuorašta|šuorilla|šuorat|šuoralla|šuorašša|šuorilta|šuoran|šuorineh|šuorani|šuorie	<i>noun</i><br><ol><li>(North Karelian) straight (not bent)</li><li>(North Karelian) sincere</li><li>(North Karelian) true, real</li><li>(North Karelian, travel) direct</li><li>(South Karelian) promiscuous (having more than one sexual partner)</li></ol>
šurma|šurmua|šurman	<i>noun</i><br><ol><li>death</li></ol>
šuuri	<i>adj</i><br><ol><li>large</li><li>big</li><li>great</li></ol>
šygyžy	<i>noun</i><br><ol><li>autumn</li></ol>
žiivatta	<i>noun</i><br><ol><li>animal</li></ol>
