ᦀᦲᦰᦣᦸᧅ|˙ʼihoak	<i>noun</i><br><ol><li>squirrel</li></ol>
ᦀᦸᧅᧈᦶᦀᧅᧈ|˙ʼoak¹˙ʼaek¹	<i>noun</i><br><ol><li>brain</li></ol>
ᦀᦾᧈ|ᦂᦱᧃᦀᦾᧈ|˙ʼoay¹	<i>verb</i><br><ol><li>to feed</li></ol>
ᦀᦾᧉ|˙ʼoay²|spelling ᩋᩭ᩶	<i>noun</i><br><ol><li>sugar cane (Saccharum officinarum)</li></ol>
ᦂᦎᦻᧈ|k̇ṫaay¹|ᦷᦎ|spelling ᨠᨲ᩵ᩣ᩠ᨿ	<i>noun</i><br><ol><li>rabbit</li></ol>
ᦂᦡᦱᧆ|spelling ᨠᨯᩣ᩠ᨯ|k̇!ḋaad|k̇ḋaad|ᦂᦰᦡᦱᧆ	<i>noun</i><br><ol><li>paper.</li></ol>
ᦂᦱ|k̇aa|spelling ᨠᩣ	<i>noun</i><br><ol><li>crow</li></ol>
ᦂᦱᧉ|ᦙᧆ|ᦂᦸ|ᦩᦱᧄᦂᦱᧉ|ᦂᦱᧃᦂᦱᧉ|k̇aa²|ᦅᧁᧉ	<i>noun</i><br><ol><li>seedling</li></ol><br><i>verb</i><br><ol><li>to sprout</li></ol><br><i>adj</i><br><ol><li>brave</li><li>sharp</li><li>bright</li><li>loud; clear</li></ol>
ᦂᦲᧃ|ᦂᦱᧃᦂᦲᧃ|k̇iin|spelling ᨠᩥ᩠ᨶ|ᨠᩣ᩠ᩁᨠᩥ᩠ᨶ|ᨠᩥ᩠ᨶ	<i>verb</i><br><ol><li>to eat</li></ol>
ᦂᦳᧂ|k̇ung	<i>noun</i><br><ol><li>bow (weapon)</li></ol>
ᦂᦳᧂᧉ|k̇ung²	<i>noun</i><br><ol><li>shrimp</li></ol>
ᦂᦸᧂ|ᦂᦱᧃᦂᦸᧂ|k̇oang|spelling ᨠᩬᨦ	<i>noun</i><br><ol><li>pile, heap, stack</li><li>company of soldiers</li><li>drum</li></ol><br><i>verb</i><br><ol><li>to pile</li></ol>
ᦂᦽᧉ|k̇oy²	<i>noun</i><br><ol><li>banana.</li></ol>
ᦂᧁᧉ|k̇aw²	<i>num</i><br><ol><li>nine</li></ol>
ᦂᧇ|spelling ᨠᩢ᩠ᨷ|k̇ab	<i>prep</i><br><ol><li>with</li></ol><br><i>conj</i><br><ol><li>and</li></ol>
ᦃᦱ|ẋaa	<i>noun</i><br><ol><li>leg</li></ol>
ᦃᦱᧁ|ᦩᦱᧄᦃᦱᧁ|ẋaaw	<i>adj</i><br><ol><li>white.</li></ol>
ᦃᦱᧁᧈ|ᦆᦱᧁᧈ|ᦂᦱᧃ|xaaw¹|ẋaaw¹|spelling ᨤ᩵ᩣ᩠ᩅ	<i>noun</i><br><ol><li>news</li></ol>
ᦃᦲᧄ|ẋiim|ᦜᦲᧄᧉ	<i>noun</i><br><ol><li>needle</li></ol>
ᦃᦳᧃ|ẋun|spelling ᨡᩩᩁ	<i>noun</i><br><ol><li>hair; fur.</li><li>chief; lord.</li></ol>
ᦃᦶᦈ|ẋṫsae|spelling ᨡᨧᩯ	<i>noun</i><br><ol><li>lock; latch.</li></ol>
ᦃᦸᧃᧈ|ẋoan¹	<i>noun</i><br><ol><li>revenue; tax; duty; cess.</li></ol>
ᦃᦾᧉ|ẋoay²	<i>pron</i><br><ol><li>I, me</li></ol><br><i>intj</i><br><ol><li>used as a polite expression of affirmation or agreement.</li></ol><br><i>particle</i><br><ol><li>a particle used for politeness.</li><li>yes, (that's) right</li></ol>
ᦃᧁᧉ|ᦷᦣᧂ|ᦵᦋᦲᧉ|ẋaw²|ᦵᦙᧆ|ᦂᦱᧃᦃᧁᧉ	<i>verb</i><br><ol><li>to enter</li></ol><br><i>noun</i><br><ol><li>rice</li><li>food</li></ol>
ᦃᧁᧉᦓᦳᧄᦔᧂ|ẋaw²numṗang	<i>noun</i><br><ol><li>(Thailand) bread</li></ol>
ᦃᧁᧉᦓᧄᧉ|ẋaw²nam²	<i>noun</i><br><ol><li>food, meal</li></ol>
ᦃᧁᧉᦔᦱ|ẋaw²ṗaa	<i>noun</i><br><ol><li>food, meal</li></ol>
ᦃᧁᧉᦺᦈ|ᦂᦱᧃᦃᧁᧉᦺᦈ|ᦩᦱᧄᦃᧁᧉᦺᦈ|ẋaw²ṫsay	<i>verb</i><br><ol><li>understand</li></ol>
ᦃᧅ|ẋak|ᦂᦱᧃᦃᧅ|spelling ᨡᩢ᩠ᨠ	<i>verb</i><br><ol><li>be hard-working, be eager.</li></ol>
ᦃᧇ|ẋab|spelling ᨡᩢ᩠ᨷ|ᦂᦱᧃᦃᧇ	<i>verb</i><br><ol><li>to drive</li><li>to drive away</li><li>to sing</li></ol>
ᦅᦳᧃ|ᦩᦱᧄᦅᦳᧃ|ᦂᦱᧃᦅᦳᧃ|kun	<i>noun</i><br><ol><li>person</li><li>favour; gratitude</li></ol><br><i>adj</i><br><ol><li>alive; living</li></ol><br><i>classifier</i><br><ol><li>Classifier for people.</li></ol><br><i>verb</i><br><ol><li>(transitive, arithmetic) to multiply</li></ol>
ᦅᦸᧂᧉ|spelling ᨣᩬ᩶ᨦ|koang²	<i>noun</i><br><ol><li>gong</li></ol>
ᦅᦹᧆ|ᦩᦱᧄᦅᦹᧆ|kued|ᦂᦱᧃᦅᦹᧆ	<i>verb</i><br><ol><li>to think</li></ol>
ᦅᧄ|kam|ᦃᦸᧉ	<i>noun</i><br><ol><li>word</li></ol>
ᦅᧄᦓᦱᧄ|kamnaam	<i>noun</i><br><ol><li>noun</li></ol>
ᦆᦱᧁᧈ|ᦂᦱᧃ|xaaw¹|spelling ᨤ᩵ᩣ᩠ᩅ	<i>noun</i><br><ol><li>story (fact or fiction).</li><li>television show.</li></ol><br><i>classifier</i><br><ol><li>used for story or news report.</li><li>used for distance traveled.</li></ol>
ᦆᦱᧈᦵᦝᧀᧈ|xaa¹foey¹	<i>noun</i><br><ol><li>(China) coffee.</li></ol>
ᦆᧁᦉᦹᧈ|xawṡue¹	<i>noun</i><br><ol><li>(China) examination; exam; test</li></ol>
ᦆᧄ|xam|spelling ᨤᩣᩴ	<i>noun</i><br><ol><li>gold</li></ol>
ᦆᧄᦃᦱᧁ|xamẋaaw	<i>noun</i><br><ol><li>platinum</li></ol>
ᦆᧄᦶᦡᧂ|xamḋaeng	<i>noun</i><br><ol><li>red gold, rose gold</li></ol>
ᦇᦱᧄ|ngaam|ᦩᦱᧄᦇᦱᧄ|spelling ᨦᩣ᩠ᨾ	<i>adj</i><br><ol><li>beautiful</li></ol>
ᦇᦴ|nguu|spelling ᨦᩪ|ᨦᩪ	<i>noun</i><br><ol><li>snake</li></ol>
ᦇᦹᧃ|nguen	<i>noun</i><br><ol><li>silver</li><li>money</li></ol>
ᦇᦹᧃᦆᧄ|nguenxam	<i>noun</i><br><ol><li>money; treasure</li></ol>
ᦇᦹᧃᦣᧂ|nguenhang	<i>noun</i><br><ol><li>fund</li></ol>
ᦇᦹᧃᦵᦙᧆ|nguenmed	<i>noun</i><br><ol><li>coin</li></ol>
ᦈᦳ|ṫsu|ᦂᦱᧃᦈᦳ	<i>verb</i><br><ol><li>to lie, to deceive</li></ol>
ᦈᦸᧂᧉ|ṫsoang²	<i>name</i><br><ol><li>Zhuang</li></ol>
ᦈᦸᧉᦑᧄ|ṫsoa²tam	<i>noun</i><br><ol><li>coffee table</li></ol>
ᦈᦹᧈᦶᦑᧃ|ṫsue¹taen	<i>noun</i><br><ol><li>dictionary</li></ol>
ᦈᧁᧉ|ṫsaw²	<i>noun</i><br><ol><li>elite, aristocrat</li></ol><br><i>pron</i><br><ol><li>you</li></ol>
ᦉ|ᦂᦱᧃᦉᦰ|ṡ!|ᦂᦱᧃᦉ|ṡ|ᦉᦰ	<i>verb</i><br><ol><li>to wash.</li></ol>
ᦉᦏᦱᧇ|ṡṫhaab|ᦵᦙᧆ	<i>noun</i><br><ol><li>snow; frost.</li></ol>
ᦉᦏᦱᧇᦡᦱᧂᧉ|ṡṫhaabḋaang²	<i>noun</i><br><ol><li>ice (in frozen lake).</li></ol>
ᦉᦛᧃ|ṡv̇an	<i>noun</i><br><ol><li>heaven</li></ol>
ᦉᦛᧆᦌᦤᦲ|ṡv̇adsdii	<i>noun</i><br><ol><li>safety</li><li>health</li></ol><br><i>intj</i><br><ol><li>greeting used in meeting and leave-taking</li></ol>
ᦉᦡᦹ|ṡḋue	<i>noun</i><br><ol><li>navel.</li></ol>
ᦉᦱᧂᧈᦆᦻ|ṡaang¹xaay	<i>name</i><br><ol><li>Shanghai (a direct-administered municipality, a major port city in eastern China)</li></ol>
ᦉᦱᧂᧉ|ᦂᦱᧃᦉᦱᧂᧉ|spelling ᩈ᩶ᩣ᩠ᨦ|ṡaang²	<i>verb</i><br><ol><li>build, create</li></ol>
ᦉᦱᧃ|ᦂᦱᧃᦉᦱᧃ|ṡaan|ᦩᦱᧄᦉᦱᧃ|ᦑᦲᧈ	<i>verb</i><br><ol><li>to weave; to entwine</li></ol><br><i>noun</i><br><ol><li>message</li><li>court (of law)</li><li>chemical</li><li>animal feed</li></ol><br><i>adv</i><br><ol><li>ready</li></ol>
ᦉᦱᧄ|ṡaam	<i>num</i><br><ol><li>three</li></ol>
ᦉᦱᧄᦉᦲᧇ|ṡaamṡiib	<i>num</i><br><ol><li>thirty</li></ol>
ᦉᦲ|ᦂᦱᧃᦉᦲ|ṡii	<i>verb</i><br><ol><li>to rub; to scrape.</li></ol><br><i>noun</i><br><ol><li>color.</li></ol>
ᦉᦲᧅ|ṡiik|ᦂᦱᧃᦉᦲᧅ	<i>noun</i><br><ol><li>follower; disciple.</li></ol><br><i>verb</i><br><ol><li>to split.</li></ol>
ᦉᦲᧅᧈ|ᦂᦱᧃᦉᦲᧅᧈ|ṡiik¹	<i>verb</i><br><ol><li>to tear; to rip.</li></ol>
ᦉᦲᧇ|ṡiib	<i>num</i><br><ol><li>ten</li></ol>
ᦉᦲᧇᦂᧁᧉ|ṡiibk̇aw²	<i>num</i><br><ol><li>nineteen</li></ol>
ᦉᦲᧇᦉᦱᧄ|ṡiibṡaam	<i>num</i><br><ol><li>thirteen</li></ol>
ᦉᦲᧇᦉᦲᧈ|ṡiibṡii¹	<i>num</i><br><ol><li>fourteen</li></ol>
ᦉᦲᧇᦉᦸᧂ|ṡiibṡoang	<i>num</i><br><ol><li>twelve.</li></ol>
ᦉᦲᧇᦉᦸᧂᦗᧃᦓᦱ|spelling ᩈᩥ᩠ᨷᩈᩬᨦᨻᩢ᩠ᨶᨶᩣ|ṡiibṡoangpannaa|ᩈᩥ᩠ᨷᩈᩬᨦᨻᩢ᩠ᨶᨶᩣ	<i>name</i><br><ol><li>(less usage) Xishuangbanna.</li></ol>
ᦉᦲᧇᦠᦱᧉ|ṡiibḣaa²	<i>num</i><br><ol><li>fifteen</li></ol>
ᦉᦲᧇᦵᦀᧆ|ṡiib˙ʼed	<i>num</i><br><ol><li>eleven</li></ol>
ᦉᦲᧇᦵᦈᧆ|ṡiibṫsed	<i>num</i><br><ol><li>seventeen</li></ol>
ᦉᦲᧇᦶᦔᧆᧈ|ṡiibṗaed¹	<i>num</i><br><ol><li>eighteen</li></ol>
ᦉᦲᧇᦷᦠᧅ|ṡiibḣok	<i>num</i><br><ol><li>sixteen</li></ol>
ᦉᦲᧈ|ṡii¹|ᦵᦟᦲᧂᧈ	<i>num</i><br><ol><li>four.</li></ol><br><i>noun</i><br><ol><li>(China) theatrical play; show.</li></ol>
ᦉᦳᦎᦳ|ṡuṫu	<i>noun</i><br><ol><li>aluminium.</li></ol>
ᦉᦳᧂ|ṡung|ᦩᦱᧄᦉᦳᧂ	<i>adj</i><br><ol><li>tall.</li><li>high.</li></ol>
ᦉᦳᧃ|ṡun|ᦂᦱᧃᦉᦳᧃ	<i>verb</i><br><ol><li>to disappear; to be lost; to be destroyed</li><li>to mix</li><li>to thread (a needle)</li></ol><br><i>num</i><br><ol><li>(Thailand) zero; nought</li></ol>
ᦉᦸᧂ|ṡoang	<i>num</i><br><ol><li>two (numeral: ᧒)</li></ol>
ᦉᦸᧃ|ṡoan|spelling ᩈᩬᩁ|ᦂᦱᧃᦉᦸᧃ	<i>verb</i><br><ol><li>to teach.</li></ol>
ᦉᦸᧅ|ṡoak	<i>noun</i><br><ol><li>elbow.</li></ol>
ᦉᦸᧅᧈ|ṡoak¹	<i>noun</i><br><ol><li>elbow.</li></ol>
ᦉᦹᧈᦌᦸᧃᧈ|ṡue¹soan¹	<i>name</i><br><ol><li>Sichuan</li></ol>
ᦉᦻᦂᦳᧂ|ṡaayk̇ung	<i>noun</i><br><ol><li>bowstring</li></ol>
ᦉᧂᦃᦱᧃ|ṡangẋaan	<i>noun</i><br><ol><li>Songkran</li></ol>
ᦊᦱ|ᦂᦱᧃᦊᦱ|ẏaa	<i>noun</i><br><ol><li>medicine</li><li>tobacco</li></ol><br><i>verb</i><br><ol><li>(transitive) to cure; to heal</li></ol>
ᦊᦱᧉ|ẏaa²	<i>noun</i><br><ol><li>grass</li></ol>
ᦋᦱᧂᧈ|tsaang¹|kun|ᦅᦳᧃ	<i>noun</i><br><ol><li>artisan, craftsman</li></ol>
ᦋᦱᧂᧈᦆᧄ|tsaang¹xam	<i>noun</i><br><ol><li>goldsmith</li></ol>
ᦋᦱᧂᧈᦇᦹᧃ|tsaang¹nguen	<i>noun</i><br><ol><li>silversmith</li></ol>
ᦋᦱᧂᧈᦛᦱᧃᧈ|tsaang¹v̇aan¹	<i>noun</i><br><ol><li>potter</li></ol>
ᦋᦱᧂᧉ|tsaang²|ᦷᦎ	<i>noun</i><br><ol><li>elephant</li></ol>
ᦋᦲᦞᦲᧆ|spelling ᨩᩦᩅᩥ᩠ᨯ|tsiiviid|ᨩᩦᩅᩥ᩠ᨲ	<i>noun</i><br><ol><li>life</li></ol>
ᦋᦲᧃᧉ|tsiin²	<i>noun</i><br><ol><li>meat</li></ol>
ᦋᦲᧉᦩᦱᧈ|tsii²xwaa¹	<i>noun</i><br><ol><li>(China) chrysanthemum</li></ol>
ᦋᦸᧃᧈᦋᦱᧈ|tsoan¹tsaa¹	<i>noun</i><br><ol><li>(China) expert</li></ol>
ᦋᦸᧃᧉ|tsoan²	<i>noun</i><br><ol><li>spoon</li></ol>
ᦋᦻ|tsaay	<i>noun</i><br><ol><li>man</li></ol>
ᦋᧂ|tsang|ᦂᦱᧃᦋᧂ	<i>verb</i><br><ol><li>hate</li></ol>
ᦌᦱᧁ|spelling ᨪᩣ᩠ᩅ|saaw	<i>num</i><br><ol><li>twenty</li></ol>
ᦌᦱᧁᦂᧁᧉ|saawk̇aw²	<i>num</i><br><ol><li>twenty-nine</li></ol>
ᦌᦱᧁᦉᦱᧄ|saawṡaam	<i>num</i><br><ol><li>twenty-three</li></ol>
ᦌᦱᧁᦉᦲᧈ|saawṡii¹	<i>num</i><br><ol><li>twenty-four</li></ol>
ᦌᦱᧁᦉᦸᧂ|saawṡoang	<i>num</i><br><ol><li>twenty-two</li></ol>
ᦌᦱᧁᦠᦱᧉ|saawḣaa²	<i>num</i><br><ol><li>twenty-five</li></ol>
ᦌᦱᧁᦵᦀᧆ|saaw˙ʼed	<i>num</i><br><ol><li>twenty-one</li></ol>
ᦌᦱᧁᦵᦈᧆ|saawṫsed	<i>num</i><br><ol><li>twenty-seven</li></ol>
ᦌᦱᧁᦶᦔᧆᧈ|saawṗaed¹	<i>num</i><br><ol><li>twenty-eight</li></ol>
ᦌᦱᧁᦷᦠᧅ|saawḣok	<i>num</i><br><ol><li>twenty-six</li></ol>
ᦌᦱᧈᦝᦱᧉ|saa¹faa²	<i>noun</i><br><ol><li>(China) sofa</li></ol>
ᦌᦻ|saay	<i>noun</i><br><ol><li>sand</li></ol>
ᦍᦱᧂᧈ|yaang¹|ᦂᦱᧃᦍᦱᧂᧈ	<i>verb</i><br><ol><li>to walk.</li></ol>
ᦍᦱᧄ|yaam|spelling ᨿᩣ᩠ᨾ	<i>noun</i><br><ol><li>season, time</li></ol>
ᦍᦲᧂ|yiing	<i>noun</i><br><ol><li>woman</li></ol>
ᦍᦲᧃᦡᦲ|yiinḋii|ᦂᦱᧃᦍᦲᧃᦡᦲ	<i>verb</i><br><ol><li>to welcome</li></ol><br><i>intj</i><br><ol><li>hello</li></ol>
ᦍᧂᦊᦲᧈ|yangẏii¹	<i>noun</i><br><ol><li>(China) potato.</li></ol>
ᦎᦱ|ṫaa|ᦃᦱᧂᧉ|ᦐᦽᧈ	<i>noun</i><br><ol><li>eye.</li><li>maternal grandfather.</li></ol>
ᦎᦱᦖᦻ|ṫaaṁaay	<i>noun</i><br><ol><li>objective, target, goal</li></ol>
ᦎᦱᦞᧃ|ṫaavan	<i>noun</i><br><ol><li>sun</li></ol>
ᦎᦲ|ᦂᦱᧃᦎᦲ|ṫii	<i>verb</i><br><ol><li>hit; strike</li></ol>
ᦎᦸᧂᧉ|ṫoang²	<i>adv</i><br><ol><li>have to, must</li></ol>
ᦎᦻ|ᦂᦱᧃᦎᦻ|ṫaay	<i>verb</i><br><ol><li>to die.</li></ol>
ᦎᦼᧉ|ṫuy²|ᦩᦱᧄᦎᦼᧉ	<i>adj</i><br><ol><li>fat</li></ol>
ᦎᧁᧉᦠᦴᧉ|spelling ᨲᩮᩢ᩶ᩣᩉᩪ᩶|ṫaw²ḣuu²	<i>noun</i><br><ol><li>(Thailand) tofu</li></ol>
ᦏᦲᧇᧈ|ᦂᦱᧃᦏᦲᧇᧈ|ṫhiib¹	<i>verb</i><br><ol><li>to shove away with foot</li><li>to pedal</li></ol>
ᦏᦴᧈᦉᦱᧂ|ṫhuu¹ṡaang	<i>noun</i><br><ol><li>fork (eating utensil)</li></ol>
ᦏᧄᧉ|ṫham²|ᦐᦽᧈ	<i>noun</i><br><ol><li>cave.</li></ol>
ᦐᦱᧉ|ṅaa²	<i>noun</i><br><ol><li>face</li></ol>
ᦐᦱᧉᦜᦲᧈᦶᦧᧃ|ṅaa²l̇ii¹ẋwaen	<i>noun</i><br><ol><li>wall clock, wallclock</li></ol>
ᦐᦳᧄᧈ|ṅum¹|ᦩᦱᧄᦐᦳᧄᧈ	<i>noun</i><br><ol><li>youngster</li></ol><br><i>adj</i><br><ol><li>young</li></ol>
ᦐᧂ|ṅang|spelling ᩉ᩠ᨶᩢᨦ	<i>noun</i><br><ol><li>skin; leather.</li><li>(Thailand) movie; film.</li></ol>
ᦐᧂᦉᦹᦘᦲᧄ|ṅangṡuephiim	<i>noun</i><br><ol><li>newspaper.</li></ol>
ᦑᦞᦲᧇ|tviib	<i>noun</i><br><ol><li>continent</li></ol>
ᦑᦱᧂ|taang	<i>noun</i><br><ol><li>way between two places, road</li></ol>
ᦑᦱᧂᦂᦲᧃ|taangk̇iin	<i>noun</i><br><ol><li>food</li></ol>
ᦑᦱᧈᦵᦣᦲ|taa¹hoe	<i>noun</i><br><ol><li>port</li></ol>
ᦑᦸᧂ|toang	<i>noun</i><br><ol><li>bronze</li></ol>
ᦑᦸᧂᧉ|toang²	<i>noun</i><br><ol><li>belly, abdomen, bowels</li></ol>
ᦒᦰᦵᦟ|th!le	<i>noun</i><br><ol><li>sea</li></ol>
ᦒᦻᧉᦵᦑᦲᧃᧈ|thaay²toen¹	<i>noun</i><br><ol><li>(China) desklamp</li></ol>
ᦒᧄ|tham	<i>noun</i><br><ol><li>dharma</li></ol>
ᦓᦱ|naa|spelling ᨶᩣ|ᦑᦲᧈ	<i>noun</i><br><ol><li>paddy field.</li></ol>
ᦓᦱᧄ|naam	<i>noun</i><br><ol><li>name</li></ol>
ᦓᦱᧅ|naak	<i>noun</i><br><ol><li>naga</li></ol>
ᦓᦲᧁᧉ|spelling ᨶᩥ᩠᩶ᩅ|niiw²	<i>noun</i><br><ol><li>finger; toe</li></ol>
ᦓᦳᧂᧉᦌᦱᧂ|nung²saang	<i>noun</i><br><ol><li>(China) farm</li></ol>
ᦓᦸᧂᧉ|noang²|spelling ᨶᩬ᩶ᨦ	<i>noun</i><br><ol><li>younger sibling</li></ol>
ᦓᦸᧃ|noan|ᦂᦱᧃᦓᦸᧃ	<i>verb</i><br><ol><li>to sleep</li></ol>
ᦓᦹᧂᧈ|nueng¹	<i>num</i><br><ol><li>one (numeral: ᧑)</li></ol>
ᦓᦾᧉ|spelling ᨶᩭ᩶|noay²|ᦩᦱᧄᦓᦾᧉ	<i>adj</i><br><ol><li>little, small</li></ol>
ᦓᧂᧈ|ᦂᦱᧃᦓᧂᧈ|nang¹	<i>verb</i><br><ol><li>to sit</li></ol>
ᦓᧄᧉ|nam²	<i>noun</i><br><ol><li>water</li></ol>
ᦓᧄᧉᦃᦸᧂ|nam²ẋoang	<i>name</i><br><ol><li>Mekong</li></ol>
ᦓᧄᧉᦶᦂᧃᧈ|nam²k̇aen¹|ᦂᦸᧃᧉ	<i>noun</i><br><ol><li>ice.</li></ol>
ᦔᦱ|ṗaa|ᦷᦎ|spelling ᨸᩣ	<i>noun</i><br><ol><li>fish</li></ol>
ᦔᦲ|ṗii|ᨸᩦ|spelling ᨸᩦ	<i>noun</i><br><ol><li>year</li></ol>
ᦔᦲᧃ|ᦂᦱᧃᦔᦲᧃ|ṗiin	<i>verb</i><br><ol><li>to be</li></ol>
ᦔᦳᧂᧈ|ᦂᦱᧃᦔᦳᧂᧈ|ṗung¹|ᦢᦲᧃᧉ|ᦶᦕᧃᧈ	<i>verb</i><br><ol><li>to bloom; to bud; to sprout.</li></ol><br><i>noun</i><br><ol><li>picture; chart; diagram.</li></ol>
ᦔᦳᧂᧈᦵᦓᦲᧂ|ṗung¹noeng|ᦂᦱᧃᦔᦳᧂᧈᦵᦓᦲᧂ	<i>verb</i><br><ol><li>develop</li></ol>
ᦔᦴ|ṗuu	<i>noun</i><br><ol><li>crab</li></ol>
ᦔᦴᧈ|ṗuu¹	<i>noun</i><br><ol><li>paternal grandfather</li></ol>
ᦔᦹᧃ|ᦜᦲᧄᧉ|ṗuen	<i>noun</i><br><ol><li>arrow</li></ol>
ᦔᦹᧃᦂᦱᧂᧈ|ṗuenk̇aang¹	<i>noun</i><br><ol><li>crossbow arrow</li></ol>
ᦔᧁᧈ|ṗaw¹|ᦂᦱᧃᦔᧁᧈ	<i>verb</i><br><ol><li>to blow</li></ol>
ᦕᦱᧉ|ṗhaa²|ᦕᦹᧃ	<i>noun</i><br><ol><li>cloth</li></ol>
ᦕᦲ|ṗhii	<i>noun</i><br><ol><li>ghost</li><li>supernatural being</li></ol>
ᦕᦳᧄ|ṗhum	<i>noun</i><br><ol><li>headhair</li></ol>
ᦕᦴᧉ|ṗhuu²	<i>noun</i><br><ol><li>person; people.</li></ol><br><i>classifier</i><br><ol><li>used with people.</li></ol><br><i>prefix</i><br><ol><li>-er, one who does something or has some condition.</li></ol>
ᦕᦵᦑᧆ|ᨷᩕᨳᩮ᩠ᩆ|spelling ᨹᨳᩮ᩠ᨯ|ᨷᩕᨳᩮ᩠ᩈ|ṗhted	<i>noun</i><br><ol><li>country</li></ol>
ᦕᧅ|ṗhak	<i>noun</i><br><ol><li>vegetable</li></ol>
ᦕᧅᦂᦱᧆᦃᦱᧁ|ṗhakk̇aadẋaaw	<i>noun</i><br><ol><li>napa cabbage, bok choy</li></ol>
ᦕᧅᦂᦱᧆᦠᦸᧈ|ṗhakk̇aadḣoa¹	<i>noun</i><br><ol><li>cabbage</li></ol>
ᦖᦱ|ṁaa|ᦷᦎ	<i>noun</i><br><ol><li>dog</li></ol>
ᦖᦱᧅ|ṁaak	<i>noun</i><br><ol><li>fruit, nut</li></ol>
ᦖᦱᧅᦘᦲᧃᧉᦷᦅ|ṁaakphiin²ko	<i>noun</i><br><ol><li>apple (fruit)</li></ol>
ᦖᦱᧅᦘᦲᧅ|ṁaakphiik	<i>noun</i><br><ol><li>chili, chili pepper</li></ol>
ᦖᦱᧅᦚᦳᧂ|ṁaakḟung	<i>noun</i><br><ol><li>apricot</li></ol>
ᦖᦱᧅᦵᦃᦲᦉᦳᧄᧉ|ṁaakẋoeṡum²	<i>noun</i><br><ol><li>tomato</li></ol>
ᦖᦲ|ᦷᦎ|ṁii	<i>noun</i><br><ol><li>bear.</li></ol>
ᦖᦴ|ᦷᦎ|ṁuu	<i>noun</i><br><ol><li>pig</li></ol>
ᦖᦹᧃᧈ|ṁuen¹	<i>num</i><br><ol><li>ten thousand</li></ol>
ᦗᦲᧈ|spelling ᨻᩦ᩵|pii¹	<i>noun</i><br><ol><li>elder sibling</li></ol>
ᦗᦴ|ᦐᦽᧈ|ᦩᦱᧄᦗᦴ|ᦂᦱᧃᦗᦴ|ᦟᦴᧅ|puu	<i>noun</i><br><ol><li>mountain</li><li>betel</li></ol><br><i>verb</i><br><ol><li>(transitive) to provide</li></ol><br><i>adj</i><br><ol><li>nutritious</li></ol>
ᦗᦸᧅ|ᦂᦱᧃᦗᦸᧅ|poak	<i>verb</i><br><ol><li>return</li></ol><br><i>noun</i><br><ol><li>time</li></ol>
ᦗᦸᧈ|poa¹	<i>noun</i><br><ol><li>father</li></ol>
ᦗᦾ|poay	<i>noun</i><br><ol><li>feast, festival, entertainment, celebration; activity of any kind</li></ol>
ᦗᧃ|pan|spelling ᨻᩢ᩠ᨶ|ᦂᦱᧃᦗᧃ	<i>num</i><br><ol><li>thousand</li></ol><br><i>verb</i><br><ol><li>to bind; to tie round</li></ol>
ᦘᦱᦉᦱ|spelling ᨽᩣᩈᩣ|phaaṡaa	<i>noun</i><br><ol><li>language</li></ol>
ᦘᦱᦉᦱᦁᦱᧈᦌᦱᧂᧈ|phaaṡaaʼaa¹saang¹	<i>noun</i><br><ol><li>Achang (language)</li></ol>
ᦘᦱᧃ|ᦅᦳᧃ|kun|phaan	<i>noun</i><br><ol><li>hunter</li></ol>
ᦘᦲᧃᧉᦷᦅ|phiin²ko	<i>noun</i><br><ol><li>(China) apple</li></ol>
ᦘᦲᧅ|phiik|ᦐᦽᧈ|spelling ᨽᩥ᩠ᨠ	<i>noun</i><br><ol><li>pepper, chilli, chili pepper</li></ol>
ᦘᦲᧅᦓᦾᧉ|phiiknoay²	<i>noun</i><br><ol><li>black pepper, peppercorn, Piper nigrum</li></ol>
ᦘᦲᧅᦵᦃᧁ|phiikẋew|spelling ᨽᩥ᩠ᨠᨡ᩠ᨿᩅ|ᨽᩥ᩠ᨠᨡᩮ᩠ᩅ	<i>noun</i><br><ol><li>green pepper, bell pepper</li></ol>
ᦘᦲᧅᦶᦎᧉ|phiikṫae²	<i>noun</i><br><ol><li>Capsicum frutescens</li></ol>
ᦙᦱ|spelling ᨾᩣ|maa|ᦂᦱᧃᦙᦱ	<i>verb</i><br><ol><li>to come</li></ol>
ᦙᦱᧃᧈ|spelling ᨾ᩵ᩣ᩠ᨶ|maan¹	<i>name</i><br><ol><li>Burma; Burmese.</li></ol>
ᦙᦱᧉ|ᦷᦎ|spelling ᨾ᩶ᩣ|maa²	<i>noun</i><br><ol><li>horse</li></ol>
ᦙᦲ|mii|ᦂᦱᧃᦙᦲ	<i>verb</i><br><ol><li>to have (possession, relationship, attribute).</li><li>to exist; there is, there are.</li></ol><br><i>noun</i><br><ol><li>(China) metre (unit of length).</li></ol>
ᦙᦷᦍ|spelling ᨾᨿᩰ|myo	<i>noun</i><br><ol><li>kind; sort; type.</li></ol>
ᦙᦹ|mue|spelling ᨾᩨ	<i>noun</i><br><ol><li>hand.</li></ol>
ᦙᧃᦀᦟᦴ|man˙ʼluu|spelling ᨾᩢ᩠ᨶᩋᩃᩪ	<i>noun</i><br><ol><li>(Thailand) potato.</li></ol>
ᦚᦱᧉ|ḟaa²|spelling ᨺ᩶ᩣ|ᦂᦱᧃᦚᦱᧉ	<i>noun</i><br><ol><li>cloud.</li></ol><br><i>verb</i><br><ol><li>to distribute.</li></ol>
ᦚᦲᧃᧈ|spelling ᨺᩥ᩠᩵ᨶ|ḟiin¹	<i>noun</i><br><ol><li>opium</li></ol>
ᦚᦳᧃ|ḟun|spelling ᨺᩩᩁ	<i>noun</i><br><ol><li>rain</li></ol>
ᦚᦻ|ḟaay	<i>noun</i><br><ol><li>dam; weir</li></ol>
ᦛᦱᧃ|ᦩᦱᧄᦛᦱᧃ|v̇aan	<i>adj</i><br><ol><li>sweet</li><li>(of speech) pleasant</li></ol>
ᦛᦱᧃᧈ|v̇aan¹	<i>noun</i><br><ol><li>bowl</li><li>cup</li><li>dish</li></ol><br><i>classifier</i><br><ol><li>Classifier for dishes, courses.</li></ol>
ᦛᦱᧃᧈᦶᦂᧁᧉ|v̇aan¹k̇aew²	<i>noun</i><br><ol><li>drinking glass</li></ol>
ᦛᦲ|spelling ᩉ᩠ᩅᩦ|v̇ii	<i>noun</i><br><ol><li>comb</li></ol>
ᦛᦲᧈ|v̇ii¹	<i>noun</i><br><ol><li>(China) jade</li></ol>
ᦜᧅ|l̇ak	<i>noun</i><br><ol><li>post; pillar.</li><li>kilometre.</li></ol>
ᦝᦱᧃᧈᦍᦲᧉ|ᦂᦱᧃᦝᦱᧃᧈᦍᦲᧉ|faan¹yii²	<i>verb</i><br><ol><li>(China) to translate</li></ol>
ᦝᦱᧉ|spelling ᨼ᩶ᩣ|faa²	<i>noun</i><br><ol><li>sky</li></ol>
ᦝᦱᧉᦷᦎᧂᦋᦲᧈ|ᦝᦱᧉᦎᦳᧂᧈᦋᦲᧈ|faa²ṫongtsii¹|faa²ṫung¹tsii¹	<i>noun</i><br><ol><li>(China) machine; engine</li></ol>
ᦝᦸᧃᧉ|foan²|ᦂᦱᧃᦝᦸᧃᧉ	<i>verb</i><br><ol><li>dance</li></ol>
ᦝᧂ|fang|spelling ᨼᩢ᩠ᨦ|ᦂᦱᧃᦝᧂ	<i>verb</i><br><ol><li>to listen</li></ol>
ᦞᦱᧈ|vaa¹|spelling ᩅ᩵ᩤ|ᦂᦱᧃᦞᦱᧈ	<i>verb</i><br><ol><li>to say</li></ol>
ᦞᦲᦠᦱᧃ|ᦜᧂ|viiḣaan	<i>noun</i><br><ol><li>temple; church; monastery</li></ol>
ᦞᦸᧉ|spelling ᩅᩬᩳ᩶|ᦩᦱᧄᦞᦸᧉ|voa²	<i>adj</i><br><ol><li>mad; rabid.</li></ol><br><i>noun</i><br><ol><li>rabies.</li></ol>
ᦞᧃ|van	<i>noun</i><br><ol><li>day.</li></ol>
ᦞᧆ|vad|ᦜᧂ	<i>noun</i><br><ol><li>wat: a type of Buddhist temple</li></ol>
ᦟᦱᧁ|laaw	<i>name</i><br><ol><li>Laos</li></ol>
ᦟᦲᧃᧉ|ᦐᦽᧈ|liin²	<i>noun</i><br><ol><li>tongue.</li><li>drawer.</li><li>(China) phosphorus; phosphate (in fertilizer).</li></ol><br><i>num</i><br><ol><li>(China) zero; nought.</li></ol>
ᦟᦳᧂ|kun|ᦩᦱᧄᦟᦳᧂ|ᦂᦱᧃᦟᦳᧂ|lung|ᦅᦳᧃ	<i>noun</i><br><ol><li>uncle (parent's elder brother).</li></ol><br><i>verb</i><br><ol><li>to descend.</li></ol><br><i>adv</i><br><ol><li>down; downward.</li></ol>
ᦟᦳᧄ|ᦉᦻ|lum|ᦠᦱᧈ	<i>noun</i><br><ol><li>wind.</li></ol>
ᦟᦹᧉ|lue²	<i>name</i><br><ol><li>Lü, an ethnic group of Southern China, Burma, Northern Thailand, and Vietnam</li><li>the language they speak</li></ol>
ᦟᧅ|lak|ᦂᦱᧃᦟᧅ	<i>verb</i><br><ol><li>to steal</li></ol>
ᦠᦱ|ḣaa|ᦂᦱᧃᦠᦱ	<i>verb</i><br><ol><li>to find</li><li>to visit someone</li></ol>
ᦠᦱᧂ|ḣaang	<i>noun</i><br><ol><li>tail</li></ol>
ᦠᦱᧉ|ḣaa²	<i>num</i><br><ol><li>five</li></ol>
ᦠᦲᧃ|ᦟᦴᧅ|ḣiin|ᦐᦽᧈ	<i>noun</i><br><ol><li>rock; stone.</li></ol>
ᦠᦳᧃᦑᦱᧂ|ḣuntaang	<i>noun</i><br><ol><li>road</li></ol>
ᦠᦳᧄ|ḣum|ᦂᦱᧃᦠᦳᧄ	<i>verb</i><br><ol><li>to like</li></ol>
ᦠᦴ|ḣuu|ᦃᦸᧃ	<i>noun</i><br><ol><li>ear</li></ol>
ᦠᦴᦝᧂ|ḣuufang	<i>noun</i><br><ol><li>headphone; ear bud.</li></ol>
ᦡᦱᧁ|ᦐᦽᧈ|ḋaaw|ᦷᦤᧂ	<i>noun</i><br><ol><li>star</li></ol>
ᦡᦱᧁᦆᧄ|ḋaawxam	<i>name</i><br><ol><li>(astronomy) Venus</li></ol>
ᦡᦱᧁᦓᧄᧉ|ḋaawnam²	<i>name</i><br><ol><li>(astronomy) Mercury</li></ol>
ᦡᦱᧁᦠᦱᧂ|ḋaawḣaang	<i>noun</i><br><ol><li>comet</li></ol>
ᦡᦱᧁᦡᦲᧃ|ḋaawḋiin	<i>name</i><br><ol><li>(astronomy) Saturn</li></ol>
ᦡᦱᧁᦺᦙᧉ|ḋaawmay²	<i>name</i><br><ol><li>(astronomy) Jupiter</li></ol>
ᦡᦱᧁᦺᦜ|ḋaawl̇ay|ᦐᦽᧈ	<i>noun</i><br><ol><li>planet</li></ol>
ᦡᦱᧁᦺᦝ|ḋaawfay	<i>name</i><br><ol><li>(astronomy) Mars</li></ol>
ᦡᦲ|ḋii	<i>adj</i><br><ol><li>good</li></ol>
ᦡᦲᧃ|spelling ᨯᩥ᩠ᨶ|ḋiin|ᦂᦸᧃᧉ	<i>noun</i><br><ol><li>earth, ground, mud</li></ol>
ᦡᦳᧆᧈ|ḋud¹|ᦂᦱᧃᦡᦳᧆᧈ	<i>verb</i><br><ol><li>to suck.</li></ol>
ᦡᦸᧅᧈ|ᦗᦳᧅ|ḋoak¹|ᦷᦤᧂ	<i>noun</i><br><ol><li>flower</li></ol>
ᦡᦸᧅᧈᦷᦢ|ḋoak¹ḃo	<i>noun</i><br><ol><li>lotus</li></ol>
ᦡᧂ|ḋang|ᦣᦴ	<i>noun</i><br><ol><li>nose</li></ol>
ᦡᧄ|ḋam|ᦩᦱᧄᦡᧄ	<i>adj</i><br><ol><li>black.</li></ol>
ᦢᦱᧃᧉ|ḃaan²|ᦟᦴᧅ|ᦑᦲᧈ	<i>noun</i><br><ol><li>village.</li></ol><br><i>classifier</i><br><ol><li>used for villages.</li></ol><br><i>adj</i><br><ol><li>rural.</li><li>domesticated; tamed.</li></ol>
ᦢᦲᧃ|ḃiin|ᦂᦱᧃᦢᦲᧃ	<i>verb</i><br><ol><li>to fly</li></ol>
ᦢᦳᧃ|ḃun	<i>noun</i><br><ol><li>(Buddhism) merit</li></ol>
ᦢᧁᧈ|ḃaw¹|spelling ᨷᩢ|ᨷᩢ	<i>adv</i><br><ol><li>not</li></ol>
ᦢᧁᧈᦅᦸᧉ|ḃaw¹koa²	<i>conj</i><br><ol><li>or</li></ol>
ᦣᦱ|haa	<i>pron</i><br><ol><li>we two (inclusive).</li></ol><br><i>noun</i><br><ol><li>mold (living).</li></ol>
ᦣᦴᧉ|ᦩᦱᧄᦣᦴᧉ|ᦂᦱᧃᦣᦴᧉ|huu²	<i>verb</i><br><ol><li>to know</li></ol>
ᦣᦴᧉᦞᦱᧈ|huu²vaa¹	<i>conj</i><br><ol><li>or</li></ol>
ᦣᦸᧂᧉ|hoang²|ᦂᦱᧃᦣᦸᧂᧉ	<i>verb</i><br><ol><li>call, shout, summon</li></ol>
ᦣᦾᧉ|hoay²|spelling ᩁᩭ᩶	<i>num</i><br><ol><li>hundred.</li></ol>
ᦣᧁ|haw	<i>pron</i><br><ol><li>we, us.</li></ol>
ᦣᧂ|hang|ᦂᦱᧃᦣᧂ	<i>noun</i><br><ol><li>nest</li></ol>
ᦣᧅ|hak|ᦂᦱᧃᦣᧅ	<i>verb</i><br><ol><li>love</li></ol>
ᦦᦱᧂᧉ|ᦩᦱᧄᦦᦱᧂᧉ|k̇waang²	<i>adj</i><br><ol><li>wide, broad</li></ol>
ᦦᦱᧆ|k̇waad|ᦂᦱᧃᦦᦱᧆ	<i>verb</i><br><ol><li>to sweep.</li></ol>
ᦩᦱᧄᦅᦹᧆ|xwaamkued	<i>noun</i><br><ol><li>thought; idea</li><li>abstract noun of ᦅᦹᧆ (kued)</li></ol>
ᦩᦻ|xwaay|ᦷᦎ|spelling ᨤ᩠ᩅᩣ᩠ᨿ	<i>noun</i><br><ol><li>water buffalo.</li></ol>
ᦵᦃᧁ|ẋew|ᦩᦱᧄᦵᦃᧁ	<i>adj</i><br><ol><li>green</li></ol>
ᦵᦅᦲᧉᦖᦲᧃᧈ|koe²ṁiin¹	<i>noun</i><br><ol><li>(China) revolution</li></ol>
ᦵᦆᦲᧂᧈ|xoeng¹	<i>noun</i><br><ol><li>device</li><li>clothes; clothing</li></ol>
ᦵᦈᦲᧃᧈ|ṫsoen¹	<i>noun</i><br><ol><li>(China) town.</li></ol>
ᦵᦈᧂᦣᦻ|ṫsenghaay	<i>name</i><br><ol><li>Chiang Rai</li></ol>
ᦵᦈᧃ|ṫsen	<i>noun</i><br><ol><li>sheep</li></ol>
ᦵᦈᧆ|ṫsed	<i>num</i><br><ol><li>seven</li></ol>
ᦵᦉᦲ|ᦷᦎ|ṡoe	<i>noun</i><br><ol><li>tiger</li></ol>
ᦵᦉᧂ|spelling ᩈ᩠ᨿᨦ|ṡeng	<i>noun</i><br><ol><li>sound, noise, voice, tone</li></ol>
ᦵᦊᧇ|ᦂᦱᧃᦵᦊᧇ|ẏeb	<i>verb</i><br><ol><li>to sew.</li></ol>
ᦵᦋᦲᧁᧈ|tsoew¹	<i>noun</i><br><ol><li>(China) prefecture.</li></ol>
ᦵᦋᧂᦣᦳᧂᧈ|tsenghung¹	<i>name</i><br><ol><li>A county-level city in Xishuangbanna prefecture, Yunnan, China</li></ol>
ᦵᦌᦲᧃ|soen	<i>noun</i><br><ol><li>(China) province.</li></ol>
ᦵᦍ|ye	<i>noun</i><br><ol><li>granary</li></ol>
ᦵᦍᦌᦴ|yesuu	<i>name</i><br><ol><li>Jesus</li></ol>
ᦵᦎᧉ|spelling ᨲᩮ᩶|ṫe²	<i>noun</i><br><ol><li>tray</li></ol>
ᦵᦔᧆ|ṗed	<i>noun</i><br><ol><li>duck</li></ol>
ᦵᦕᧆ|ᦩᦱᧄᦵᦕᧆ|ṗhed	<i>adj</i><br><ol><li>spicy, hot, invigorating</li></ol>
ᦵᦖᧀ|ṁoey	<i>noun</i><br><ol><li>dew.</li><li>mist.</li></ol>
ᦵᦖᧀᦉᦏᦱᧇ|ṁoeyṡṫhaab	<i>noun</i><br><ol><li>snow; frost.</li></ol>
ᦵᦗᦲᧈ|poe¹	<i>conj</i><br><ol><li>for, in order to</li></ol>
ᦵᦗᦲᧉᦋᦲᧃᧈ|poe²tsiin¹	<i>name</i><br><ol><li>Beijing (a direct-administered municipality, the capital city of China)</li></ol>
ᦵᦘᦺᦘ|phephay|spelling ᨽᩮᨽᩱ	<i>noun</i><br><ol><li>misfortune.</li></ol>
ᦵᦙᦲᧂ|ᦑᦲᧈ|spelling ᨾᩮᩥ᩠ᨦ|moeng	<i>noun</i><br><ol><li>city</li><li>country</li></ol>
ᦵᦙᦲᧂᦝᦱᧉ|moengfaa²	<i>noun</i><br><ol><li>sky.</li><li>heaven.</li></ol>
ᦵᦙᦲᧂᦠᦸᧉ|moengḣoa²	<i>name</i><br><ol><li>(Thailand) China (country)</li></ol>
ᦵᦙᦲᧂᦶᦉ|moengṡae	<i>name</i><br><ol><li>Kunming (a prefecture-level city, the provincial capital of Yunnan, in southwestern China)</li></ol>
ᦵᦙᧃᧉᦷᦙᧇ|men²mob|ᦂᦱᧃᦵᦙᧃᧉᦷᦙᧇ	<i>verb</i><br><ol><li>(transitive) to finish, complete</li></ol>
ᦵᦛᧀᧈᦵᦌᦲᧃᧈᦋᦴᦋᦹᧉ|v̇oey¹soen¹tsuutsue²	<i>noun</i><br><ol><li>(China) statistics; data</li></ol>
ᦵᦜᦲᧂ|l̇oeng|ᦩᦱᧄᦵᦜᦲᧂ	<i>adj</i><br><ol><li>yellow.</li></ol>
ᦵᦜᧅ|l̇ek	<i>noun</i><br><ol><li>iron</li><li>(by extension) metal</li></ol>
ᦵᦜᧅᦂᦱᧉ|l̇ekk̇aa²	<i>noun</i><br><ol><li>steel</li></ol>
ᦵᦞᧅ|spelling ᩅᩮ᩠ᨠ|vek	<i>noun</i><br><ol><li>work; job.</li></ol>
ᦵᦟᦲᧅ|ᦩᦱᧄᦵᦟᦲᧅ|loek	<i>adj</i><br><ol><li>deep.</li></ol>
ᦵᦡᦲᧃ|ᦐᦽᧈ|ḋoen|ᦷᦤᧂ	<i>noun</i><br><ol><li>moon</li><li>month</li></ol>
ᦵᦣᦲ|hoe|ᦟᧄ	<i>noun</i><br><ol><li>boat</li></ol>
ᦵᦣᦲᧃ|ᦜᧂ|hoen	<i>noun</i><br><ol><li>house; home.</li></ol>
ᦵᦣᦲᧈ|ᦂᦱᧃᦵᦣᦲᧈ|hoe¹	<i>verb</i><br><ol><li>shine</li></ol>
ᦵᦣᧃ|ᦂᦱᧃᦵᦣᧃ|hen	<i>verb</i><br><ol><li>to learn, to study</li></ol>
ᦵᦤᦲᧃ|doen|ᦂᦱᧃᦵᦤᦲᧃ	<i>verb</i><br><ol><li>to walk.</li></ol>
ᦶᦀᧅ|˙ʼaek|ᦀᧃ	<i>noun</i><br><ol><li>yoke</li></ol>
ᦶᦂᧁᧉ|k̇aew²	<i>noun</i><br><ol><li>glass</li><li>jewel, gem, diamond</li></ol>
ᦶᦂᧁᧉᦙᧂᦂᦸᧃ|k̇aew²mangk̇oan	<i>noun</i><br><ol><li>dragon fruit.</li></ol>
ᦶᦂᧄᧉ|k̇aem²	<i>noun</i><br><ol><li>(anatomy) cheek (of face)</li></ol>
ᦶᦂᧉ|k̇ae²|spelling ᨠᩯ᩶|ᦂᦱᧃᦶᦂᧉ	<i>verb</i><br><ol><li>to undo, to solve</li></ol>
ᦶᦉᧂ|ṡaeng|ᦉᦻ|ᦟᦴᧅ	<i>noun</i><br><ol><li>light; illumination, lighting; ray, beam.</li><li>diamond, jewel.</li></ol>
ᦶᦉᧃᧈ|ṡaen¹|ᦂᦱᧃᦶᦉᧃᧈ	<i>verb</i><br><ol><li>to shake.</li></ol><br><i>noun</i><br><ol><li>(China) county.</li></ol>
ᦶᦋᧃᦘᦴᦈᦻᧈ|tsaenphuuṫsaay¹	<i>name</i><br><ol><li>Cambodia</li></ol>
ᦶᦎᧂᦌᧂᧉ|ṫaengsang²	<i>noun</i><br><ol><li>cucumber</li></ol>
ᦶᦎᧃᧈ|ṫaen¹|ᦂᦱᧃᦶᦎᧃᧈ	<i>noun</i><br><ol><li>electricity</li><li>shop; store</li></ol><br><i>verb</i><br><ol><li>(transitive) to bite; to sting</li></ol>
ᦶᦎᧃᧈᦉᦹᧈ|ṫaen¹ṡue¹	<i>noun</i><br><ol><li>(China) television, TV</li></ol>
ᦶᦎᧃᧈᦍᦲᧃ|ᦆᦱᧁᧈ|ᦂᦱᧃ|ṫaen¹yiin|xaaw¹|spelling ᨤ᩵ᩣ᩠ᩅ	<i>noun</i><br><ol><li>(China) movie; film.</li></ol>
ᦶᦎᧃᧈᦓᧁ|ṫaen¹naw	<i>noun</i><br><ol><li>(China) computer</li></ol>
ᦶᦎᧃᧈᦧᦱᧈ|ṫaen¹ẋwaa¹	<i>noun</i><br><ol><li>(China) telephone</li></ol>
ᦶᦎᧆ|ṫaed|ᦂᦱᧃᦶᦎᧆ	<i>verb</i><br><ol><li>(transitive) to cut</li><li>(transitive) to quit; to give up</li><li>(intransitive) to decide; to judge</li></ol>
ᦶᦏᧄ|ṫhaem	<i>adv</i><br><ol><li>again.</li><li>(do something) more.</li></ol>
ᦶᦓᦰᦓᧄ|nae!nam|ᦂᦱᧃᦶᦓᦰᦓᧄ	<i>verb</i><br><ol><li>to advise; to guide; to suggest; to recommend.</li></ol>
ᦶᦓᧃ|ᦂᦱᧃᦶᦓᧃ|naen	<i>verb</i><br><ol><li>be loud</li></ol>
ᦶᦔᧆᧈ|ṗaed¹	<i>num</i><br><ol><li>eight</li></ol>
ᦶᦖᧃᧈᦗᧁᧈ|ṁaen¹paw¹	<i>noun</i><br><ol><li>(China) bread</li></ol>
ᦶᦗᧂ|ᦩᦱᧄᦶᦗᧂ|ᦂᦱᧃᦶᦗᧂ|paeng	<i>adj</i><br><ol><li>expensive</li></ol><br><i>verb</i><br><ol><li>love, often used with ᦣᧅ (hak): ᦣᧅᦶᦗᧂ (hakpaeng)</li></ol>
ᦶᦙᧁ|maew|spelling ᨾᩯ᩠ᩅ|ᦷᦎ	<i>noun</i><br><ol><li>cat</li></ol>
ᦶᦙᧈ|mae¹|spelling ᨾᩯ᩵	<i>noun</i><br><ol><li>mother</li></ol>
ᦶᦛᧃᦎᦲᧃ|v̇aenṫiin	<i>noun</i><br><ol><li>anklet</li></ol>
ᦶᦟᧂᦰ|laeng!|ᦂᦱᧃᦶᦟᧂᦰ	<i>verb</i><br><ol><li>be bright</li></ol>
ᦶᦡᧂ|ḋaeng|ᦩᦱᧄᦶᦡᧂ	<i>adj</i><br><ol><li>red.</li></ol>
ᦶᦡᧃ|ᦶᦤᧃ|ḋaen|daen	<i>noun</i><br><ol><li>border; boundary</li><li>realm; region</li></ol>
ᦶᦢᧉ|ᦷᦎ|ḃae²	<i>noun</i><br><ol><li>goat</li></ol>
ᦶᦣᧂᧉ|haeng²|ᦷᦎ	<i>noun</i><br><ol><li>vulture.</li></ol>
ᦶᦩᧃᧈ|xwaen¹	<i>noun</i><br><ol><li>district</li><li>section</li></ol>
ᦷᦂ|spelling ᨠᩰ|ᦂᦱᧃᦷᦂ|k̇o	<i>verb</i><br><ol><li>To be afraid</li></ol>
ᦷᦂᧂᧈᦌᦱᧃᦑᦱᧂ|k̇ong¹saantaang	<i>noun</i><br><ol><li>(China) communist party</li></ol><br><i>name</i><br><ol><li>(China) Communist Party of China</li></ol>
ᦷᦂᧂᧈᦷᦆᧉᦷᦅᧉ|k̇ong¹xo²ko²	<i>noun</i><br><ol><li>(China) republic</li></ol>
ᦷᦂᧇ|k̇ob	<i>noun</i><br><ol><li>(zoology) frog</li></ol>
ᦷᦃ|ᦂᦱᧃᦷᦃ|ẋo	<i>noun</i><br><ol><li>bridge</li></ol><br><i>verb</i><br><ol><li>to laugh</li></ol>
ᦷᦅᧂᧈᦁᦱᧃᧈᦋᦲᧁᧉ|kong¹ʼaan¹tsiiw²	<i>noun</i><br><ol><li>public security bureau; PSB</li></ol>
ᦷᦆᧂ|xong	<i>noun</i><br><ol><li>skeleton.</li><li>framework.</li><li>house; home.</li></ol>
ᦷᦆᧂᦀᦲᧃ|xong˙ʼiin	<i>noun</i><br><ol><li>heaven.</li></ol>
ᦷᦆᧂᦝᦱᧉ|xongfaa²	<i>noun</i><br><ol><li>sky.</li><li>heaven.</li></ol>
ᦷᦆᧄᧈ|xom¹	<i>noun</i><br><ol><li>area</li></ol>
ᦷᦉᧃ|ṡon	<i>noun</i><br><ol><li>garden</li></ol>
ᦷᦋᧂᧈᦷᦅᧉ|tsong¹ko²	<i>name</i><br><ol><li>(China) China (country)</li></ol>
ᦷᦎᧅ|ṫok|ᦂᦱᧃᦷᦎᧅ	<i>verb</i><br><ol><li>to fall; to drop</li></ol>
ᦷᦏᧈ|ṫho¹	<i>noun</i><br><ol><li>bean</li></ol>
ᦷᦏᧈᦝᦴ|spelling ᨳ᩠ᩅᩫ᩵ᨼᩪ|ᨳᩰ᩵ᨼᩪ|ṫho¹fuu	<i>noun</i><br><ol><li>(China) tofu</li></ol>
ᦷᦏᧈᦡᦲᧃ|ṫho¹ḋiin	<i>noun</i><br><ol><li>peanut</li></ol>
ᦷᦑᧈ|to¹	<i>adj</i><br><ol><li>all over, general</li></ol>
ᦷᦓᧅ|nok	<i>noun</i><br><ol><li>bird</li></ol>
ᦷᦓᧅᦍᦳᧂ|nokyung	<i>noun</i><br><ol><li>peacock</li></ol>
ᦷᦕ|kun|ṗho|ᦅᦳᧃ	<i>noun</i><br><ol><li>husband</li></ol>
ᦷᦙᧉᦷᦒᧉ|mo²tho²	<i>noun</i><br><ol><li>motorcycle</li></ol>
ᦷᦜ|ᦡᦳᧃᧉ|l̇o	<i>num</i><br><ol><li>dozen; twelve.</li></ol><br><i>noun</i><br><ol><li>firewood.</li></ol>
ᦷᦟᧆ|ᦅᧃ|ᦟᧄ|lod	<i>noun</i><br><ol><li>car</li><li>vehicle</li><li>flavour; taste</li><li>everywhere</li></ol><br><i>conj</i><br><ol><li>so; therefore</li><li>then</li></ol>
ᦷᦟᧆᦏᦲᧇᧈ|lodṫhiib¹	<i>noun</i><br><ol><li>bicycle</li></ol>
ᦷᦟᧆᦓᦾᧉ|lodnoay²	<i>noun</i><br><ol><li>car.</li></ol>
ᦷᦠ|ḣo|spelling ᩉ᩠ᩅᩫ|ᩉᩰ	<i>noun</i><br><ol><li>head</li></ol>
ᦷᦠᧅ|ḣok	<i>num</i><br><ol><li>six</li></ol>
ᦷᦣᧂᦉᦸᧃ|hongṡoan	<i>noun</i><br><ol><li>school.</li></ol>
ᦷᦣᧂᦵᦣᧃ|honghen	<i>noun</i><br><ol><li>school.</li></ol>
ᦺᦂᧈ|k̇ay¹|spelling ᨠᩱ᩵	<i>noun</i><br><ol><li>chicken</li></ol>
ᦺᦂᧈᦗᦴᧉ|k̇ay¹puu²	<i>noun</i><br><ol><li>rooster, cock</li></ol>
ᦺᦃᧉ|spelling ᨡᩱ᩶|ẋay²	<i>noun</i><br><ol><li>fever</li></ol>
ᦺᦆᧈ|ᦩᦱᧄᦺᦆᧈ|spelling ᨤᩱ᩵|xay¹|ᦂᦱᧃᦺᦆᧈ	<i>verb</i><br><ol><li>want, desire.</li></ol>
ᦺᦈ|ṫsay	<i>noun</i><br><ol><li>heart.</li><li>mind.</li></ol>
ᦺᦋ|tsay	<i>noun</i><br><ol><li>victory</li></ol>
ᦺᦋᧉ|ᦂᦱᧃᦺᦋᧉ|tsay²	<i>verb</i><br><ol><li>to use</li></ol>
ᦺᦎ|ᦐᦽᧈ|ṫay	<i>noun</i><br><ol><li>gizzard</li><li>keloid, large lumpy scar</li></ol>
ᦺᦔ|ᦂᦱᧃᦺᦔ|ṗay|spelling ᨸᩱ	<i>verb</i><br><ol><li>to go</li></ol>
ᦺᦖᧈ|ṁay¹	<i>adj</i><br><ol><li>new</li></ol>
ᦺᦗ|ᦂᦱᧃᦺᦗ|spelling ᨻᩱ|pay	<i>verb</i><br><ol><li>to go</li></ol>
ᦺᦘᧈᦵᦙᦲᧂ|phay¹moeng	<i>noun</i><br><ol><li>citizen</li></ol>
ᦺᦙᧉ|spelling ᨾᩱ᩶|may²	<i>noun</i><br><ol><li>wood; stick; log.</li><li>plant.</li><li>mark (in the names of various written symbols, such as tone marks and vowel marks).</li></ol>
ᦺᦙᧉᦌᦱᧂ|may²saang	<i>noun</i><br><ol><li>bamboo</li></ol>
ᦺᦜ|l̇ay|ᦂᦱᧃᦺᦜ	<i>verb</i><br><ol><li>to flow</li><li>to move</li></ol>
ᦺᦝ|fay|spelling ᨼᩱ	<i>noun</i><br><ol><li>fire</li></ol>
ᦺᦝᦝᦱᧉ|fayfaa²	<i>noun</i><br><ol><li>(Thailand) electricity.</li></ol>
ᦺᦢ|ᦢᦲᧃᧉ|ḃay|ᦐᦽᧈ	<i>noun</i><br><ol><li>leaf</li></ol>
᧑᧒	<i>num</i><br><ol><li>twelve.</li></ol>
᧑᧒ᦗᧃᦓᦱ|᪁᪂ᨻᩢ᩠ᨶᨶᩣ|12pannaa|spelling ᪁᪂ᨻᩢ᩠ᨶᨶᩣ	<i>name</i><br><ol><li>Xishuangbanna.</li></ol>
᧞|spelling ᩓ|l̇ae	<i>conj</i><br><ol><li>and</li></ol>
ᨽᩣᩈᩣ	<i>noun</i><br><ol><li>language</li></ol>
ᨾᩮᩥ᩠ᨦ	<i>noun</i><br><ol><li>city, country</li></ol>
ᩃᩣ|laa	<i>noun</i><br><ol><li>donkey.</li></ol>
ᩓ|læʔ⁵	<i>conj</i><br><ol><li>and</li></ol>
