Daod	<i>name</i><br><ol><li>David</li></ol>
Haron	<i>name</i><br><ol><li>Aaron, Harun</li></ol>
Isa	<i>name</i><br><ol><li>Jesus</li></ol>
Maka	<i>name</i><br><ol><li>Mecca</li></ol>
Misir	<i>name</i><br><ol><li>Egypt</li></ol>
Mosa	<i>name</i><br><ol><li>Moses</li></ol>
Noh	<i>name</i><br><ol><li>Noah</li></ol>
Polan	<i>name</i><br><ol><li>Poland</li></ol>
Rokol Kodos	<i>name</i><br><ol><li>Holy Spirit</li></ol>
Roma	<i>name</i><br><ol><li>Rome</li></ol>
Sam	<i>name</i><br><ol><li>Thailand (Siam)</li></ol>
Tohan	<i>noun</i><br><ol><li>(Islam, religion, monotheism) God.</li></ol>
Yaman	<i>name</i><br><ol><li>Yemen</li></ol>
Yosop	<i>name</i><br><ol><li>Joseph</li></ol>
a'i|aqi	<i>noun</i><br><ol><li>foot; leg</li></ol>
abano	<i>noun</i><br><ol><li>cigar</li></ol>
agama	<i>noun</i><br><ol><li>religion</li></ol>
agid	<i>noun</i><br><ol><li>hook (for getting things from the bottom of a body of water)</li></ol>
agila	<i>noun</i><br><ol><li>eagle</li></ol>
ago	<i>conj</i><br><ol><li>and</li></ol>
agong	<i>noun</i><br><ol><li>gong</li></ol>
agoy	<i>noun</i><br><ol><li>soot</li></ol>
ako	<i>pron</i><br><ol><li>I</li></ol>
akot	<i>verb</i><br><ol><li>to carry</li></ol>
alad	<i>noun</i><br><ol><li>fence</li></ol>
alkansiya	<i>noun</i><br><ol><li>safe deposit box</li></ol>
alomot	<i>noun</i><br><ol><li>moss</li></ol>
along	<i>noun</i><br><ol><li>shadow</li></ol>
alongan	<i>noun</i><br><ol><li>sun</li></ol>
ama'|amaq	<i>noun</i><br><ol><li>father</li></ol>
amir	<i>noun</i><br><ol><li>emir</li></ol>
amo'|Akin to Maguindanao amo.	<i>noun</i><br><ol><li>monkey</li></ol>
ana	<i>noun</i><br><ol><li>guest</li></ol>
anak	<i>noun</i><br><ol><li>child (a female or male child, a daughter or son)</li></ol>
anas	<i>noun</i><br><ol><li>landslide</li></ol>
anay|anai	<i>noun</i><br><ol><li>ant</li></ol>
anga	<i>noun</i><br><ol><li>mudfish</li></ol>
angin	<i>noun</i><br><ol><li>wind</li></ol>
anop	<i>verb</i><br><ol><li>to hunt</li></ol>
aol	<i>verb</i><br><ol><li>to weave</li></ol>
apoy	<i>noun</i><br><ol><li>fire</li></ol>
arap	<i>verb</i><br><ol><li>to hope</li><li>to pray</li></ol>
ari'	<i>noun</i><br><ol><li>king</li></ol>
arina	<i>noun</i><br><ol><li>flour</li><li>starch</li></ol>
asang	<i>noun</i><br><ol><li>gills</li></ol>
asem	<i>adj</i><br><ol><li>sour</li></ol>
asin	<i>noun</i><br><ol><li>salt</li></ol>
asinan	<i>noun</i><br><ol><li>salt pan</li></ol>
aso	<i>noun</i><br><ol><li>dog</li></ol>
astana'	<i>noun</i><br><ol><li>an elegant house, a mansion</li></ol>
atay	<i>noun</i><br><ol><li>liver</li></ol>
ating	<i>noun</i><br><ol><li>sweat</li></ol>
atoren	<i>verb</i><br><ol><li>to arrange</li></ol>
ayam|aiam	<i>noun</i><br><ol><li>animal</li></ol>
ayog	<i>noun</i><br><ol><li>saliva</li></ol>
ayon	<i>verb</i><br><ol><li>to agree</li></ol>
ba'ad|baqad	<i>verb</i><br><ol><li>to divide</li></ol>
ba'al|baqal	<i>verb</i><br><ol><li>to make</li></ol>
ba'an|baqan	<i>verb</i><br><ol><li>to sneeze</li></ol>
babad	<i>noun</i><br><ol><li>descendant</li></ol><br><i>verb</i><br><ol><li>to multiply</li></ol>
babak	<i>noun</i><br><ol><li>frog</li></ol><br><i>verb</i><br><ol><li>to go slowly</li></ol>
babang	<i>noun</i><br><ol><li>peer, equal</li></ol>
babat	<i>noun</i><br><ol><li>bracelet</li><li>belly</li></ol>
babeg	<i>noun</i><br><ol><li>wood minnow (Puntius Madalei)</li></ol>
babek	<i>noun</i><br><ol><li>thorn, bristles</li></ol>
babes	<i>verb</i><br><ol><li>to practice, to drill</li><li>to be experienced</li></ol>
babin	<i>noun</i><br><ol><li>(sewing) bobbin</li></ol>
bada	<i>noun</i><br><ol><li>width</li></ol><br><i>verb</i><br><ol><li>to equalize</li></ol>
badak	<i>noun</i><br><ol><li>jackfruit</li></ol>
badal	<i>verb</i><br><ol><li>to repay</li><li>to equalize</li><li>to react</li></ol>
badan	<i>noun</i><br><ol><li>body</li></ol>
badas	<i>noun</i><br><ol><li>whip</li><li>cane; walking stick</li><li>fall</li></ol>
badeng	<i>adj</i><br><ol><li>upright; straight; truthful; frank</li></ol>
badiyang	<i>noun</i><br><ol><li>wild taro</li></ol>
badok	<i>verb</i><br><ol><li>to pull</li></ol>
badong	<i>verb</i><br><ol><li>to fall down (on one's head)</li></ol>
baga	<i>noun</i><br><ol><li>ember</li><li>spark</li></ol>
baga'|bagaq	<i>noun</i><br><ol><li>lung</li></ol>
bagad	<i>verb</i><br><ol><li>to accumulate</li></ol>
bagang	<i>noun</i><br><ol><li>(anatomy) molar</li></ol>
bagani	<i>noun</i><br><ol><li>vim; vigor</li><li>anger</li></ol>
bagas	<i>noun</i><br><ol><li>barren or gravelly soil, desert</li></ol>
bagaso	<i>noun</i><br><ol><li>bagasse</li><li>pulp</li></ol>
bagel	<i>noun</i><br><ol><li>corrugation; ripple; wave</li></ol>
bager	<i>verb</i><br><ol><li>to make strong, to strengthen, to reinforce</li></ol>
bagi'|bagiq	<i>verb</i><br><ol><li>to divide; to distribute; to share</li></ol>
bagis	<i>noun</i><br><ol><li>shark</li></ol><br><i>adj</i><br><ol><li>informal</li></ol>
bago|bagobago	<i>noun</i><br><ol><li>body</li></ol><br><i>adj</i><br><ol><li>new, recent</li></ol><br><i>verb</i><br><ol><li>to renew</li><li>to reinforce</li><li>to revise</li></ol>
bagon	<i>noun</i><br><ol><li>(rail transport) railroad car (US); railway carriage (UK)</li></ol>
bakalaw	<i>noun</i><br><ol><li>codfish</li></ol>
bakanti	<i>noun</i><br><ol><li>vacancy</li></ol><br><i>adj</i><br><ol><li>vacant</li></ol>
bakas	<i>noun</i><br><ol><li>smoked tuna</li></ol>
bakat	<i>noun</i><br><ol><li>waves</li><li>windy weather; gusty wind</li></ol>
bakati	<i>adj</i><br><ol><li>numerous</li></ol>
bakaw	<i>noun</i><br><ol><li>mangrove</li></ol><br><i>verb</i><br><ol><li>to control, to manipulate</li></ol>
bakawan	<i>noun</i><br><ol><li>mangrove</li></ol>
bakbak	<i>noun</i><br><ol><li>hammer</li></ol>
bakes	<i>verb</i><br><ol><li>to compare measurements of distances</li><li>to put together</li><li>to regard as one</li><li>to put on armor for battle</li></ol>
bakesan	<i>noun</i><br><ol><li>squash</li></ol><br><i>verb</i><br><ol><li>to compare the linear measurements of two objects</li></ol>
bakid	<i>noun</i><br><ol><li>measure having capacity of twenty-five gantas</li></ol>
bakilid	<i>noun</i><br><ol><li>hill</li></ol><br><i>adj</i><br><ol><li>hilly</li></ol>
baklay	<i>verb</i><br><ol><li>to walk</li></ol>
baklayan	<i>noun</i><br><ol><li>footpath, trail</li></ol>
bakolod	<i>noun</i><br><ol><li>wide or flat shore</li></ol>
bakong	<i>noun</i><br><ol><li>a plant with a white flower, used as a medicine for stomach ache (Crinum Asiaticum)</li></ol>
bakti	<i>adj</i><br><ol><li>faithful, loyal</li></ol>
balalatok	<i>noun</i><br><ol><li>woodpecker</li></ol>
balang	<i>verb</i><br><ol><li>to happen, to occur</li><li>to hinder</li></ol>
balaw	<i>noun</i><br><ol><li>resin</li><li>glue</li><li>plastic paste</li></ol>
balbal	<i>noun</i><br><ol><li>witch, cannibal</li></ol>
balda	<i>adj</i><br><ol><li>physically disabled or defective</li></ol>
baldi	<i>noun</i><br><ol><li>bucket, pail</li></ol>
baleng	<i>noun</i><br><ol><li>(skin) scar</li></ol>
balet	<i>noun</i><br><ol><li>island</li></ol>
baletek	<i>noun</i><br><ol><li>thorn, spike</li></ol>
bali	<i>noun</i><br><ol><li>price</li><li>worth</li></ol>
balig	<i>noun</i><br><ol><li>puberty</li></ol>
balik	<i>verb</i><br><ol><li>to return</li><li>to repeat</li><li>to memorize</li><li>to disillusion</li></ol>
balisong	<i>noun</i><br><ol><li>long, slender knife</li></ol>
balkon	<i>noun</i><br><ol><li>balcony</li><li>porch</li></ol>
balo	<i>noun</i><br><ol><li>widow</li></ol>
baloyot	<i>noun</i><br><ol><li>sack</li></ol>
bambang	<i>verb</i><br><ol><li>to bruise</li></ol>
ban	<i>verb</i><br><ol><li>to sneeze</li></ol>
banayaw	<i>noun</i><br><ol><li>fishhook</li></ol>
bandas	<i>verb</i><br><ol><li>to scratch</li></ol>
bandos	<i>verb</i><br><ol><li>to taper</li></ol>
bang	<i>noun</i><br><ol><li>(Islam) adhan, call to prayer</li></ol>
banga	<i>noun</i><br><ol><li>palm tree</li></ol>
bangan	<i>noun</i><br><ol><li>band</li></ol><br><i>verb</i><br><ol><li>to tie</li></ol>
bangat	<i>verb</i><br><ol><li>to bind, to tie securely</li></ol>
bangaw	<i>noun</i><br><ol><li>buffet; food served at feasts; food for the public</li></ol>
bangbang	<i>adj</i><br><ol><li>completely blind</li></ol>
bangen	<i>noun</i><br><ol><li>encumbrance</li></ol><br><i>verb</i><br><ol><li>to hinder, to interfere, to restrict</li></ol>
banger	<i>verb</i><br><ol><li>to bite</li></ol>
bangkat	<i>noun</i><br><ol><li>band</li></ol><br><i>verb</i><br><ol><li>to tie</li><li>to pack</li></ol>
bangkaw	<i>noun</i><br><ol><li>spear; lance</li></ol>
bangkay	<i>noun</i><br><ol><li>corpse</li></ol>
bangkil	<i>noun</i><br><ol><li>packsaddle</li></ol>
bangkong	<i>noun</i><br><ol><li>A kind of knife</li></ol>
bangos	<i>noun</i><br><ol><li>milkfish</li></ol>
banig	<i>verb</i><br><ol><li>to find</li></ol>
banog	<i>noun</i><br><ol><li>vulture</li></ol>
bansa	<i>noun</i><br><ol><li>rank, worth</li></ol>
bansay	<i>verb</i><br><ol><li>to uncover; to unravel; to reveal; to expose</li></ol>
bansing	<i>verb</i><br><ol><li>to overcome</li><li>to fight to the finish</li></ol>
banta	<i>noun</i><br><ol><li>stolen goods, pilfered goods</li></ol>
bantang	<i>noun</i><br><ol><li>position</li><li>whip</li></ol><br><i>adj</i><br><ol><li>true</li></ol>
bantas	<i>noun</i><br><ol><li>longevity</li><li>durability</li></ol>
bantay	<i>verb</i><br><ol><li>to see</li><li>to look</li><li>to observe</li></ol>
banting	<i>noun</i><br><ol><li>inequality</li></ol>
banto	<i>noun</i><br><ol><li>guest</li></ol><br><i>verb</i><br><ol><li>to invite</li></ol>
bantog	<i>verb</i><br><ol><li>to praise</li><li>to flatter</li></ol>
bao'o	<i>noun</i><br><ol><li>turtle</li></ol>
bapor	<i>noun</i><br><ol><li>ship</li></ol>
bara	<i>noun</i><br><ol><li>crowbar</li></ol>
barakat|barabarakat	<i>noun</i><br><ol><li>prophet</li></ol><br><i>adj</i><br><ol><li>sacred</li></ol>
baran	<i>noun</i><br><ol><li>target practice</li></ol>
barang	<i>noun</i><br><ol><li>sort, class, type</li></ol>
barangay|barangai	<i>noun</i><br><ol><li>boat</li></ol>
barantan	<i>verb</i><br><ol><li>to sail (in favorable wind)</li><li>to agree</li><li>to surrender</li></ol>
barar	<i>noun</i><br><ol><li>granary</li></ol>
baras	<i>noun</i><br><ol><li>sorrow</li><li>retribution</li></ol>
barat	<i>noun</i><br><ol><li>attack, challenge</li><li>storm, typhoon</li><li>width</li></ol>
barawa'	<i>noun</i><br><ol><li>stork, heron</li></ol>
bargas	<i>noun</i><br><ol><li>iron plow</li></ol>
baril	<i>noun</i><br><ol><li>barrel, drum</li></ol>
barina	<i>verb</i><br><ol><li>to drill</li></ol>
baring	<i>noun</i><br><ol><li>preserved shrimp sauce</li></ol>
barinta	<i>verb</i><br><ol><li>to stop</li><li>to cease</li><li>to let up</li></ol>
barirang	<i>noun</i><br><ol><li>roundworm</li></ol>
baris	<i>noun</i><br><ol><li>vowel point</li></ol>
barisa'	<i>noun</i><br><ol><li>bamboo (old)</li></ol>
barit	<i>noun</i><br><ol><li>palace, large building</li></ol>
barita	<i>noun</i><br><ol><li>soap (in bar form)</li></ol>
barokan	<i>noun</i><br><ol><li>arm</li></ol>
barong	<i>noun</i><br><ol><li>barong</li></ol><br><i>verb</i><br><ol><li>to carry (on shoulder, especially a person)</li></ol>
baros	<i>verb</i><br><ol><li>to whittle</li></ol>
barot	<i>noun</i><br><ol><li>vest</li><li>undershirt (sleeveless)</li></ol>
baroto	<i>noun</i><br><ol><li>boat, scow</li></ol>
barowang	<i>noun</i><br><ol><li>bear</li></ol>
baroy	<i>noun</i><br><ol><li>pandan</li></ol>
barsak	<i>noun</i><br><ol><li>rice (partly cooked)</li></ol>
basa	<i>noun</i><br><ol><li>language</li></ol>
basa'	<i>verb</i><br><ol><li>to wet</li></ol>
basag	<i>noun</i><br><ol><li>strength, vigor, vim</li></ol><br><i>verb</i><br><ol><li>to crack, to break</li></ol>
basak	<i>noun</i><br><ol><li>rice paddy</li><li>swamp, marsh</li></ol>
basal	<i>verb</i><br><ol><li>to beat, to knock</li></ol>
basar	<i>adj</i><br><ol><li>great</li></ol><br><i>noun</i><br><ol><li>store</li><li>bazaar</li></ol>
basbas	<i>verb</i><br><ol><li>to beat, to whip, to smash</li></ol>
baseng	<i>verb</i><br><ol><li>to shout (at somebody)</li><li>to cower loudly</li></ol>
basiyo	<i>adj</i><br><ol><li>empty, bare</li></ol>
basmala	<i>noun</i><br><ol><li>occasions or gatherings governed by social rules</li></ol>
basnig	<i>noun</i><br><ol><li>fishnet</li></ol>
baso'	<i>noun</i><br><ol><li>drinking glass</li></ol>
basoka	<i>noun</i><br><ol><li>bazooka (rocket launcher)</li></ol>
basong	<i>noun</i><br><ol><li>bin (for storing grains)</li></ol>
bastidor	<i>noun</i><br><ol><li>frame (for embroidery)</li></ol>
baston	<i>noun</i><br><ol><li>cane</li><li>club, stick</li></ol>
bata	<i>noun</i><br><ol><li>concrete, cement</li></ol>
bata'	<i>noun</i><br><ol><li>child</li></ol>
batak	<i>verb</i><br><ol><li>to practice, to train</li><li>to hammer (to form, as malleable metal), to temper, to refine (by pounding)</li></ol>
batakan	<i>noun</i><br><ol><li>anvil</li><li>limit</li><li>specification</li></ol>
batal	<i>verb</i><br><ol><li>to mar</li><li>to corrupt</li><li>to render unchaste</li></ol>
batalo'	<i>verb</i><br><ol><li>to practice</li><li>to compete</li></ol>
batang	<i>noun</i><br><ol><li>letter (of any alphabet)</li></ol><br><i>verb</i><br><ol><li>to perch, to alight</li></ol>
batangan	<i>noun</i><br><ol><li>perch</li></ol>
batara'	<i>noun</i><br><ol><li>datu, chief</li></ol>
batas	<i>noun</i><br><ol><li>(card games) suit</li></ol>
bataw	<i>verb</i><br><ol><li>to adopt</li><li>to legitimatize</li></ol>
batek	<i>noun</i><br><ol><li>(embroidery, weaving) design</li></ol>
bateng	<i>verb</i><br><ol><li>to overtake (as in a race)</li><li>to run after someone</li></ol>
bater	<i>noun</i><br><ol><li>caterpillar</li><li>pupa</li></ol><br><i>verb</i><br><ol><li>to let something be known, to reveal</li></ol>
batidor	<i>noun</i><br><ol><li>teakettle</li></ol>
batik	<i>noun</i><br><ol><li>batik fabric</li></ol><br><i>verb</i><br><ol><li>to coagulate</li><li>to solidify</li></ol>
batin	<i>noun</i><br><ol><li>attitude</li><li>thought</li></ol>
batir	<i>noun</i><br><ol><li>(ball games) bat</li></ol>
bato	<i>noun</i><br><ol><li>stone; rock</li><li>(gambling) chips</li></ol>
batog	<i>noun</i><br><ol><li>top</li></ol>
batok	<i>noun</i><br><ol><li>a cough</li></ol><br><i>verb</i><br><ol><li>to cough</li><li>to identify, to know the real source</li></ol>
baw	<i>noun</i><br><ol><li>smell, scent, odour</li></ol>
bawa|baoa	<i>verb</i><br><ol><li>to carry (as on the back)</li></ol>
bawang|baoang	<i>noun</i><br><ol><li>onion, garlic</li></ol>
bawas	<i>verb</i><br><ol><li>to overcome</li></ol>
bebay|bebai|bëbay	<i>noun</i><br><ol><li>woman</li></ol>
beboy|beboi	<i>noun</i><br><ol><li>pig</li></ol>
bedong	<i>noun</i><br><ol><li>cat</li></ol>
begas	<i>noun</i><br><ol><li>rice (cooked)</li></ol>
begay	<i>noun</i><br><ol><li>gift</li></ol><br><i>verb</i><br><ol><li>to give</li></ol>
bego	<i>adj</i><br><ol><li>new</li></ol>
bekaw	<i>noun</i><br><ol><li>root</li></ol>
bekong	<i>adj</i><br><ol><li>bent (stooped as an elderly person)</li></ol>
bel	<i>noun</i><br><ol><li>smoke</li></ol>
benar	<i>adj</i><br><ol><li>true</li></ol>
bengel	<i>adj</i><br><ol><li>deaf</li></ol>
benget	<i>noun</i><br><ol><li>pubic hair</li></ol>
besar	<i>adj</i><br><ol><li>big (of a great size)</li><li>big (adult)</li></ol>
betol	<i>adj</i><br><ol><li>true</li></ol><br><i>noun</i><br><ol><li>truth</li></ol>
bihon	<i>noun</i><br><ol><li>rice vermicelli</li></ol>
bilang	<i>noun</i><br><ol><li>number</li></ol><br><i>verb</i><br><ol><li>to count</li><li>to include</li></ol>
bilangan	<i>noun</i><br><ol><li>calendar</li></ol>
bili-bili	<i>noun</i><br><ol><li>sheep (animal)</li></ol>
binatang	<i>noun</i><br><ol><li>animal (organism)</li><li>animal (organism other than man)</li></ol>
biso	<i>adj</i><br><ol><li>deaf</li></ol>
bito'on	<i>noun</i><br><ol><li>star</li></ol>
bobon	<i>noun</i><br><ol><li>thigh</li></ol>
bois	<i>noun</i><br><ol><li>tax</li></ol>
bok	<i>noun</i><br><ol><li>head hair</li></ol>
bolak	<i>noun</i><br><ol><li>flower</li></ol>
bolan	<i>noun</i><br><ol><li>moon</li><li>month</li></ol>
bolangan	<i>noun</i><br><ol><li>cockpit</li></ol>
bolawan|bolaoan	<i>noun</i><br><ol><li>gold (element, Au)</li></ol>
bolbol	<i>noun</i><br><ol><li>body hair, fur</li></ol>
bombol	<i>noun</i><br><ol><li>feather</li></ol>
bonga	<i>noun</i><br><ol><li>fruit</li></ol>
boni	<i>noun</i><br><ol><li>sound</li></ol>
boniga	<i>noun</i><br><ol><li>warehouse</li><li>storehouse</li><li>barn</li></ol>
bono'	<i>verb</i><br><ol><li>to kill</li></ol>
bontal	<i>noun</i><br><ol><li>figure, shape, form</li></ol>
boras	<i>noun</i><br><ol><li>penis</li></ol>
boson	<i>noun</i><br><ol><li>post office</li></ol>
bosong	<i>verb</i><br><ol><li>to die as payment for wrongdoing</li></ol>
bota	<i>adj</i><br><ol><li>blind</li></ol>
dabar	<i>noun</i><br><ol><li>quilt</li><li>coat of arms</li></ol>
dagem	<i>noun</i><br><ol><li>bruise</li></ol><br><i>verb</i><br><ol><li>to bruise</li></ol>
dakep	<i>verb</i><br><ol><li>to catch</li></ol>
dakola'|dakolaq	<i>adj</i><br><ol><li>big</li></ol>
dalendeg	<i>noun</i><br><ol><li>thunder</li></ol>
dalima'	<i>noun</i><br><ol><li>pomegranate</li></ol>
dama	<i>noun</i><br><ol><li>checkers, draughts</li></ol>
danon	<i>verb</i><br><ol><li>to come; to arrive</li></ol>
daog	<i>noun</i><br><ol><li>blossom</li></ol>
dara	<i>noun</i><br><ol><li>blood</li></ol>
dasig	<i>noun</i><br><ol><li>toe</li></ol>
daso	<i>noun</i><br><ol><li>cotton (fabric)</li></ol>
dawat|daoat	<i>noun</i><br><ol><li>ink</li></ol>
dayang	<i>noun</i><br><ol><li>lady</li></ol>
degan	<i>noun</i><br><ol><li>flood, freshet</li><li>hailstorm</li></ol>
delay	<i>noun</i><br><ol><li>Job's tears</li></ol>
deleg	<i>verb</i><br><ol><li>to pass, to follow the road</li></ol>
delem	<i>adj</i><br><ol><li>moonless</li><li>black</li></ol>
dengki	<i>noun</i><br><ol><li>jealousy</li></ol>
di'|diq	<i>adv</i><br><ol><li>not</li></ol>
didalem	<i>adv</i><br><ol><li>under</li></ol>
dila'|dilaq	<i>noun</i><br><ol><li>tongue</li></ol>
dilana	<i>noun</i><br><ol><li>wool</li></ol>
dinis	<i>noun</i><br><ol><li>cloth</li></ol>
diwan	<i>noun</i><br><ol><li>lawbook, code</li></ol>
diyahanam	<i>noun</i><br><ol><li>hell; Gehenna</li></ol>
doda'	<i>noun</i><br><ol><li>saliva</li></ol>
dolsi	<i>noun</i><br><ol><li>candy</li></ol>
doniya'	<i>noun</i><br><ol><li>world</li></ol>
dopo	<i>noun</i><br><ol><li>flag</li></ol>
dosa	<i>noun</i><br><ol><li>sin</li></ol>
dowa	<i>num</i><br><ol><li>two</li></ol>
gabar	<i>noun</i><br><ol><li>wrapper</li></ol>
gabas	<i>noun</i><br><ol><li>saw (tool)</li></ol><br><i>verb</i><br><ol><li>to saw</li></ol>
gaben	<i>noun</i><br><ol><li>bale</li></ol>
gabon	<i>noun</i><br><ol><li>cloud</li></ol>
gading	<i>noun</i><br><ol><li>ivory</li></ol>
gadong	<i>adj</i><br><ol><li>green</li></ol>
gagawi'i|gagaoiqi	<i>noun</i><br><ol><li>night</li></ol>
gakes	<i>verb</i><br><ol><li>to embrace</li></ol>
gala	<i>noun</i><br><ol><li>plaster, glue</li></ol>
galang	<i>noun</i><br><ol><li>brass</li></ol>
galita	<i>noun</i><br><ol><li>cracker</li></ol>
gamama	<i>adj</i><br><ol><li>manly</li><li>masculine</li></ol>
gamgam	<i>noun</i><br><ol><li>witch</li></ol>
gamit	<i>verb</i><br><ol><li>to pull</li><li>to withdraw</li></ol>
gamot	<i>noun</i><br><ol><li>poison</li></ol>
gamoy	<i>noun</i><br><ol><li>dirt</li><li>defect</li></ol>
gangaw	<i>noun</i><br><ol><li>twigs, stick</li></ol>
gango	<i>adj</i><br><ol><li>dry (dried)</li></ol>
gantong	<i>noun</i><br><ol><li>driftwood</li><li>log</li></ol>
garoda	<i>noun</i><br><ol><li>vulture</li><li>(mythology) a legendary bird of the Maranao people in Philippine mythology that is said to guard seven layers of the sky</li></ol>
gatas	<i>noun</i><br><ol><li>milk</li></ol>
gatel	<i>verb</i><br><ol><li>to itch</li></ol>
gatos	<i>num</i><br><ol><li>hundred</li></ol>
gawi'i|gaoiqi	<i>noun</i><br><ol><li>day</li></ol>
gemen	<i>noun</i><br><ol><li>smile</li></ol>
getek	<i>noun</i><br><ol><li>clitoris</li></ol>
gira	<i>noun</i><br><ol><li>war</li></ol>
gobat	<i>noun</i><br><ol><li>attacker</li></ol>
gola'	<i>noun</i><br><ol><li>sugar</li></ol>
gomot	<i>noun</i><br><ol><li>beard</li></ol>
gonsi'	<i>noun</i><br><ol><li>key</li></ol>
goro	<i>noun</i><br><ol><li>teacher</li><li>instructor</li><li>professor</li></ol>
gosok	<i>noun</i><br><ol><li>rib</li></ol>
gotem	<i>noun</i><br><ol><li>hunger</li></ol>
hadap	<i>noun</i><br><ol><li>front</li></ol>
hamparan	<i>noun</i><br><ol><li>carpet</li></ol>
hangin	<i>noun</i><br><ol><li>wind</li></ol>
iap	<i>verb</i><br><ol><li>to count</li></ol>
idad	<i>noun</i><br><ol><li>age</li></ol>
ig	<i>noun</i><br><ol><li>water</li></ol>
igo'	<i>verb</i><br><ol><li>to bathe</li></ol>
igotan	<i>noun</i><br><ol><li>belt, girdle</li></ol>
ikog	<i>noun</i><br><ol><li>tail</li></ol>
ilaw	<i>noun</i><br><ol><li>rice</li></ol>
ilo	<i>noun</i><br><ol><li>ice</li><li>snow</li><li>orphan</li></ol>
ina'|inaq	<i>noun</i><br><ol><li>mother</li></ol>
inabak	<i>noun</i><br><ol><li>rice water</li></ol>
inabin	<i>noun</i><br><ol><li>(anatomy) pancreas</li></ol>
inaol	<i>noun</i><br><ol><li>woven fabric; textile</li></ol>
indagan	<i>noun</i><br><ol><li>bed</li></ol>
inged	<i>noun</i><br><ol><li>place</li><li>country</li><li>town; city</li><li>village; settlement</li></ol>
inom	<i>verb</i><br><ol><li>to drink</li></ol>
intan	<i>noun</i><br><ol><li>diamond</li><li>jewel</li></ol>
iop	<i>verb</i><br><ol><li>to blow</li></ol>
ipag	<i>noun</i><br><ol><li>sibling-in-law</li></ol>
isa	<i>num</i><br><ol><li>one</li></ol>
isip	<i>verb</i><br><ol><li>to count</li></ol>
isoba'	<i>noun</i><br><ol><li>river</li></ol>
ito	<i>noun</i><br><ol><li>catfish</li></ol>
itog	<i>verb</i><br><ol><li>to throw</li></ol>
itong	<i>verb</i><br><ol><li>to count</li></ol>
iyan	<i>pron</i><br><ol><li>he</li></ol>
iyolog	<i>noun</i><br><ol><li>river</li></ol>
kabayo	<i>noun</i><br><ol><li>knight</li><li>horseman</li></ol>
kahawa	<i>noun</i><br><ol><li>coffee</li></ol>
kakaw	<i>noun</i><br><ol><li>cacao</li></ol>
kalasan	<i>noun</i><br><ol><li>forest</li></ol>
kalilintad	<i>noun</i><br><ol><li>peace</li></ol>
kalodan	<i>noun</i><br><ol><li>sea</li></ol>
kama	<i>noun</i><br><ol><li>breastplate</li><li>bed, cot</li></ol>
kamara	<i>adj</i><br><ol><li>dry</li></ol>
kambing	<i>noun</i><br><ol><li>goat</li></ol>
kami	<i>pron</i><br><ol><li>we (exclusive)</li></ol>
kamos	<i>noun</i><br><ol><li>dictionary</li></ol>
kan	<i>verb</i><br><ol><li>to eat</li></ol>
kanan	<i>noun</i><br><ol><li>plate</li></ol>
kanggan	<i>noun</i><br><ol><li>gingham</li></ol>
kantir	<i>noun</i><br><ol><li>bed</li></ol>
kapal	<i>noun</i><br><ol><li>ship</li><li>boat</li><li>vessel</li></ol>
kapala	<i>noun</i><br><ol><li>head</li></ol>
karal	<i>noun</i><br><ol><li>village</li></ol>
karang	<i>noun</i><br><ol><li>reef</li></ol>
karatas	<i>noun</i><br><ol><li>paper</li></ol>
kariton	<i>noun</i><br><ol><li>wheelbarrow</li></ol>
kasakit	<i>adj</i><br><ol><li>ill</li></ol>
kasi	<i>noun</i><br><ol><li>love</li></ol>
kasomba	<i>adj</i><br><ol><li>purple</li></ol>
kasorga'an	<i>noun</i><br><ol><li>glory; heaven</li></ol>
kaw	<i>pron</i><br><ol><li>you</li></ol>
kawakawa	<i>noun</i><br><ol><li>loose soil</li></ol>
kawat|kaoat	<i>noun</i><br><ol><li>wire</li></ol>
kawing	<i>noun</i><br><ol><li>wed, wedding</li></ol>
kayo|kaio	<i>noun</i><br><ol><li>wood</li><li>tree</li></ol>
kelab	<i>noun</i><br><ol><li>time</li></ol>
kelas	<i>verb</i><br><ol><li>to fade, to lose original qualities</li></ol>
kelong	<i>noun</i><br><ol><li>shield</li></ol>
kemer	<i>noun</i><br><ol><li>finger</li></ol>
ken	<i>noun</i><br><ol><li>food</li></ol>
kendi|kendi'	<i>noun</i><br><ol><li>kettle</li></ol>
kending	<i>noun</i><br><ol><li>curtain</li></ol>
kepala	<i>noun</i><br><ol><li>head</li></ol>
kilala	<i>verb</i><br><ol><li>to recognize</li></ol>
kilang	<i>verb</i><br><ol><li>to reflect (light)</li></ol>
kilat	<i>noun</i><br><ol><li>lightning</li></ol>
kimat	<i>noun</i><br><ol><li>debt</li></ol>
kimon	<i>noun</i><br><ol><li>robe</li></ol>
kiray	<i>noun</i><br><ol><li>(anatomy) eyebrow</li></ol>
kiso	<i>noun</i><br><ol><li>cheese</li></ol>
kita	<i>pron</i><br><ol><li>we (inclusive)</li></ol>
kitang	<i>noun</i><br><ol><li>tin</li></ol>
koba	<i>noun</i><br><ol><li>grave</li></ol>
kobal	<i>noun</i><br><ol><li>animal skin</li></ol>
koda'	<i>noun</i><br><ol><li>horse</li></ol>
kodam	<i>noun</i><br><ol><li>beauty</li></ol>
koden	<i>noun</i><br><ol><li>pot (for cooking)</li></ol>
kogita	<i>noun</i><br><ol><li>octopus</li></ol>
kolambo	<i>noun</i><br><ol><li>mosquito net</li></ol>
kombinto	<i>noun</i><br><ol><li>convent</li></ol>
korbata	<i>noun</i><br><ol><li>necktie</li><li>cravat</li></ol>
korsi'	<i>noun</i><br><ol><li>chair</li></ol>
labaha	<i>noun</i><br><ol><li>razor</li></ol>
lagam	<i>noun</i><br><ol><li>voice</li></ol>
lago	<i>noun</i><br><ol><li>voice</li></ol>
lagoy	<i>noun</i><br><ol><li>hurry, rush</li></ol>
lakit	<i>verb</i><br><ol><li>to inform</li></ol>
laksa'	<i>num</i><br><ol><li>ten thousand</li></ol>
lalan	<i>noun</i><br><ol><li>way; path; road</li></ol>
lalawa'|lalaoaq	<i>noun</i><br><ol><li>spider</li></ol>
lama	<i>noun</i><br><ol><li>field</li><li>yard</li><li>lawn</li><li>playground</li></ol>
lambeg	<i>verb</i><br><ol><li>to throw</li></ol>
lambo	<i>noun</i><br><ol><li>thread</li></ol>
lana	<i>noun</i><br><ol><li>oil</li></ol>
langaw|langao	<i>noun</i><br><ol><li>horsefly, gadfly</li></ol>
langga	<i>adj</i><br><ol><li>hot; boiling; heated</li></ol>
langit	<i>noun</i><br><ol><li>sky</li><li>heaven</li></ol>
langob	<i>noun</i><br><ol><li>cave</li></ol>
langoy|langoi	<i>verb</i><br><ol><li>to swim</li></ol>
latag	<i>verb</i><br><ol><li>to urinate</li></ol>
latay	<i>noun</i><br><ol><li>mud</li><li>silt</li><li>quagmire</li></ol>
lateg	<i>verb</i><br><ol><li>to chew</li></ol>
lawas|laoas	<i>noun</i><br><ol><li>(anatomy) body; torso</li></ol>
layat	<i>verb</i><br><ol><li>to lengthen</li></ol>
layog|laiog	<i>verb</i><br><ol><li>to fly</li></ol>
leb	<i>noun</i><br><ol><li>knee</li></ol>
lekep	<i>noun</i><br><ol><li>fog</li></ol>
lembo'	<i>noun</i><br><ol><li>fat, grease</li></ol>
lenga	<i>noun</i><br><ol><li>sesame</li></ol>
lesong	<i>noun</i><br><ol><li>mortar</li></ol>
lig	<i>noun</i><br><ol><li>(anatomy) neck</li></ol>
likod	<i>noun</i><br><ol><li>the back</li></ol>
lilang	<i>noun</i><br><ol><li>wife</li></ol>
lima	<i>noun</i><br><ol><li>hand</li></ol><br><i>num</i><br><ol><li>five</li></ol>
limamad	<i>noun</i><br><ol><li>nosebleed; epistaxis</li></ol>
linog	<i>noun</i><br><ol><li>earthquake</li></ol>
lipat	<i>verb</i><br><ol><li>to forget</li></ol>
liyang	<i>noun</i><br><ol><li>cave</li></ol>
lo'	<i>noun</i><br><ol><li>tears</li></ol>
lobid	<i>noun</i><br><ol><li>rope</li></ol>
lompat	<i>verb</i><br><ol><li>to gallop</li></ol>
lopa'	<i>noun</i><br><ol><li>earth, soil, ground</li></ol>
lopapek	<i>noun</i><br><ol><li>dust</li></ol>
loto'|lotoq	<i>verb</i><br><ol><li>to cook</li></ol>
loyang	<i>noun</i><br><ol><li>bronze</li></ol>
ma'ana	<i>noun</i><br><ol><li>guest</li><li>visitor</li></ol>
mababa'|mababaq	<i>adj</i><br><ol><li>low</li></ol>
mababaw|mababao	<i>adj</i><br><ol><li>shallow</li></ol>
mabagani	<i>adj</i><br><ol><li>brave</li></ol>
mabeger	<i>adj</i><br><ol><li>strong</li></ol>
madalem	<i>adj</i><br><ol><li>deep</li></ol>
magarang	<i>adj</i><br><ol><li>sharp</li></ol>
maitem	<i>adj</i><br><ol><li>black</li></ol>
makapal	<i>adj</i><br><ol><li>thick</li></ol>
malaba'	<i>adj</i><br><ol><li>long</li></ol>
malasem	<i>adj</i><br><ol><li>sour</li></ol>
malayat	<i>noun</i><br><ol><li>long</li></ol>
malendo	<i>adj</i><br><ol><li>long</li></ol>
malik	<i>noun</i><br><ol><li>king</li></ol>
malinaw|malinao	<i>adj</i><br><ol><li>calm</li></ol>
malindeg	<i>adj</i><br><ol><li>slippery</li></ol>
mama	<i>adj</i><br><ol><li>male</li></ol><br><i>noun</i><br><ol><li>a male</li></ol>
mamis	<i>adj</i><br><ol><li>sweet</li></ol>
mangoda	<i>adj</i><br><ol><li>young</li></ol>
mani	<i>noun</i><br><ol><li>sperm, semen</li><li>egg cell</li></ol>
manipis	<i>adj</i><br><ol><li>thin</li></ol>
manok	<i>noun</i><br><ol><li>chicken</li></ol>
manosiya	<i>noun</i><br><ol><li>a human</li></ol>
mansanas	<i>noun</i><br><ol><li>apple</li></ol>
mantikiliya	<i>noun</i><br><ol><li>butter</li></ol>
mapa	<i>noun</i><br><ol><li>map</li></ol>
mapa'it|mapaqit	<i>adj</i><br><ol><li>bitter</li></ol>
mapia	<i>adj</i><br><ol><li>good</li></ol>
mapoti'|mapotiq	<i>adj</i><br><ol><li>white</li></ol>
mara	<i>adj</i><br><ol><li>dry</li></ol>
mariga'	<i>adj</i><br><ol><li>red</li></ol>
marmar	<i>noun</i><br><ol><li>marble (building material)</li></ol>
masir	<i>noun</i><br><ol><li>power</li></ol>
mata	<i>noun</i><br><ol><li>eye (organ)</li></ol>
matas	<i>adj</i><br><ol><li>long</li></ol>
matay	<i>verb</i><br><ol><li>to die</li></ol>
matenggaw	<i>adj</i><br><ol><li>cold</li></ol>
matimos	<i>adj</i><br><ol><li>salty</li></ol>
mawatan	<i>adj</i><br><ol><li>far, remote</li></ol>
menang	<i>noun</i><br><ol><li>power</li></ol>
midaliya	<i>noun</i><br><ol><li>medal</li></ol>
miki	<i>noun</i><br><ol><li>noodle</li></ol>
misina	<i>noun</i><br><ol><li>mother</li></ol>
miskin	<i>adj</i><br><ol><li>poor, needy</li></ol>
moda	<i>adj</i><br><ol><li>young</li></ol>
mopti	<i>noun</i><br><ol><li>saint</li></ol>
morid	<i>noun</i><br><ol><li>pupil, disciple, student</li></ol>
morit	<i>noun</i><br><ol><li>pupil, disciple, student</li></ol>
mosir	<i>noun</i><br><ol><li>rifle</li></ol>
moso	<i>noun</i><br><ol><li>enemy</li></ol>
naga	<i>noun</i><br><ol><li>dragon</li></ol>
naho	<i>noun</i><br><ol><li>grammar, syntax</li></ol>
nana'	<i>noun</i><br><ol><li>pus</li></ol>
nanas	<i>noun</i><br><ol><li>pineapple</li></ol>
narka'	<i>noun</i><br><ol><li>hell</li></ol>
nati	<i>noun</i><br><ol><li>calf</li></ol>
ndaw	<i>noun</i><br><ol><li>(astronomy) sun</li></ol>
ndo	<i>noun</i><br><ol><li>pestle</li></ol>
ndo'|ndoq	<i>noun</i><br><ol><li>wind</li></ol>
nem	<i>num</i><br><ol><li>six</li></ol>
ngaran	<i>noun</i><br><ol><li>name</li></ol>
ngari'	<i>noun</i><br><ol><li>mouth</li></ol>
ngelay	<i>noun</i><br><ol><li>arm</li></ol>
nggay	<i>verb</i><br><ol><li>to give</li></ol>
nggibo	<i>num</i><br><ol><li>thousand</li></ol>
ngipen	<i>noun</i><br><ol><li>tooth</li></ol>
ngirong	<i>noun</i><br><ol><li>nose (organ of the face)</li></ol>
niog	<i>noun</i><br><ol><li>coconut</li></ol>
nipa	<i>noun</i><br><ol><li>nipa palm</li></ol>
nipay|nipai	<i>noun</i><br><ol><li>snake</li></ol>
niyawa	<i>noun</i><br><ol><li>life</li></ol>
nori	<i>noun</i><br><ol><li>parrot</li></ol>
nota	<i>noun</i><br><ol><li>crime</li></ol>
oalo	<i>num</i><br><ol><li>eight</li></ol>
obal|Akin to Maguindanao ubal.	<i>noun</i><br><ol><li>monkey</li></ol>
obog	<i>adj</i><br><ol><li>drunk</li></ol>
odang	<i>noun</i><br><ol><li>lobster</li></ol>
ogop	<i>verb</i><br><ol><li>to help</li></ol>
okab	<i>adj</i><br><ol><li>open</li></ol>
olan	<i>noun</i><br><ol><li>moon</li><li>month</li></ol>
olay	<i>adj</i><br><ol><li>old</li></ol>
oled	<i>noun</i><br><ol><li>worm</li></ol>
olib	<i>noun</i><br><ol><li>olive</li></ol>
olid	<i>noun</i><br><ol><li>contribution</li></ol>
olo	<i>noun</i><br><ol><li>head</li></ol>
olog	<i>verb</i><br><ol><li>to fall</li></ol>
olonan	<i>noun</i><br><ol><li>pillow</li></ol>
oma	<i>noun</i><br><ol><li>farm</li></ol><br><i>verb</i><br><ol><li>to arrive</li></ol>
omat	<i>noun</i><br><ol><li>follower, disciple, adherent</li></ol>
ombi	<i>noun</i><br><ol><li>ash</li></ol>
ombos	<i>noun</i><br><ol><li>leaf</li><li>bud, a place where a bud comes out</li></ol>
omes	<i>noun</i><br><ol><li>nightmare</li></ol>
omon	<i>verb</i><br><ol><li>to distribute, to deal out</li></ol>
omor	<i>noun</i><br><ol><li>longevity</li><li>demise</li></ol>
omoy	<i>noun</i><br><ol><li>jar, pot</li></ol>
onta	<i>noun</i><br><ol><li>camel</li></ol>
ontong	<i>noun</i><br><ol><li>sort, class, type</li></ol>
opis	<i>noun</i><br><ol><li>skin</li></ol>
orabang	<i>noun</i><br><ol><li>shrimp</li></ol>
orak	<i>noun</i><br><ol><li>egg</li></ol>
oran	<i>noun</i><br><ol><li>rain</li></ol>
orang	<i>noun</i><br><ol><li>scorpion</li></ol>
oras	<i>noun</i><br><ol><li>hour; time</li><li>clock, watch</li></ol>
oring	<i>noun</i><br><ol><li>coal, charcoal</li></ol>
oripen	<i>noun</i><br><ol><li>slave</li></ol>
osok	<i>noun</i><br><ol><li>a stick with a sharp point</li></ol>
otan	<i>noun</i><br><ol><li>grass</li></ol>
otek	<i>noun</i><br><ol><li>brain</li></ol>
otin	<i>noun</i><br><ol><li>penis</li></ol>
pa'os|paqos	<i>adj</i><br><ol><li>hoarse</li></ol>
paga	<i>noun</i><br><ol><li>attic</li></ol>
pagari|Akin to Maguindanao pagali.	<i>noun</i><br><ol><li>brother</li></ol>
pagi	<i>noun</i><br><ol><li>stingray</li></ol>
pakat	<i>noun</i><br><ol><li>friend</li></ol>
pakayan	<i>noun</i><br><ol><li>costume</li></ol>
pakayaw	<i>noun</i><br><ol><li>heat</li></ol>
palalagoy	<i>verb</i><br><ol><li>to run</li></ol>
palaw	<i>noun</i><br><ol><li>mountain</li></ol>
pamola	<i>verb</i><br><ol><li>to plant</li></ol>
pamomolan	<i>noun</i><br><ol><li>a plant</li></ol>
pana'	<i>noun</i><br><ol><li>bow</li></ol>
panaman	<i>noun</i><br><ol><li>oath</li></ol>
pandak	<i>noun</i><br><ol><li>pig, hog</li><li>pork</li></ol>
panday	<i>noun</i><br><ol><li>craftsman</li></ol>
panik	<i>verb</i><br><ol><li>to climb, to go up</li></ol>
panisig	<i>noun</i><br><ol><li>toothpick</li></ol>
panit	<i>noun</i><br><ol><li>skin</li></ol>
pantalan	<i>noun</i><br><ol><li>wharf, dock, pier</li></ol>
papak	<i>noun</i><br><ol><li>wing</li></ol>
papanan	<i>noun</i><br><ol><li>gameboard</li></ol>
papanok	<i>noun</i><br><ol><li>bird</li></ol>
paras	<i>noun</i><br><ol><li>face</li></ol>
pasang	<i>verb</i><br><ol><li>to aim</li><li>(card games) to bet</li></ol>
pasbi	<i>noun</i><br><ol><li>rosary</li></ol>
pat	<i>num</i><br><ol><li>four</li></ol>
patis	<i>noun</i><br><ol><li>fish sauce</li></ol>
pedang	<i>noun</i><br><ol><li>sword</li></ol>
pelak	<i>noun</i><br><ol><li>(anatomy) palate</li></ol>
pelit	<i>noun</i><br><ol><li>dam</li></ol>
peted	<i>noun</i><br><ol><li>sand</li></ol>
piliq	<i>verb</i><br><ol><li>to choose</li></ol>
pinang	<i>noun</i><br><ol><li>cannonball</li></ol>
pindang	<i>noun</i><br><ol><li>handle</li></ol>
pingas	<i>noun</i><br><ol><li>cliff</li></ol>
pinggan|pinggán	<i>noun</i><br><ol><li>china plate</li></ol>
pira	<i>pron</i><br><ol><li>how many</li></ol>
pirak	<i>noun</i><br><ol><li>silver (element, Ag)</li></ol>
pisek	<i>adj</i><br><ol><li>blind</li></ol>
pito	<i>num</i><br><ol><li>seven</li></ol>
piyak	<i>noun</i><br><ol><li>chick</li></ol>
pogon	<i>noun</i><br><ol><li>kiln</li><li>oven</li></ol>
pokol	<i>noun</i><br><ol><li>musket</li></ol>
pola	<i>noun</i><br><ol><li>cannon</li></ol>
polangi	<i>noun</i><br><ol><li>river</li></ol>
polo	<i>noun</i><br><ol><li>island</li></ol>
posed	<i>noun</i><br><ol><li>navel</li></ol>
poso'	<i>noun</i><br><ol><li>heart</li></ol>
potaw	<i>noun</i><br><ol><li>iron (element, Fe)</li></ol>
ra'on	<i>noun</i><br><ol><li>leaf</li></ol>
radia	<i>noun</i><br><ol><li>king</li></ol>
ragat	<i>noun</i><br><ol><li>sea</li></ol>
ragom	<i>noun</i><br><ol><li>needle</li></ol>
ragon	<i>noun</i><br><ol><li>year</li><li>harvest time</li></ol>
ramag	<i>noun</i><br><ol><li>shine; luster</li></ol>
ranaw|lanaw	<i>noun</i><br><ol><li>lake</li></ol>
ranon	<i>noun</i><br><ol><li>love</li><li>sympathy</li><li>empathy</li></ol>
rantang	<i>adj</i><br><ol><li>dead</li></ol>
rasang	<i>noun</i><br><ol><li>comb (of fowl)</li></ol>
raway	<i>noun</i><br><ol><li>fishhook</li></ol>
rengit	<i>noun</i><br><ol><li>mosquito</li></ol>
ribo	<i>adj</i><br><ol><li>plentiful</li></ol>
riya	<i>noun</i><br><ol><li>mouse; rat</li></ol>
robain	<i>noun</i><br><ol><li>hair</li></ol>
robas	<i>noun</i><br><ol><li>fatigue</li></ol>
rogo'|rogoq	<i>noun</i><br><ol><li>blood</li></ol>
rogong	<i>noun</i><br><ol><li>thunder</li></ol>
rok	<i>noun</i><br><ol><li>soul</li></ol>
rowasan	<i>noun</i><br><ol><li>window</li></ol>
sa	<i>noun</i><br><ol><li>tea</li></ol>
sabang	<i>noun</i><br><ol><li>mouth of a river</li></ol>
sabik	<i>noun</i><br><ol><li>houri</li></ol>
sablaw	<i>noun</i><br><ol><li>joke; jest</li></ol>
sabon	<i>noun</i><br><ol><li>soap</li></ol>
sadang	<i>noun</i><br><ol><li>hook</li><li>rake</li></ol>
saging	<i>noun</i><br><ol><li>banana</li></ol>
sagingan	<i>noun</i><br><ol><li>banana plantation</li></ol>
sahal	<i>noun</i><br><ol><li>turban</li></ol>
saing	<i>noun</i><br><ol><li>epilepsy</li></ol>
saipowa	<i>noun</i><br><ol><li>abacus</li></ol>
sakaw	<i>adj</i><br><ol><li>hospitable</li></ol>
sakay	<i>verb</i><br><ol><li>to ride</li></ol>
sakir	<i>noun</i><br><ol><li>soccer</li></ol>
sakrad	<i>noun</i><br><ol><li>shovel, spade</li></ol><br><i>verb</i><br><ol><li>to shovel</li></ol>
sala'|salaq	<i>noun</i><br><ol><li>fault, sin, wrong</li></ol>
saladeng	<i>noun</i><br><ol><li>deer</li></ol>
salamin	<i>noun</i><br><ol><li>eye-glasses (spectacles)</li></ol>
salat	<i>noun</i><br><ol><li>(Islam) prayer</li></ol>
salatan	<i>noun</i><br><ol><li>wind</li><li>breeze</li></ol>
salay	<i>noun</i><br><ol><li>necklace</li></ol>
salbabida	<i>noun</i><br><ol><li>life jacket; life preserver</li></ol>
salib	<i>noun</i><br><ol><li>cross</li><li>crucifix</li></ol>
sambag	<i>noun</i><br><ol><li>tamarind</li></ol>
sambor	<i>verb</i><br><ol><li>to mix</li></ol>
sanday|sandai	<i>verb</i><br><ol><li>to lean, to incline</li></ol>
sanga	<i>noun</i><br><ol><li>branch</li></ol>
sangit	<i>verb</i><br><ol><li>to hook, to entangle</li></ol>
sangor	<i>noun</i><br><ol><li>face</li></ol>
sapa'|sapaq	<i>noun</i><br><ol><li>oath</li></ol><br><i>verb</i><br><ol><li>to swear</li></ol>
sapad	<i>noun</i><br><ol><li>orchard</li></ol>
sapi'	<i>noun</i><br><ol><li>cow</li></ol>
sapo	<i>verb</i><br><ol><li>to rub</li></ol>
sapo'	<i>noun</i><br><ol><li>meat</li></ol>
sapolo'	<i>num</i><br><ol><li>ten</li></ol>
sapoloq	<i>num</i><br><ol><li>ten</li></ol>
saridot	<i>noun</i><br><ol><li>spoon</li></ol>
sarig	<i>verb</i><br><ol><li>to depend on</li><li>to trust</li></ol>
sarimanok	<i>noun</i><br><ol><li>(mythology) sarimanok (a legendary bird of the Maranao people in Philippine mythology)</li></ol>
sawaw|saoao	<i>noun</i><br><ol><li>soup; broth</li></ol>
saya	<i>adv</i><br><ol><li>here</li></ol>
sayan	<i>verb</i><br><ol><li>to imitate</li></ol>
sayaw|saiao	<i>verb</i><br><ol><li>to dance</li><li>to jump, to leap</li></ol>
seda'|sedaq	<i>noun</i><br><ol><li>fish</li></ol>
seki	<i>noun</i><br><ol><li>leg</li></ol>
senang	<i>noun</i><br><ol><li>sun</li></ol>
sengal	<i>noun</i><br><ol><li>song</li></ol><br><i>verb</i><br><ol><li>to sing</li></ol>
siao	<i>num</i><br><ol><li>nine</li></ol>
sida	<i>noun</i><br><ol><li>silk</li></ol>
siga	<i>noun</i><br><ol><li>light, shine, luster</li></ol>
siko	<i>noun</i><br><ol><li>elbow</li></ol>
silab	<i>noun</i><br><ol><li>blade</li></ol>
singa	<i>noun</i><br><ol><li>lion</li></ol>
sipat	<i>noun</i><br><ol><li>sense</li></ol>
sipit	<i>noun</i><br><ol><li>tongs; forceps</li><li>pincer</li></ol>
siram	<i>noun</i><br><ol><li>fear</li></ol>
sirap	<i>noun</i><br><ol><li>glimpse</li></ol>
sirig	<i>noun</i><br><ol><li>star</li></ol>
sisid	<i>noun</i><br><ol><li>edge</li></ol>
sisig	<i>verb</i><br><ol><li>to pass through a crack</li><li>to pick (teeth)</li></ol>
sisim	<i>verb</i><br><ol><li>to even up a surface by whittling</li></ol>
sising	<i>noun</i><br><ol><li>ring</li></ol>
siyaw	<i>num</i><br><ol><li>nine</li></ol>
sogot	<i>verb</i><br><ol><li>to allow</li></ol>
solam	<i>noun</i><br><ol><li>needlework</li></ol>
solo'	<i>noun</i><br><ol><li>light, lamp</li></ol>
sompit|Akin to Maguindanao sumpit.	<i>noun</i><br><ol><li>blowgun (blowpipe)</li></ol>
sondang	<i>noun</i><br><ol><li>knife (like machete)</li></ol>
sorga'	<i>noun</i><br><ol><li>blessed</li><li>heaven</li></ol>
soso	<i>noun</i><br><ol><li>breast</li></ol>
sowar	<i>noun</i><br><ol><li>horn</li></ol>
ta'i|taqi	<i>noun</i><br><ol><li>feces, excrement</li></ol>
tabang	<i>verb</i><br><ol><li>to help</li></ol>
tagik	<i>noun</i><br><ol><li>weir</li></ol>
taginep	<i>noun</i><br><ol><li>dream</li></ol>
tagon	<i>noun</i><br><ol><li>firewood</li><li>fuel</li></ol>
tahon	<i>noun</i><br><ol><li>astrological sign</li></ol>
takan	<i>verb</i><br><ol><li>to write</li></ol>
takob	<i>noun</i><br><ol><li>eyelid</li></ol>
talak	<i>noun</i><br><ol><li>divorce</li></ol>
talaw|talao	<i>noun</i><br><ol><li>a coward</li></ol>
tali	<i>noun</i><br><ol><li>rope</li></ol>
talo	<i>verb</i><br><ol><li>to call</li></ol>
talompa'|Akin to Maguindanao talumpa.	<i>noun</i><br><ol><li>shoe</li></ol>
talon	<i>noun</i><br><ol><li>herd</li><li>flock</li></ol>
talpas	<i>noun</i><br><ol><li>absenteeism</li></ol>
taman	<i>noun</i><br><ol><li>limit</li><li>boundary</li></ol>
tamat	<i>noun</i><br><ol><li>end</li></ol><br><i>verb</i><br><ol><li>to end</li></ol>
tambak	<i>noun</i><br><ol><li>rampart</li></ol><br><i>verb</i><br><ol><li>to heap</li></ol>
tamboli'	<i>noun</i><br><ol><li>giant conch</li></ol>
tangila	<i>noun</i><br><ol><li>(anatomy) ear (organ of hearing)</li></ol>
tangis	<i>noun</i><br><ol><li>rust</li></ol>
tangkap	<i>verb</i><br><ol><li>to accept</li></ol>
tapay	<i>noun</i><br><ol><li>yeast</li></ol>
taro	<i>noun</i><br><ol><li>wax</li></ol>
tas	<i>noun</i><br><ol><li>height</li></ol>
taw	<i>noun</i><br><ol><li>a person, a man or a woman, a human</li></ol>
tebo	<i>noun</i><br><ol><li>sugar cane</li></ol>
teken	<i>noun</i><br><ol><li>staff, cane (for walking)</li></ol>
telo	<i>num</i><br><ol><li>three</li></ol>
temen	<i>adj</i><br><ol><li>bitter</li><li>difficult</li></ol>
tenang	<i>noun</i><br><ol><li>luster</li></ol><br><i>verb</i><br><ol><li>to shine</li></ol>
tenek	<i>noun</i><br><ol><li>thorn</li><li>spine</li></ol>
tentem	<i>verb</i><br><ol><li>to light</li><li>to fire</li></ol>
tepak	<i>verb</i><br><ol><li>to jump</li><li>to leap</li></ol>
tepek	<i>verb</i><br><ol><li>to prick</li><li>to poke</li><li>to spear</li></ol>
tepel	<i>verb</i><br><ol><li>to hold</li><li>to grasp</li></ol>
tepes	<i>verb</i><br><ol><li>to suck</li><li>to press down between the lips</li></ol>
tepik	<i>noun</i><br><ol><li>shore, bank</li></ol>
terok	<i>noun</i><br><ol><li>incense</li></ol>
tibaw	<i>verb</i><br><ol><li>to attend rites for dead</li><li>to visit survivors of dead as well as attend burial</li></ol>
tidok	<i>noun</i><br><ol><li>quilt</li></ol>
tigis	<i>noun</i><br><ol><li>resin</li></ol>
tigri	<i>noun</i><br><ol><li>tiger</li></ol>
tikem	<i>verb</i><br><ol><li>to snatch, to get surreptitiously</li></ol>
tikes	<i>noun</i><br><ol><li>bracelet</li></ol>
tikit	<i>noun</i><br><ol><li>ticket</li><li>sales tax</li></ol>
tikos	<i>adj</i><br><ol><li>ugly</li></ol>
tiktik	<i>noun</i><br><ol><li>hemorrhoids</li></ol>
tila	<i>noun</i><br><ol><li>loss</li></ol><br><i>verb</i><br><ol><li>to lose</li></ol>
tilad	<i>verb</i><br><ol><li>to cut</li><li>to chop</li></ol>
tilak	<i>adj</i><br><ol><li>smooth</li></ol>
tilam	<i>noun</i><br><ol><li>mattress</li><li>cushion</li></ol>
timad	<i>verb</i><br><ol><li>to kick</li></ol>
timbak	<i>noun</i><br><ol><li>firearm</li></ol><br><i>verb</i><br><ol><li>to shoot</li></ol>
timbang	<i>noun</i><br><ol><li>weight</li></ol>
timbega'	<i>noun</i><br><ol><li>lead (element, Pb)</li></ol>
timon	<i>noun</i><br><ol><li>rudder</li></ol>
timor	<i>noun</i><br><ol><li>wind</li></ol>
timos	<i>noun</i><br><ol><li>salt (for flavoring)</li></ol>
tina'i|tinaqi	<i>noun</i><br><ol><li>intestine</li></ol>
tinda	<i>noun</i><br><ol><li>store, shop</li></ol>
tindeg	<i>verb</i><br><ol><li>to stand</li></ol>
tipay	<i>noun</i><br><ol><li>pearl</li></ol>
tipo	<i>noun</i><br><ol><li>treachery</li><li>traitor</li></ol>
tiray	<i>noun</i><br><ol><li>slight crack</li></ol>
tiris	<i>noun</i><br><ol><li>stripe</li></ol>
tisas	<i>noun</i><br><ol><li>chalk</li></ol>
titay|titai	<i>noun</i><br><ol><li>bridge, footbridge</li></ol>
titig	<i>verb</i><br><ol><li>to cut</li><li>to chop</li></ol>
titik	<i>noun</i><br><ol><li>diacritic</li></ol>
titir	<i>verb</i><br><ol><li>to throw</li></ol>
tito	<i>noun</i><br><ol><li>puppy</li></ol>
tiyan	<i>noun</i><br><ol><li>(anatomy) stomach; abdomen; belly</li></ol>
to'|toq	<i>verb</i><br><ol><li>to grow</li></ol>
tobak	<i>noun</i><br><ol><li>landslide</li></ol>
tohan	<i>noun</i><br><ol><li>god</li></ol>
tolan	<i>noun</i><br><ol><li>bone</li></ol>
tolod	<i>verb</i><br><ol><li>to push</li></ol>
tom	<i>noun</i><br><ol><li>human body louse</li></ol>
tombaga	<i>noun</i><br><ol><li>copper</li></ol>
tordo	<i>adv</i><br><ol><li>seriously</li></ol>
torog	<i>verb</i><br><ol><li>to sleep</li></ol>
totol	<i>noun</i><br><ol><li>story</li><li>account</li><li>statement</li><li>news</li><li>version</li><li>information</li></ol><br><i>verb</i><br><ol><li>to tell</li><li>to state</li></ol>
trigo	<i>noun</i><br><ol><li>wheat</li></ol>
wadiya	<i>noun</i><br><ol><li>steel</li></ol>
waga	<i>noun</i><br><ol><li>ember</li><li>shoulder</li></ol>
waged	<i>noun</i><br><ol><li>snake</li><li>vine</li></ol>
wakto	<i>noun</i><br><ol><li>time, hour</li></ol>
walay	<i>noun</i><br><ol><li>house</li></ol>
walo	<i>num</i><br><ol><li>eight</li></ol>
wan	<i>verb</i><br><ol><li>to fear</li></ol>
wanay	<i>noun</i><br><ol><li>section</li></ol>
warna|oarna	<i>noun</i><br><ol><li>color</li></ol>
wasay|oasai	<i>noun</i><br><ol><li>axe</li></ol>
wata'	<i>noun</i><br><ol><li>child, baby</li></ol>
wato	<i>noun</i><br><ol><li>stone</li></ol>
waw	<i>noun</i><br><ol><li>thirst</li></ol>
