A|a	<i>character</i><br><ol><li>The first letter of the Marshallese alphabet, called a and written in the Latin script.</li></ol>
Aelok	<i>name</i><br><ol><li>Ailuk atoll</li></ol>
Aelōn̄in Ae|Aelōñin Ae	<i>name</i><br><ol><li>Ailinginae atoll</li></ol>
Aelōn̄in-ae|Aelōñin-ae	<i>name</i><br><ol><li>Ailinginae atoll</li></ol>
Aelōn̄inae|Aelōñinae	<i>name</i><br><ol><li>Ailinginae atoll</li></ol>
Aelōn̄ļapļap|Aelōñḷapḷap	<i>name</i><br><ol><li>Ailinglaplap atoll; Ailinglapalap atoll</li></ol>
Amedka	<i>name</i><br><ol><li>America</li></ol>
Am̧bo|Aṃbo	<i>name</i><br><ol><li>Legan islet, Kwajalein atoll</li></ol>
Andru	<i>name</i><br><ol><li>(bibilical, given name) Andrew</li></ol>
Anij	<i>name</i><br><ol><li>God</li></ol>
Arņo|ri-Arņo|Arṇo	<i>name</i><br><ol><li>Arno atoll</li></ol>
Atļaņtiik|Atḷaṇtiik	<i>name</i><br><ol><li>the Atlantic; the Atlantic Ocean</li></ol>
Aujtōrōlia	<i>name</i><br><ol><li>Australia</li></ol>
Aur	<i>name</i><br><ol><li>Aur atoll</li></ol>
Awai	<i>name</i><br><ol><li>Hawaii</li></ol>
Aļajka|Aḷajka	<i>name</i><br><ol><li>Alaska</li></ol>
Baibōļ|Baibōḷ	<i>name</i><br><ol><li>Bible</li><li>religious instruction</li><li>catechism</li></ol>
Bajjipiik	<i>name</i><br><ol><li>the Pacific; the Pacific Ocean</li></ol>
Bajjipik	<i>name</i><br><ol><li>the Pacific; the Pacific Ocean</li></ol>
Bartolomu	<i>name</i><br><ol><li>(bibilical, given name) Bartholomew</li></ol>
Bok-ak	<i>name</i><br><ol><li>Bokak atoll</li></ol>
Bokaak	<i>name</i><br><ol><li>Bokak atoll</li></ol>
Boonpe	<i>name</i><br><ol><li>Pohnpei; Ponape</li></ol>
Bāibōļ|Bāibōḷ	<i>name</i><br><ol><li>Bible</li><li>religious instruction</li><li>catechism</li></ol>
Bōraide	<i>name</i><br><ol><li>Friday</li></ol>
Bōļaide|Bōḷaide	<i>name</i><br><ol><li>Friday</li></ol>
Bōļao|Bōḷao	<i>name</i><br><ol><li>Palau</li></ol>
Bōļau|Bōḷau	<i>name</i><br><ol><li>Palau</li></ol>
Būranij	<i>name</i><br><ol><li>France</li></ol>
Būrotijen	<i>name</i><br><ol><li>a Protestant</li></ol>
Būļāide|Būḷāide	<i>name</i><br><ol><li>Friday</li></ol>
Devid	<i>name</i><br><ol><li>(bibilical, given name) David</li></ol>
Ebeje	<i>name</i><br><ol><li>Ebeye (the most populous island of Kwajalein atoll, Marshall Islands)</li></ol>
Eijia	<i>name</i><br><ol><li>Asia</li></ol>
Elej	<i>name</i><br><ol><li>(historical) Ellice Islands; Tuvalu.</li></ol>
Ellep	<i>name</i><br><ol><li>Lib island</li></ol>
Enm̧aat|Enṃaat	<i>name</i><br><ol><li>Enmat, Kwajalein atoll</li></ol>
Eo̧werōk|Eọwerōk	<i>name</i><br><ol><li>a legendary place where human spirits are said to go after death</li></ol>
Epatōn	<i>name</i><br><ol><li>Ebadon, Kwajalein atoll</li></ol>
Epejām	<i>name</i><br><ol><li>Federated States of Micronesia (a country in Oceania)</li></ol>
Epjā	<i>name</i><br><ol><li>Ebeye (the most populous island of Kwajalein atoll, Marshall Islands)</li></ol>
Epjā-dik	<i>name</i><br><ol><li>Big Bustard islet, Kwajalein atoll</li></ol>
Epoon	<i>name</i><br><ol><li>Ebon atoll</li></ol>
Eprōļ|Eprōḷ	<i>name</i><br><ol><li>April</li></ol>
Etiopia	<i>name</i><br><ol><li>Ethiopia (a country in Africa)</li></ol>
Ewerōk	<i>name</i><br><ol><li>a legendary place where human spirits are said to go after death</li></ol>
Grik	<i>name</i><br><ol><li>Greece (a country in Europe)</li></ol>
Iaab	<i>name</i><br><ol><li>Yap</li></ol>
Ibae	<i>name</i><br><ol><li>Ebeye (the most populous island of Kwajalein atoll, Marshall Islands)</li></ol>
Ijib	<i>name</i><br><ol><li>Egypt (a country in Africa)</li></ol>
Ijireel	<i>name</i><br><ol><li>Israel (a country in Asia)</li></ol>
Ijitō	<i>name</i><br><ol><li>Easter</li></ol>
Im̧wej|Iṃwej	<i>name</i><br><ol><li>Imiej, Jaluit atoll</li></ol>
Intia	<i>name</i><br><ol><li>India</li></ol>
Intiia	<i>name</i><br><ol><li>India</li></ol>
In̄len|Iñlen	<i>name</i><br><ol><li>England</li></ol>
In̄lij|Iñlij	<i>name</i><br><ol><li>an Englishman</li><li>England</li></ol>
Itali	<i>name</i><br><ol><li>Italy (a country in Europe)</li></ol>
Jaam̧|Jaaṃ	<i>name</i><br><ol><li>Psalms</li></ol>
Jabōt	<i>name</i><br><ol><li>Sunday</li><li>the Sabbath</li></ol>
Jaina	<i>name</i><br><ol><li>China (a country in Asia)</li></ol>
Jam̧uwa|Jaṃuwa	<i>name</i><br><ol><li>Samoa</li></ol>
Jan̄ai|Jañai	<i>name</i><br><ol><li>Shanghai (a municipality, the largest city in China)</li></ol>
Jarej	<i>name</i><br><ol><li>Djarrit, Majuro atoll</li></ol>
Jarōj	<i>name</i><br><ol><li>Djarrit, Majuro atoll</li></ol>
Jebat	<i>name</i><br><ol><li>Jabat island; Jabot island; Jabwot island</li></ol>
Jebtōm̧ba|Jebtōṃba	<i>name</i><br><ol><li>September</li></ol>
Jebwad	<i>name</i><br><ol><li>Jabor, Jaluit atoll</li></ol>
Jeina	<i>name</i><br><ol><li>China</li></ol>
Jekab	<i>name</i><br><ol><li>(bibilical, given name) Jacob</li></ol>
Jemej	<i>name</i><br><ol><li>(bibilical, given name) James</li></ol>
Jemene	<i>name</i><br><ol><li>Germany</li></ol>
Jemo̧|Jemọ	<i>name</i><br><ol><li>Jemo island</li></ol>
Jeova	<i>name</i><br><ol><li>(bibilical) Jehovah</li></ol>
Jepaan	<i>name</i><br><ol><li>Japan</li></ol>
Jeptōm̧ba|Jeptōṃba	<i>name</i><br><ol><li>September</li></ol>
Jidni	<i>name</i><br><ol><li>Sydney (a city in New South Wales, Australia)</li></ol>
Jijej	<i>name</i><br><ol><li>Jesus</li></ol>
Jijer	<i>name</i><br><ol><li>Caesar</li></ol>
Jijij	<i>name</i><br><ol><li>(given name) Jesus</li></ol>
Jijij Kūraij	<i>name</i><br><ol><li>Jesus Christ</li></ol>
Jikako	<i>name</i><br><ol><li>Chicago (a large city in Illinois, United States)</li></ol>
Jipein	<i>name</i><br><ol><li>Spain</li></ol>
Jisōs	<i>name</i><br><ol><li>Jesus</li></ol>
Jitni	<i>name</i><br><ol><li>Sydney (the capital city of New South Wales, Australia, and the largest city in Australia)</li></ol>
Job	<i>name</i><br><ol><li>(bibilical) Job</li></ol>
Jon	<i>name</i><br><ol><li>(bibilical) John</li><li>(given name) John</li></ol>
Jortọn	<i>name</i><br><ol><li>Jordan (a country in Asia)</li></ol>
Ju	<i>name</i><br><ol><li>Judaism</li></ol><br><i>adj</i><br><ol><li>Jewish</li></ol>
Juda	<i>name</i><br><ol><li>(biblical, given name) Judah</li></ol>
Juiten	<i>name</i><br><ol><li>Sweden (a country in Europe)</li></ol>
Juje	<i>name</i><br><ol><li>Tuesday</li></ol>
Juun	<i>name</i><br><ol><li>June</li></ol>
Juļae|Juḷae	<i>name</i><br><ol><li>July</li></ol>
Jādede	<i>name</i><br><ol><li>Saturday</li></ol>
Jāina	<i>name</i><br><ol><li>China</li></ol>
Jāioon	<i>name</i><br><ol><li>Zion</li></ol>
Jāipaan	<i>name</i><br><ol><li>Saipan</li></ol>
Jālooj	<i>name</i><br><ol><li>Jaluit atoll</li></ol>
Jālwōj	<i>name</i><br><ol><li>Jaluit atoll</li></ol>
Jāmne	<i>name</i><br><ol><li>Germany</li></ol>
Jāmo̧|Jāmọ	<i>name</i><br><ol><li>Jemo island</li></ol>
Jānwōde	<i>name</i><br><ol><li>January</li></ol>
Kalboonea	<i>name</i><br><ol><li>California</li></ol>
Kanata	<i>name</i><br><ol><li>Canada (a country in North America)</li></ol>
Karoļāin|Karoḷāin	<i>name</i><br><ol><li>the Caroline Islands</li></ol>
Katlik	<i>noun</i><br><ol><li>a Roman Catholic</li></ol>
Kilbōt	<i>name</i><br><ol><li>Gilbert Islands</li><li>Kiribati</li></ol>
Kiuba	<i>name</i><br><ol><li>Cuba (an island and country in the Caribbean)</li></ol>
Kom̧le|Koṃle	<i>name</i><br><ol><li>Omelek islet, Kwajalein atoll</li><li>the name of a demon</li></ol>
Koļeiaat|Koḷeiaat	<i>name</i><br><ol><li>Goliath</li></ol>
Kraist	<i>name</i><br><ol><li>Christ</li></ol>
Kuajleen	<i>name</i><br><ol><li>Kwajalein atoll</li><li>Kwajalein, Kwajalein atoll</li></ol>
Kuam̧|Kuaṃ	<i>name</i><br><ol><li>Guam</li></ol>
Kujjae	<i>name</i><br><ol><li>Kosrae; Kusaie</li></ol>
Kuria	<i>name</i><br><ol><li>Korea</li></ol>
Kuwaam̧|Kuwaaṃ	<i>name</i><br><ol><li>Guam</li></ol>
Kuwajleen	<i>name</i><br><ol><li>Kwajalein atoll</li><li>Kwajalein, Kwajalein atoll</li></ol>
Kōjae	<i>name</i><br><ol><li>Kosrae; Kusaie</li></ol>
Kōle	<i>name</i><br><ol><li>Kili island</li></ol>
Kōn̄e-jekāān-eņ|Kōñe-jekāān-eṇ	<i>name</i><br><ol><li>Gugeegue or Gugegwe islet, Kwajalein atoll</li></ol>
Kūraij	<i>name</i><br><ol><li>Christ</li></ol>
Kūrijm̧ōj|Kūrijṃōj	<i>name</i><br><ol><li>Christmas</li></ol>
Kūrjin	<i>name</i><br><ol><li>Christianity</li><li>a church member in good standing</li></ol>
Lae	<i>name</i><br><ol><li>Lae atoll</li></ol>
Lebanon	<i>name</i><br><ol><li>Lebanon (a country in Asia)</li></ol>
Likiep	<i>name</i><br><ol><li>Likiep atoll</li></ol>
Likijjine	<i>name</i><br><ol><li>Illeginni islet, Kwajalein atoll</li></ol>
Luk	<i>name</i><br><ol><li>(bibilical, given name) Luke</li></ol>
Mark	<i>name</i><br><ol><li>(biblical, given name) Mark</li></ol>
Matu	<i>name</i><br><ol><li>(bibilical, given name) Matthew</li></ol>
Meik	<i>name</i><br><ol><li>Meck, Kwajalein atoll.</li></ol>
Mejatto	<i>name</i><br><ol><li>Mejatto islet, Kwajalein atoll</li></ol>
Mejjiko	<i>name</i><br><ol><li>Mexico</li></ol>
Meri	<i>name</i><br><ol><li>(bibilical, given name) Mary</li></ol>
Meri Magdalini	<i>name</i><br><ol><li>(bibilical) Mary Magdalene</li></ol>
Metwe	<i>name</i><br><ol><li>Midway.</li></ol>
Mile	<i>name</i><br><ol><li>Mili atoll.</li></ol>
Māe	<i>name</i><br><ol><li>May.</li></ol>
Mājeej	<i>name</i><br><ol><li>Mejit island.</li></ol>
Mājej	<i>name</i><br><ol><li>Mejit island.</li></ol>
Mājro	<i>name</i><br><ol><li>Majuro (an atoll, the capital city of the Marshall Islands)</li></ol>
M̧aaj|Ṃaaj	<i>name</i><br><ol><li>March</li></ol>
M̧adianna|Ṃadianna	<i>name</i><br><ol><li>the Mariana Islands</li></ol>
M̧aikronijia|Ṃaikronijia	<i>name</i><br><ol><li>Micronesia (greater region)</li></ol>
M̧ajeļ|Ṃajeḷ|Ṃajōḷ|M̧ajōļ	<i>name</i><br><ol><li>The Marshalls (Marshall Islands).</li></ol>
M̧ande|Ṃande	<i>name</i><br><ol><li>Monday.</li></ol>
M̧aļo-eļap|Ṃaḷo-eḷap	<i>name</i><br><ol><li>Maloelap atoll.</li></ol>
M̧aļoeļap|Ṃaḷoeḷap	<i>name</i><br><ol><li>Maloelap atoll.</li></ol>
M̧ōjlim|Ṃōjlim	<i>name</i><br><ol><li>Islam</li></ol><br><i>verb</i><br><ol><li>to believe in Islam; to be a Muslim</li></ol>
Nam̧dik|Naṃdik	<i>name</i><br><ol><li>Namdrik atoll; Namorik atoll.</li></ol>
Nam̧o|Naṃo	<i>name</i><br><ol><li>Namu atoll.</li></ol>
Nawōdo	<i>name</i><br><ol><li>Nauru.</li></ol>
Nibbon̄|Nibboñ	<i>name</i><br><ol><li>Japan.</li></ol>
Nim̧ur|Niṃur	<i>name</i><br><ol><li>Namur, Kwajalein atoll.</li></ol>
Nobōm̧ba|Nobōṃba	<i>name</i><br><ol><li>November.</li></ol>
Nopem̧ba|Nopeṃba	<i>name</i><br><ol><li>November.</li></ol>
Nujiiļōn|Nujiiḷōn	<i>name</i><br><ol><li>New Zealand</li></ol>
Nukne	<i>name</i><br><ol><li>New Guinea</li></ol>
Nuwio̧o̧k|Nuwiọọk	<i>name</i><br><ol><li>New York, New York City (the largest city in the state of New York, and the largest city in the United States)</li><li>New York (a state of the United States)</li></ol>
Nōļ|Nōḷ	<i>name</i><br><ol><li>Nell, Kwajalein atoll.</li></ol>
Oktoba	<i>name</i><br><ol><li>October</li></ol>
On̄kon̄|Oñkoñ	<i>name</i><br><ol><li>Hong Kong (a city, an island and special administrative region in southeastern China)</li></ol>
Orpāp	<i>name</i><br><ol><li>Little Bustard islet, Kwajalein atoll</li></ol>
O̧kwōj|Ọkwōj	<i>name</i><br><ol><li>August.</li></ol>
O̧kōnjo̧|Ọkōnjọ	<i>name</i><br><ol><li>Arkansas (a state of the United States)</li></ol>
Peljem̧|Peljeṃ	<i>name</i><br><ol><li>Belgium.</li></ol>
Pi En Ji	<i>name</i><br><ol><li>Papua New Guinea</li></ol>
Piji	<i>name</i><br><ol><li>Fiji</li></ol>
Pikaar	<i>name</i><br><ol><li>Bikar atoll.</li></ol>
Pikeej	<i>name</i><br><ol><li>Bigej, Kwajalein atoll.</li></ol>
Pikinni	<i>name</i><br><ol><li>Bikini atoll.</li></ol>
Pilipin	<i>name</i><br><ol><li>the Philippines.</li></ol>
Piter	<i>name</i><br><ol><li>(bibilical, given name) Peter</li></ol>
Pāpode	<i>name</i><br><ol><li>February.</li></ol>
Ratak	<i>name</i><br><ol><li>Ratak Chain.</li></ol>
Ri-Epatōn	<i>name</i><br><ol><li>a Marshallese clan name</li></ol>
Ri-Jelwōj	<i>name</i><br><ol><li>a Marshallese clan name</li></ol>
Ri-Kuwajleen	<i>name</i><br><ol><li>a Marshallese clan name</li></ol>
Ri-Wōjjā	<i>name</i><br><ol><li>a Marshallese clan name</li></ol>
Rilomo̧o̧r|Rilomọọr	<i>name</i><br><ol><li>the Savior</li><li>the Redeemer</li></ol>
Rilo̧mo̧o̧r|Rilọmọọr	<i>name</i><br><ol><li>the Savior</li><li>the Redeemer</li></ol>
Rojia	<i>name</i><br><ol><li>Russia.</li></ol>
Ron̄dik|Roñdik	<i>name</i><br><ol><li>Rongdrik atoll; Rongerik atoll.</li></ol>
Ron̄ļap|Roñḷap	<i>name</i><br><ol><li>Rongelap atoll.</li></ol>
RuWōjjā	<i>name</i><br><ol><li>a Marshallese clan name</li></ol>
Ruk	<i>name</i><br><ol><li>Chuuk; Truk.</li></ol>
Ruot	<i>name</i><br><ol><li>Roi, Kwajalein atoll.</li></ol>
Ruot im Nim̧ur|Ruot im Niṃur	<i>name</i><br><ol><li>Roi-Namur islet, Kwajalein atoll</li></ol>
Rut	<i>name</i><br><ol><li>(bibilical, given name) Ruth</li></ol>
Ruujia	<i>name</i><br><ol><li>Russia.</li></ol>
Rālik	<i>name</i><br><ol><li>Ralik Chain.</li></ol>
Taewan	<i>name</i><br><ol><li>Taiwan</li></ol>
Taije	<i>name</i><br><ol><li>Thursday.</li></ol>
Taiwan	<i>name</i><br><ol><li>Taiwan.</li></ol>
Teļap|Teḷap	<i>name</i><br><ol><li>Delap, Majuro atoll.</li></ol>
Tijem̧ba|Tijeṃba	<i>name</i><br><ol><li>December.</li></ol>
Tonga	<i>name</i><br><ol><li>Tonga (a country in Oceania)</li></ol>
Tubaļu|Tubaḷu	<i>name</i><br><ol><li>Tuvalu</li></ol>
Tōkā	<i>name</i><br><ol><li>Taka atoll; Toke atoll.</li></ol>
Ujae	<i>name</i><br><ol><li>Ujae atoll.</li></ol>
Ujlan̄|Ujlañ	<i>name</i><br><ol><li>Ujelang atoll.</li></ol>
Utrōk	<i>name</i><br><ol><li>Utirik atoll</li></ol>
Wōjjā	<i>name</i><br><ol><li>Wotje atoll</li></ol>
Wōnje	<i>name</i><br><ol><li>Wednesday</li></ol>
Wōtto	<i>name</i><br><ol><li>Wotho atoll.</li></ol>
Wūjae	<i>name</i><br><ol><li>Ujae atoll.</li></ol>
Wūjlan̄|Wūjlañ	<i>name</i><br><ol><li>Ujelang atoll.</li></ol>
Wūlka	<i>name</i><br><ol><li>Uliga, Majuro atoll.</li></ol>
aaet	<i>intj</i><br><ol><li>yes</li></ol>
aba	<i>noun</i><br><ol><li>a harbor.</li><li>an anchorage.</li><li>a port.</li></ol>
abba|abbain	<i>noun</i><br><ol><li>(alienable) dynamite</li></ol>
abōļ|abōḷin|abōḷ|kaabōļ|abōļin	<i>noun</i><br><ol><li>(alienable) an apple</li></ol>
addi	<i>noun</i><br><ol><li>a finger</li><li>a toe</li><li>finger-like gashes on an oceanside reef</li></ol>
aebōj	<i>noun</i><br><ol><li>well</li><li>drinking water; fresh water</li><li>a bottle of water</li><li>raining water</li></ol>
aej|aeji|kaaej|aejin|ri-kaaej	<i>noun</i><br><ol><li>ice</li><li>frost</li></ol>
aejkudiim|aejkudiimin	<i>noun</i><br><ol><li>ice cream</li></ol>
aejkudiim̧|aejkudiiṃ|aejkudiim̧in|aejkudiiṃin	<i>noun</i><br><ol><li>ice cream</li></ol>
aelōn̄|aelōn̄e|aelōñ|aelōñin|aelōn̄in|kaaelōn̄e|ri-aelōn̄	<i>noun</i><br><ol><li>land</li><li>country</li><li>island</li><li>atoll</li></ol>
aen|aenin	<i>noun</i><br><ol><li>an iron (a tool)</li><li>iron (metal)</li></ol><br><i>verb</i><br><ol><li>to iron</li></ol>
aet	<i>intj</i><br><ol><li>yes.</li></ol>
aij|kaaij|ri-kaaij|aijin|aiji	<i>noun</i><br><ol><li>ice</li><li>frost</li></ol>
aijkudiim|aijkudiimin	<i>noun</i><br><ol><li>ice cream</li></ol>
aijkudiim̧|aijkudiim̧in|aijkudiiṃin|aijkudiiṃ	<i>noun</i><br><ol><li>ice cream</li></ol>
aj	<i>noun</i><br><ol><li>liver</li><li>spleen</li></ol>
aje|ajein|ri-aje	<i>noun</i><br><ol><li>a drum</li></ol>
aji	<i>noun</i><br><ol><li>chopsticks</li></ol>
ak	<i>conj</i><br><ol><li>but</li><li>or</li></ol><br><i>prep</i><br><ol><li>but</li></ol><br><i>noun</i><br><ol><li>frigatebird</li></ol>
akjijen|akjijenin	<i>noun</i><br><ol><li>a scuba tank</li><li>oxygen</li></ol>
akwāāl	<i>noun</i><br><ol><li>a quarrel</li><li>an argument</li></ol><br><i>verb</i><br><ol><li>to quarrel</li><li>to argue</li></ol>
allōn̄|allōñ	<i>noun</i><br><ol><li>a month</li><li>the moon</li></ol>
am̧onika|aṃonikain|ri-am̧onika|ri-aṃonika|am̧onikain|aṃonika	<i>noun</i><br><ol><li>a harmonica</li></ol>
anidep	<i>noun</i><br><ol><li>ball, kickball</li><li>the traditional Marshallese game; ball made from pandanus leaves</li><li>the native Pandanus species in Marshall Islands</li></ol>
an̄|añ	<i>noun</i><br><ol><li>wind</li><li>breeze</li></ol>
aolep	<i>adj</i><br><ol><li>entire</li><li>total</li></ol><br><i>adv</i><br><ol><li>all</li></ol><br><i>conj</i><br><ol><li>both</li></ol><br><i>det</i><br><ol><li>all</li><li>total</li><li>both</li><li>every</li></ol><br><i>pron</i><br><ol><li>all</li><li>both</li></ol><br><i>noun</i><br><ol><li>total</li></ol><br><i>verb</i><br><ol><li>total</li></ol>
aoļōt|aoḷōt	<i>noun</i><br><ol><li>a double spotted queenfish (Scomberoides lysan)</li></ol>
aujpitōļ|aujpitōḷ	<i>noun</i><br><ol><li>a hospital</li></ol>
awa|awaan	<i>noun</i><br><ol><li>(alienable) an hour</li><li>(alienable) a clock</li><li>(alienable) time</li></ol>
aļ|aḷ	<i>noun</i><br><ol><li>the sun</li><li>a copra harvesting season</li></ol>
aļap|aḷap	<i>noun</i><br><ol><li>a lineage head</li><li>an uncle on the mother's side</li><li>old man (term of respect)</li></ol>
aļaļ|aḷaḷ	<i>noun</i><br><ol><li>a stick</li><li>wood</li><li>a plank</li><li>lumber</li><li>the meaty part of a clam</li></ol>
aļbapeet|aḷbapeet	<i>noun</i><br><ol><li>an alphabet</li></ol>
aļkita	<i>noun</i><br><ol><li>alligator</li><li>crocodile</li></ol>
baajikōļ|baajikōḷ	<i>noun</i><br><ol><li>bicycle</li></ol>
baajkōļ|baajkōḷ	<i>noun</i><br><ol><li>bicycle</li></ol>
baam̧|baam̧in|ri-baam̧|baaṃ|baaṃin|ri-baaṃ	<i>noun</i><br><ol><li>a bomb</li></ol>
baam̧le|baaṃle	<i>noun</i><br><ol><li>a family</li></ol>
baan̄ke|baañke	<i>noun</i><br><ol><li>a pumpkin</li><li>a squash</li><li>a calabash</li></ol>
baba	<i>noun</i><br><ol><li>father</li><li>daddy</li></ol>
babbūb	<i>noun</i><br><ol><li>butterfly; moth.</li></ol>
bae	<i>noun</i><br><ol><li>(Ratak) bamboo</li><li>a pie</li></ol>
baeoliin|ri-baeoliin|baeoliinin	<i>noun</i><br><ol><li>a violin</li></ol>
baeļ|baeḷ	<i>noun</i><br><ol><li>a file</li></ol>
baijin	<i>noun</i><br><ol><li>a poison</li><li>harmful substances (including radioactive contamination)</li><li>the discrediting of someone to gain another's favor or out of revenge</li></ol>
baiklaaj	<i>noun</i><br><ol><li>a telescope</li><li>binoculars</li><li>a spyglass</li></ol>
bait	<i>noun</i><br><ol><li>boxing</li></ol><br><i>verb</i><br><ol><li>hit</li><li>punch</li></ol>
baiļat|baiḷat	<i>noun</i><br><ol><li>a pilot</li></ol>
bajinjea	<i>noun</i><br><ol><li>a passenger</li></ol><br><i>verb</i><br><ol><li>to go as a passenger</li></ol>
bao	<i>noun</i><br><ol><li>bird</li><li>chicken</li><li>fowl</li></ol>
bar	<i>adj</i><br><ol><li>empty</li></ol><br><i>adv</i><br><ol><li>again</li><li>also</li><li>more</li></ol><br><i>det</i><br><ol><li>more</li></ol><br><i>noun</i><br><ol><li>head</li><li>rock</li><li>top; tip</li></ol>
barulep	<i>noun</i><br><ol><li>coconut crab</li></ol>
bata	<i>noun</i><br><ol><li>a priest</li></ol><br><i>verb</i><br><ol><li>to be a priest</li></ol>
baļebo̧o̧ļ|baḷebọọḷ	<i>noun</i><br><ol><li>volleyball</li></ol><br><i>verb</i><br><ol><li>to play volleyball</li></ol>
baļuun|baļuunin|ri-baļuun|baḷuun|baḷuunin	<i>noun</i><br><ol><li>an airplane</li></ol>
baļwūn|baḷwūnin|ri-baļwūn|baļwūnin|baḷwūn	<i>noun</i><br><ol><li>an airplane</li></ol>
boea	<i>noun</i><br><ol><li>an adolescent</li><li>a youngster</li><li>a kid</li><li>a delinquent</li><li>a rascal</li></ol>
bojin	<i>noun</i><br><ol><li>a boatswain</li></ol>
bok|bokin	<i>noun</i><br><ol><li>blister</li><li>chicken pox</li><li>bladder</li><li>book</li><li>sand</li><li>sandspit</li><li>sandbar</li></ol>
bon̄|boñ	<i>noun</i><br><ol><li>night</li><li>last night</li></ol>
boraan̄|boraañ	<i>noun</i><br><ol><li>a manta ray</li><li>a stingray</li></ol>
bou	<i>noun</i><br><ol><li>a dragonfly</li></ol>
boub	<i>noun</i><br><ol><li>a dragonfly</li></ol>
bouk	<i>noun</i><br><ol><li>a dragonfly</li></ol>
bo̧kutan̄|bọkutañ	<i>noun</i><br><ol><li>a bomb</li><li>dynamite</li></ol>
bujeen̄|bujeeñ	<i>noun</i><br><ol><li>a balloon</li></ol>
bujentōm̧a|bujentōṃa	<i>noun</i><br><ol><li>a balloon</li></ol>
bukun	<i>noun</i><br><ol><li>a grove</li><li>a cluster</li><li>a forest</li></ol>
bukun iju	<i>noun</i><br><ol><li>a constellation</li></ol>
bukwabok	<i>noun</i><br><ol><li>(Ratak) a cut</li><li>(Ratak) a slit</li><li>(Ratak) an incision</li><li>(Ratak) surgery</li></ol><br><i>verb</i><br><ol><li>(Ratak) to cut</li><li>(Ratak) to slit</li></ol>
bukwi	<i>adj</i><br><ol><li>hundreds of</li></ol><br><i>noun</i><br><ol><li>a grove</li><li>a cluster</li><li>a forest</li></ol>
buoj	<i>noun</i><br><ol><li>(archaic) chief's land</li><li>(archaic) capital</li><li>(archaic) navigation "knot" where two waves meet</li></ol>
buum̧|buuṃ	<i>noun</i><br><ol><li>(nautical) a boom</li></ol>
buwae	<i>noun</i><br><ol><li>a buoy</li><li>a waitress</li><li>a waiter</li><li>a servant</li><li>a cabin boy</li></ol><br><i>verb</i><br><ol><li>to serve</li></ol>
buwaj	<i>noun</i><br><ol><li>a spot</li><li>a bruise</li><li>a halfbeak (Hemiramphus depauperatus)</li></ol>
bwe	<i>conj</i><br><ol><li>so that</li><li>because</li></ol><br><i>noun</i><br><ol><li>leftover</li><li>remainder</li><li>balance</li><li>excess</li><li>odd</li><li>residual</li><li>residue</li><li>surplus</li><li>result of divination</li><li>forecast</li><li>knot in divination</li></ol><br><i>verb</i><br><ol><li>enough</li><li>sufficient</li><li>adequate</li><li>decent</li><li>fair</li></ol>
bweetkōn|bweetkōnin|bbweetkōnkōn	<i>noun</i><br><ol><li>(alienable) discouragement</li></ol><br><i>verb</i><br><ol><li>to be discouraged</li><li>to give up hope</li></ol>
bweo|bweoan	<i>noun</i><br><ol><li>a pile of husks near a husking stick</li></ol>
bwiaea|bwiaeaan	<i>noun</i><br><ol><li>fish roe</li></ol>
bwiin|bwiin	<i>noun</i><br><ol><li>a smell</li><li>an odor</li></ol><br><i>verb</i><br><ol><li>to smell</li></ol>
bwij	<i>noun</i><br><ol><li>a lineage</li><li>a crowd</li><li>a family</li><li>a tribe</li></ol>
bwijuwe	<i>noun</i><br><ol><li>a dune</li><li>a lump</li></ol><br><i>verb</i><br><ol><li>to be uneven</li></ol>
bwilijmāāņ|bwilijmāāṇ	<i>noun</i><br><ol><li>police</li><li>guard</li></ol>
bwiro	<i>noun</i><br><ol><li>fermented preserved breadfruit</li></ol>
bōjin	<i>noun</i><br><ol><li>a virgin</li><li>a nun</li></ol>
bōk	<i>verb</i><br><ol><li>bring</li><li>capture</li><li>carry</li><li>get; acquire, obtain, receive</li><li>occupy</li><li>subtract</li><li>take</li><li>to get late in the day, to become night around someone or something</li></ol>
bōkāro	<i>intj</i><br><ol><li>stupid! dumbass!</li></ol>
bōta	<i>noun</i><br><ol><li>butter</li></ol>
bōļeak|bōḷeak|bōļeakin|bōḷeakin	<i>noun</i><br><ol><li>a flag</li><li>an ensign</li></ol>
bōļāāk|bōḷāākin|bōļāākin|bōḷāāk	<i>noun</i><br><ol><li>a flag</li><li>an ensign</li></ol>
būrawūn	<i>noun</i><br><ol><li>the color brown</li></ol>
būreej	<i>noun</i><br><ol><li>a biscuit</li><li>a cracker</li></ol>
būreejtōn	<i>noun</i><br><ol><li>president</li><li>prime minister</li></ol>
būro̧k|būrọk	<i>noun</i><br><ol><li>a frog</li></ol>
būroṃōj	<i>adj</i><br><ol><li>sad, sadness</li><li>sorrow</li></ol><br><i>intj</i><br><ol><li>sorry</li></ol><br><i>noun</i><br><ol><li>grief</li><li>pity</li></ol><br><i>verb</i><br><ol><li>bereave</li><li>mourn</li><li>pity</li></ol>
būrōrō	<i>verb</i><br><ol><li>red</li></ol>
būtbọọḷ	<i>noun</i><br><ol><li>football</li></ol>
būtbọọḷ in Amedka	<i>noun</i><br><ol><li>American football</li></ol>
būtbọọḷ in Aujtōrōlia	<i>noun</i><br><ol><li>Australian rules football</li></ol>
būton̄|būtoñin|būtoñ|būton̄in	<i>noun</i><br><ol><li>a mattress.</li></ol>
būton̄ton̄|būtoñtoñ	<i>verb</i><br><ol><li>to sleep on a mattress</li></ol>
būttiwaļ|būttiwaḷ|būttiwaļin	<i>noun</i><br><ol><li>a small sandworm</li></ol>
būļajtiik|būḷajtiik	<i>noun</i><br><ol><li>plastic</li></ol>
būļan̄kōj|būḷañkōj	<i>noun</i><br><ol><li>a blanket</li></ol>
būļu|būḷu	<i>noun</i><br><ol><li>bluing</li><li>the color blue</li><li>influenza; the flu</li></ol><br><i>verb</i><br><ol><li>to have influenza; to have the flu</li></ol>
būļāwūt|būḷāwūt	<i>noun</i><br><ol><li>plywood</li></ol>
bọọḷ	<i>noun</i><br><ol><li>ball</li></ol>
bọọḷ in pājkōt	<i>noun</i><br><ol><li>basketball</li></ol>
da	<i>noun</i><br><ol><li>blood</li></ol>
dak	<i>noun</i><br><ol><li>a duck</li></ol>
debweiu	<i>noun</i><br><ol><li>a group of sprouted coconuts past the eating stage.</li></ol>
deo̧|deọ	<i>verb</i><br><ol><li>to be beautiful (of women)</li></ol>
diaka	<i>noun</i><br><ol><li>a push cart</li></ol>
diin̄ko|diiñko	<i>noun</i><br><ol><li>phosphate</li></ol>
dik	<i>verb</i><br><ol><li>small</li><li>young</li><li>little</li></ol>
ditōb	<i>verb</i><br><ol><li>dark</li><li>black</li></ol><br><i>noun</i><br><ol><li>the dark</li><li>the color black</li></ol>
diwōj	<i>verb</i><br><ol><li>(intransitive) to get out</li><li>(intransitive) to go out</li><li>(intransitive) to exit</li><li>(intransitive) to secede</li><li>(intransitive) to be discharged</li><li>(intransitive) to export</li></ol>
drakon	<i>noun</i><br><ol><li>dragon</li></ol>
duoj	<i>verb</i><br><ol><li>(intransitive) to get out</li><li>(intransitive) to go out</li><li>(intransitive) to exit</li><li>(intransitive) to secede</li><li>(intransitive) to be discharged</li><li>(intransitive) to export</li></ol>
dān|dānnin	<i>noun</i><br><ol><li>water, liquid, fluid</li><li>beverage</li><li>juice</li></ol>
dāp	<i>noun</i><br><ol><li>a large black moray eel (Gymnothorax)</li></ol>
eakeak|eakeake	<i>noun</i><br><ol><li>a skin ulcer</li><li>a ghost</li><li>a monster</li><li>a hobgoblin</li></ol>
eakeake	<i>verb</i><br><ol><li>distributive of eakeak</li></ol>
eakto|eaktuwe|ākūtwe	<i>verb</i><br><ol><li>to discharge</li><li>to unload</li></ol>
eaktuwe	<i>verb</i><br><ol><li>(intransitive, transitive) discharge</li><li>(intransitive, transitive) unload</li></ol>
ean̄|ean̄in|eañin|eañ	<i>noun</i><br><ol><li>north.</li><li>a snail shell of Lentigo lentiginosus or of Tricornis.</li><li>urination, of a child.</li></ol><br><i>verb</i><br><ol><li>to urinate, of a child.</li></ol>
eaļ|eaḷ	<i>noun</i><br><ol><li>coconut milk</li></ol>
ed	<i>verb</i><br><ol><li>(archaic) to become red, of leaves</li></ol>
ek|ik	<i>noun</i><br><ol><li>fish</li></ol>
em	<i>conj</i><br><ol><li>and</li></ol>
emān	<i>num</i><br><ol><li>four.</li></ol>
em̧m̧an|eṃṃan	<i>verb</i><br><ol><li>(Rālik) good</li><li>(Rālik) cute</li><li>(Rālik) favorable</li><li>(Rālik) fine</li><li>(Rālik) grand</li><li>(Rālik) nice</li><li>(Rālik) choice</li><li>(Rālik) opportune</li><li>(Rālik) pleasing</li><li>(Rālik) great</li></ol><br><i>phrase</i><br><ol><li>it is good</li><li>it is cute</li><li>it is favorable</li><li>it is fine</li><li>it is grand</li><li>it is nice</li><li>it is choice</li><li>it is opportune</li><li>it is pleasing</li><li>it is great</li></ol>
ene	<i>noun</i><br><ol><li>an atoll islet</li><li>an island</li><li>land</li><li>directional, enclitic, islandward or shoreward</li></ol>
enjeļ|enjeḷ	<i>noun</i><br><ol><li>an angel</li></ol>
en̄oul|eñoul	<i>num</i><br><ol><li>forty.</li></ol>
eok	<i>pron</i><br><ol><li>you (singular); thou.</li></ol>
eo̧n̄|eọñ	<i>verb</i><br><ol><li>(intransitive) to sprout</li><li>(intransitive) to grow</li></ol>
eo̧n̄wōd|eọñwōd	<i>verb</i><br><ol><li>to fish; to go fishing</li></ol>
eo̧n̄ōd|eọñōd	<i>verb</i><br><ol><li>to fish; to go fishing</li></ol>
eo̧r|eọr	<i>noun</i><br><ol><li>an oyster</li></ol>
erm̧we|erṃween|erm̧ween|erṃwe	<i>noun</i><br><ol><li>relatives</li><li>family</li><li>kin</li></ol>
etal	<i>verb</i><br><ol><li>to go</li></ol>
ewan	<i>noun</i><br><ol><li>a time for being engaged in special activity</li></ol>
eļbōn|eḷbōn	<i>noun</i><br><ol><li>an elephant</li></ol>
eōō	<i>noun</i><br><ol><li>red lionfish (Pterois volitans)</li><li>zebra turkeyfish; zebra lionfish (Dendrochirus zebra)</li></ol>
grep	<i>noun</i><br><ol><li>grape; raisin</li><li>vine</li><li>vineyard</li></ol>
iaam̧|iaaṃ	<i>noun</i><br><ol><li>yam</li></ol>
iakiakwe	<i>verb</i><br><ol><li>to greet</li><li>to bid farewell to</li></ol>
iakiu|iakiuin	<i>noun</i><br><ol><li>baseball (sport)</li></ol>
iakwe	<i>intj</i><br><ol><li>hello</li><li>goodbye</li></ol><br><i>noun</i><br><ol><li>love</li><li>greet</li><li>sympathy</li></ol><br><i>verb</i><br><ol><li>to greet</li><li>to love</li><li>to bid farewell</li><li>to sympathize</li></ol>
iakwāāl	<i>noun</i><br><ol><li>a quarrel</li><li>an argument</li></ol><br><i>verb</i><br><ol><li>to quarrel</li><li>to argue</li></ol>
iaļ|iaḷ	<i>noun</i><br><ol><li>road; path; way</li><li>street</li></ol>
iaļo|iaḷo	<i>verb</i><br><ol><li>to be yellow</li></ol>
ibbuku	<i>verb</i><br><ol><li>to take a break; to rest</li></ol>
ibkij	<i>noun</i><br><ol><li>(western dialect) trevally (Caranx stellatus)</li></ol>
idaak	<i>verb</i><br><ol><li>(intransitive) to drink</li></ol>
iia|iiaeae	<i>noun</i><br><ol><li>rainbow</li></ol>
iiaeae	<i>verb</i><br><ol><li>distributive of iia</li><li>rainbow-colored</li></ol>
iiaieo	<i>noun</i><br><ol><li>a reunion</li></ol>
iiaļ|iiaḷ	<i>noun</i><br><ol><li>(Rālik) road; path; way</li><li>(Rālik) street</li></ol>
iiaļan̄e|iiaḷañe	<i>noun</i><br><ol><li>a moonrise</li></ol>
iiaļo|iiaḷo	<i>verb</i><br><ol><li>(Rālik) to be yellow</li></ol>
iij	<i>noun</i><br><ol><li>yeast</li><li>a yeast beverage</li></ol>
iiāekwōj	<i>verb</i><br><ol><li>(Rālik) to race</li></ol>
iiāio	<i>noun</i><br><ol><li>a reunion</li></ol>
iju	<i>noun</i><br><ol><li>star</li><li>comet</li><li>planet</li></ol>
ikbwij	<i>noun</i><br><ol><li>(western dialect) trevally (Caranx stellatus)</li></ol>
illu	<i>adj</i><br><ol><li>angry, anger, mad</li></ol>
ilo	<i>prep</i><br><ol><li>(Rālik) at</li><li>(Rālik) in</li><li>(Ratak) at</li><li>(Ratak) in</li></ol>
ilowa	<i>prep</i><br><ol><li>inside; within</li></ol>
im	<i>conj</i><br><ol><li>and</li></ol><br><i>noun</i><br><ol><li>a skirmish</li><li>a bout</li><li>a brawl</li><li>a duel</li><li>a riot</li><li>a hassle</li></ol>
in	<i>prep</i><br><ol><li>to</li><li>of</li><li>from</li><li>for</li></ol><br><i>noun</i><br><ol><li>grass skirt</li></ol><br><i>pron</i><br><ol><li>this (thing close to us both)</li><li>demonstrative, first person inclusive singular</li></ol>
indeeo	<i>adj</i><br><ol><li>forever</li></ol>
in̄|iñ	<i>adj</i><br><ol><li>angry, upset</li></ol><br><i>noun</i><br><ol><li>spine (of fish)</li></ol>
io̧kio̧kwe|iọkiọkwe	<i>verb</i><br><ol><li>to greet</li><li>to bid farewell to</li></ol>
io̧kwe|io̧kwein|iọkwe|iọkwein	<i>intj</i><br><ol><li>hello</li><li>goodbye</li></ol><br><i>noun</i><br><ol><li>love</li><li>greet</li><li>sympathy</li></ol><br><i>verb</i><br><ol><li>to greet</li><li>to love</li><li>to bid farewell</li><li>to sympathize</li></ol>
io̧o̧t|iọọt	<i>noun</i><br><ol><li>a yacht</li></ol>
irooj|iroojin	<i>noun</i><br><ol><li>a chief</li><li>a king</li></ol>
irwōj	<i>noun</i><br><ol><li>a chief</li><li>a king</li></ol>
iu	<i>noun</i><br><ol><li>coconut</li></ol>
iuun|iuunin	<i>noun</i><br><ol><li>(alienable) a push</li><li>(alienable) a poke</li><li>(alienable) a boost</li></ol>
iuwi	<i>noun</i><br><ol><li>(Rālik) the smell of cooking fish</li><li>(Rālik) deliciousness (of fish)</li></ol><br><i>verb</i><br><ol><li>(Rālik) to be delicious (of fish)</li></ol>
iuwōta	<i>adj</i><br><ol><li>cautious</li><li>danger; peril</li><li>vulnerable</li></ol><br><i>noun</i><br><ol><li>caution</li><li>hesitation</li><li>wariness</li><li>vulnerability</li></ol><br><i>verb</i><br><ol><li>to be wary; to be cautious</li></ol>
iāekwōj	<i>verb</i><br><ol><li>to race</li></ol>
iōn̄|iōñ|iōn̄in|iōñin	<i>noun</i><br><ol><li>north</li></ol>
jaab	<i>intj</i><br><ol><li>no</li></ol>
jaajmi	<i>noun</i><br><ol><li>raw fish</li></ol>
jaam̧|jaaṃ	<i>noun</i><br><ol><li>jam</li><li>jelly</li></ol>
jaat	<i>noun</i><br><ol><li>shot of whiskey</li><li>chart</li></ol>
jab	<i>adj</i><br><ol><li>full of, fully</li></ol><br><i>adv</i><br><ol><li>not ... the</li></ol><br><i>noun</i><br><ol><li>direction</li></ol>
jabjab	<i>verb</i><br><ol><li>be short of</li><li>run out; out to reach</li></ol>
jabwi	<i>noun</i><br><ol><li>(archaic) taboo</li></ol>
jabōn	<i>noun</i><br><ol><li>point</li><li>corner</li><li>at the end of</li><li>extreme</li><li>tip of</li><li>serpent</li><li>snake</li><li>viper</li></ol>
jabōt	<i>noun</i><br><ol><li>shepherd</li></ol>
jabōļ|jabōḷ	<i>noun</i><br><ol><li>shovel</li></ol>
jaidin̄|jaidiñ	<i>noun</i><br><ol><li>siren</li></ol>
jaij	<i>noun</i><br><ol><li>size</li></ol>
jain	<i>noun</i><br><ol><li>a sign</li></ol>
jaintiij	<i>noun</i><br><ol><li>a scientist</li></ol>
jaki	<i>noun</i><br><ol><li>mat.</li></ol>
jakkūramen	<i>noun</i><br><ol><li>a sacrament</li></ol>
jakōļ|jakōḷ	<i>noun</i><br><ol><li>handcuffs</li><li>shackles</li></ol>
jam̧ōņ|jaṃōṇ	<i>noun</i><br><ol><li>salmon</li></ol>
jan̄|jañ	<i>verb</i><br><ol><li>to cry, to weep</li><li>to lament, to mourn</li></ol>
jan̄ij|jañij	<i>noun</i><br><ol><li>a jellyfish</li></ol>
jan̄in̄i|jañiñi	<i>noun</i><br><ol><li>a sleeping mat</li></ol>
jarom|jaromin	<i>noun</i><br><ol><li>electricity</li><li>lightning</li><li>electric shock</li><li>a punch</li><li>a hit</li></ol>
jatiin	<i>noun</i><br><ol><li>sardines (Clupeidae)</li></ol>
jatiraito	<i>noun</i><br><ol><li>a searchlight</li><li>a beacon</li></ol>
jauwi	<i>verb</i><br><ol><li>not delicious (of fish)</li></ol>
jaņtōj|jaṇtōj	<i>noun</i><br><ol><li>(grammar) a sentence</li></ol>
je	<i>noun</i><br><ol><li>abdomen</li><li>stomach</li><li>innard</li></ol>
jeb	<i>verb</i><br><ol><li>to reach, to get to, to arrive</li></ol>
jebkwanwūjo̧|jebkwanwūjọ	<i>noun</i><br><ol><li>coconut oil used for frying</li></ol>
jebwa	<i>noun</i><br><ol><li>a Marshallese stick dance</li></ol>
jedo̧ujij|jedọujij	<i>noun</i><br><ol><li>trousers</li><li>pants</li></ol>
jedpānit	<i>noun</i><br><ol><li>serpent</li><li>snake</li></ol>
jeen	<i>noun</i><br><ol><li>a chain</li></ol>
jeeļ|jeeḷ	<i>noun</i><br><ol><li>a cell, biological</li></ol>
jelba|jelbain	<i>noun</i><br><ol><li>silver</li></ol>
jemānāe	<i>noun</i><br><ol><li>example</li><li>model</li><li>charter; constitution</li><li>prototype</li><li>origin</li><li>template</li></ol>
jem̧ar|jeṃar	<i>noun</i><br><ol><li>summer</li><li>a summer vacation</li></ol>
jendik	<i>noun</i><br><ol><li>a young chicken</li></ol>
jennade	<i>verb</i><br><ol><li>to calculate</li></ol>
jera	<i>noun</i><br><ol><li>a squirrelfish (Holocentrus, Myripristis)</li><li>a friend</li></ol>
jerbal	<i>noun</i><br><ol><li>work</li><li>an affair</li><li>a career</li><li>a chore</li><li>a deed</li><li>duty</li><li>employment</li><li>an enterprise</li><li>a project</li><li>a function</li><li>a task</li><li>an undertaking</li><li>labor</li><li>a use</li><li>an occupation</li><li>an operation</li><li>a service</li></ol><br><i>verb</i><br><ol><li>to work</li><li>to employ</li><li>to function</li><li>to task</li><li>to undertake</li><li>to labor</li><li>to use</li><li>to operate</li><li>to serve</li><li>to do</li></ol>
jerā|jera|ri-jerā	<i>verb</i><br><ol><li>to befriend</li></ol>
jet	<i>det</i><br><ol><li>few, a few others; several</li><li>some</li></ol><br><i>verb</i><br><ol><li>spin</li></ol>
jetjet	<i>verb</i><br><ol><li>spin</li><li>spin out of control</li><li>spin around in circles; to spiral</li></ol>
jibuki	<i>num</i><br><ol><li>one hundred</li></ol>
jibukwi	<i>num</i><br><ol><li>one hundred</li></ol>
jiij|jiijin	<i>noun</i><br><ol><li>cheese</li></ol>
jiip	<i>noun</i><br><ol><li>a jeep</li><li>a sheep</li></ol>
jiipip	<i>verb</i><br><ol><li>to drive a jeep</li></ol>
jijilimjuon	<i>num</i><br><ol><li>(archaic) seven</li></ol>
jijāj	<i>noun</i><br><ol><li>shears</li><li>scissors</li></ol><br><i>verb</i><br><ol><li>to cut with scissors</li></ol>
jikakōḷ	<i>adj</i><br><ol><li>to be gay (used for men only)</li></ol><br><i>noun</i><br><ol><li>male homosexuality</li><li>a gay man</li></ol>
jikka	<i>noun</i><br><ol><li>a cigarette</li></ol>
jikuuļ|jikuuḷ	<i>noun</i><br><ol><li>a school</li></ol><br><i>verb</i><br><ol><li>to school</li><li>to teach</li></ol>
jiljilimjuon	<i>num</i><br><ol><li>(archaic) seven</li></ol>
jiljilimjuonn̄oul|jiljilimjuonñoul	<i>num</i><br><ol><li>(archaic) seventy</li></ol>
jiljino	<i>num</i><br><ol><li>six</li></ol>
jiljinon̄oul|jiljinoñoul	<i>num</i><br><ol><li>sixty</li></ol>
jiljinōn̄n̄oul|jiljinōññoul	<i>num</i><br><ol><li>sixty</li></ol>
jiln̄uul|jilñuul	<i>num</i><br><ol><li>thirty</li></ol>
jilu	<i>num</i><br><ol><li>three</li></ol>
jimeeņ|jimeeṇ	<i>noun</i><br><ol><li>cement</li><li>concrete</li></ol>
jimjuon	<i>num</i><br><ol><li>seven</li></ol>
jimjuon̄oul|jimjuoñoul	<i>num</i><br><ol><li>seventy</li></ol>
jimāāņ|jimāāṇ	<i>noun</i><br><ol><li>cement</li><li>concrete</li></ol>
jito̧kin|jitọkin	<i>noun</i><br><ol><li>socks</li></ol>
jitūūl|jitūūlin	<i>noun</i><br><ol><li>steel</li><li>a magnet</li></ol>
joiu	<i>noun</i><br><ol><li>soy sauce</li><li>shoyu</li></ol>
jojo|jojoin	<i>noun</i><br><ol><li>a chick</li><li>a flying fish</li></ol>
jok	<i>verb</i><br><ol><li>to land</li><li>to alight</li><li>to perch</li></ol>
jon̄oul|joñoul	<i>num</i><br><ol><li>ten</li></ol>
joob|joobin	<i>noun</i><br><ol><li>soap</li></ol>
jourur	<i>noun</i><br><ol><li>thunder</li><li>a Moorish idol (fish)</li><li>an insect</li></ol><br><i>verb</i><br><ol><li>to thunder</li></ol>
jowapin	<i>noun</i><br><ol><li>(Ratak) cockroach</li><li>cricket</li></ol>
jowi	<i>noun</i><br><ol><li>clan; matrilineal kin</li><li>race</li></ol>
jo̧jej|jọjej	<i>noun</i><br><ol><li>sausage</li></ol>
jo̧kleej|jọkleej	<i>noun</i><br><ol><li>chocolate</li><li>candy</li></ol>
jo̧o̧ļ|jo̧o̧ļin|jọọḷ	<i>noun</i><br><ol><li>salt</li></ol>
jo̧uwi|jọuwi	<i>verb</i><br><ol><li>not delicious (of fish)</li></ol>
juga	<i>noun</i><br><ol><li>(old orthography) sugar</li></ol>
jukuuļ|jukuuḷ	<i>noun</i><br><ol><li>a school</li></ol><br><i>verb</i><br><ol><li>to school</li><li>to teach</li></ol>
jukwa|jukwain	<i>noun</i><br><ol><li>sugar</li></ol>
jukweea|jukweeain	<i>noun</i><br><ol><li>a square</li></ol>
juon	<i>num</i><br><ol><li>one.</li></ol><br><i>noun</i><br><ol><li>one.</li><li>other.</li></ol><br><i>pron</i><br><ol><li>somebody; someone.</li></ol>
jurbak|ri-jurbak	<i>noun</i><br><ol><li>the jitterbug (dance)</li><li>a tap dance</li></ol><br><i>verb</i><br><ol><li>to jitterbug (dance)</li><li>to tap dance</li></ol>
jure	<i>noun</i><br><ol><li>a barracuda (Sphyraena forsteri)</li></ol>
jurub|jurubin	<i>noun</i><br><ol><li>syrup</li></ol>
juub|juubin	<i>noun</i><br><ol><li>soup</li><li>stew</li></ol>
juuj	<i>noun</i><br><ol><li>shoes</li><li>a hoof</li></ol>
juwapen	<i>noun</i><br><ol><li>(Ratak) cockroach</li><li>cricket</li></ol>
juwapin	<i>noun</i><br><ol><li>(Ratak) cockroach</li><li>cricket</li></ol>
jāidin̄|jāidiñ	<i>noun</i><br><ol><li>siren</li></ol>
jāij	<i>noun</i><br><ol><li>size</li></ol>
jāj	<i>noun</i><br><ol><li>a snapper (Lutjanus flavipes)</li><li>(law) a judge</li></ol><br><i>verb</i><br><ol><li>(law) to judge</li></ol>
jāje	<i>noun</i><br><ol><li>a long knife</li><li>a sword</li><li>a machete</li><li>a bayonet</li></ol>
jālele	<i>noun</i><br><ol><li>a meat course</li><li>sauce</li><li>gravy</li></ol>
jāndik	<i>noun</i><br><ol><li>a young chicken</li></ol>
jānij	<i>verb</i><br><ol><li>trade</li><li>exchange</li><li>switch; swap</li><li>make change</li></ol>
jāntōj	<i>noun</i><br><ol><li>(grammar) a sentence</li></ol>
jāān	<i>noun</i><br><ol><li>cent(s)</li><li>money</li><li>finance</li><li>a fund</li></ol>
jāānwūj	<i>noun</i><br><ol><li>sandwich</li></ol>
jōkar	<i>noun</i><br><ol><li>soccer</li></ol>
kaab	<i>noun</i><br><ol><li>a gaff</li><li>a curve</li></ol>
kaaj	<i>noun</i><br><ol><li>playing cards</li></ol>
kaar|kaarin	<i>noun</i><br><ol><li>a car</li></ol>
kaarar	<i>verb</i><br><ol><li>to drive a car</li></ol>
kaj|kajin	<i>noun</i><br><ol><li>idiom</li><li>language</li><li>motto</li><li>pun</li><li>saying</li><li>slang</li><li>slogan</li><li>jargon</li><li>lingo</li></ol>
kajin Areb	<i>name</i><br><ol><li>Arabic</li></ol>
kajin Awai	<i>name</i><br><ol><li>Hawaiian</li></ol>
kajin Boonpe	<i>name</i><br><ol><li>Pohnpeian</li></ol>
kajin Bōļao	<i>name</i><br><ol><li>Palauan</li></ol>
kajin Būranij	<i>name</i><br><ol><li>French</li></ol>
kajin Grik	<i>name</i><br><ol><li>Greek</li></ol>
kajin Hibru	<i>name</i><br><ol><li>Hebrew</li></ol>
kajin Iaab	<i>name</i><br><ol><li>Yapese</li></ol>
kajin Intia	<i>name</i><br><ol><li>Hindi</li><li>the languages of India</li></ol>
kajin In̄len	<i>name</i><br><ol><li>English</li></ol>
kajin In̄lij	<i>name</i><br><ol><li>English</li></ol>
kajin Itali	<i>name</i><br><ol><li>Italian</li></ol>
kajin Jeina	<i>name</i><br><ol><li>Chinese</li></ol>
kajin Jepaan	<i>name</i><br><ol><li>Japanese</li></ol>
kajin Jipein	<i>name</i><br><ol><li>Spanish</li></ol>
kajin Jāmne	<i>name</i><br><ol><li>German</li></ol>
kajin Kilbōt	<i>name</i><br><ol><li>Gilbertese</li></ol>
kajin Kuam̧	<i>name</i><br><ol><li>Chamorro</li></ol>
kajin Kuria	<i>name</i><br><ol><li>Korean</li></ol>
kajin Kōjae	<i>name</i><br><ol><li>Kosraean</li></ol>
kajin M̧ajeļ|kajin Ṃajeḷ	<i>noun</i><br><ol><li>Marshallese language</li></ol>
kajin Nawōdo	<i>name</i><br><ol><li>Nauruan</li></ol>
kajin Pi En Ji	<i>name</i><br><ol><li>Tok Pisin</li><li>one of the languages of Papua New Guinea</li></ol>
kajin Piji	<i>name</i><br><ol><li>Fijian</li></ol>
kajin Pilipin	<i>name</i><br><ol><li>Tagalog</li><li>one of the languages of the Philippines</li></ol>
kajin Ruk	<i>name</i><br><ol><li>Chuukese</li></ol>
kajin Tubaļu	<i>name</i><br><ol><li>Tuvaluan</li></ol>
kajji	<i>noun</i><br><ol><li>a baseball catcher</li></ol>
kako	<i>noun</i><br><ol><li>a rooster; a cock</li><li>(vulgar, slang) ejaculating prematurely during sexual intercourse (of a male)</li></ol><br><i>verb</i><br><ol><li>(vulgar, slang) to ejaculate prematurely during sexual intercourse (of a male)</li></ol>
kameļ|kameḷ	<i>noun</i><br><ol><li>a camel</li></ol>
kam̧bōj|kaṃbōj	<i>noun</i><br><ol><li>a compass</li></ol>
kam̧putōr|kaṃputōr	<i>noun</i><br><ol><li>a computer</li></ol>
kan	<i>verb</i><br><ol><li>(transitive) to eat</li></ol>
kanbōj	<i>noun</i><br><ol><li>canvas</li></ol>
kanniōk|kanniōkin	<i>noun</i><br><ol><li>meat</li><li>flesh</li></ol>
kanniōkin kau	<i>noun</i><br><ol><li>beef</li></ol>
kanniōkin piik	<i>noun</i><br><ol><li>pork</li></ol>
kapel	<i>noun</i><br><ol><li>a fork</li></ol>
kapen	<i>noun</i><br><ol><li>a captain</li><li>an officer of high rank</li></ol>
kapilōn̄|ri-kapilōn̄|kapilōñ	<i>noun</i><br><ol><li>the western sky</li><li>the Caroline Islands</li><li>the Mariana Islands</li></ol>
kapjer|kapjerin	<i>noun</i><br><ol><li>a mirror</li></ol>
kapjor|kapjorin	<i>noun</i><br><ol><li>a mirror</li></ol>
kapwor	<i>noun</i><br><ol><li>a giant clam shell</li></ol>
kare	<i>noun</i><br><ol><li>curry.</li></ol>
karjin	<i>noun</i><br><ol><li>kerosene</li></ol>
katiin	<i>noun</i><br><ol><li>curtain</li><li>drape</li></ol>
katiin̄|katiiñ	<i>noun</i><br><ol><li>curtain</li><li>drape</li></ol>
katin	<i>noun</i><br><ol><li>carton</li></ol>
katkijm̧uuj|katkijṃuuj	<i>noun</i><br><ol><li>catechism</li></ol>
katļo̧k|katḷọkin|katļo̧kin|katḷọk	<i>noun</i><br><ol><li>catalogue</li></ol>
kau|kauin	<i>noun</i><br><ol><li>cow</li><li>beef</li></ol>
kaubowe|kaubowein	<i>noun</i><br><ol><li>a cowboy</li></ol>
kañ	<i>verb</i><br><ol><li>(transitive) to eat</li></ol>
kaṃōṇōṇō	<i>adj</i><br><ol><li>amuse</li><li>happy; pleasant</li><li>jolly, jovial, merry</li><li>lively</li></ol><br><i>verb</i><br><ol><li>entertain</li></ol>
keepran̄|keeprañ	<i>noun</i><br><ol><li>(Musa sapientum)</li><li>a banana.</li></ol>
kena	<i>noun</i><br><ol><li>Gehenna; hell</li></ol>
kengarū	<i>noun</i><br><ol><li>kangaroo</li></ol>
kiaaj	<i>noun</i><br><ol><li>gasoline</li><li>a baseball catcher</li></ol>
kiaj	<i>noun</i><br><ol><li>gasoline</li><li>a baseball catcher</li></ol>
kideddelbwij	<i>noun</i><br><ol><li>a moray eel (Gymnothorax rupelli/petelli Myrichthys bleekeri)</li></ol>
kidu|kiduin|kiduun	<i>verb</i><br><ol><li>dog</li></ol>
kiduun lo̧jet|kiduun lọjet	<i>noun</i><br><ol><li>a walrus</li></ol>
kieo	<i>adj</i><br><ol><li>orange colored</li></ol><br><i>noun</i><br><ol><li>the color orange</li></ol>
kiin̄|kiiñ|kiiñin|kiin̄in	<i>noun</i><br><ol><li>a king</li></ol>
kij	<i>noun</i><br><ol><li>louse; flea</li><li>bug</li><li>bacteria, germ</li><li>parasite</li></ol>
kijdik	<i>noun</i><br><ol><li>mouse</li><li>rat</li></ol>
kijeek	<i>noun</i><br><ol><li>a fire</li></ol>
kil|kilin	<i>noun</i><br><ol><li>skin</li></ol>
kilaaj	<i>noun</i><br><ol><li>a mirror</li><li>glass (material)</li><li>a class</li><li>a category</li></ol><br><i>verb</i><br><ol><li>to be in a class</li></ol>
kilaj	<i>noun</i><br><ol><li>a mirror</li><li>glass (material)</li><li>a class</li><li>a category</li></ol><br><i>verb</i><br><ol><li>to be in a class</li></ol>
kilin kau	<i>noun</i><br><ol><li>leather</li></ol>
kilmeej	<i>noun</i><br><ol><li>the color black</li><li>the color gray or grey, of dark clouds</li></ol><br><i>verb</i><br><ol><li>to be black</li><li>to be gray or grey, of dark clouds</li></ol>
kilmir	<i>noun</i><br><ol><li>the color red</li></ol><br><i>verb</i><br><ol><li>to be red</li></ol>
kimej	<i>noun</i><br><ol><li>a coconut palm frond</li></ol>
kio	<i>adj</i><br><ol><li>orange colored</li></ol><br><i>noun</i><br><ol><li>the color orange</li></ol>
kior|kiorin	<i>noun</i><br><ol><li>a storm</li></ol>
kipilōn̄|kipilōñ|ri-kipilōn̄	<i>noun</i><br><ol><li>the western sky</li><li>the Caroline Islands</li><li>the Mariana Islands</li></ol>
kito	<i>noun</i><br><ol><li>ringworm</li><li>fungus</li></ol><br><i>verb</i><br><ol><li>to have ringworm</li><li>to have fungus</li></ol>
kiudi	<i>noun</i><br><ol><li>a cucumber</li></ol>
kiur|kiurin	<i>noun</i><br><ol><li>a storm</li></ol>
koala	<i>noun</i><br><ol><li>koala</li></ol>
koba	<i>verb</i><br><ol><li>to add</li><li>to cohabit</li><li>to put together</li><li>to get together</li><li>to betroth</li><li>to combine</li><li>to be engaged</li><li>to incorporate</li><li>to integrate</li><li>to involve</li><li>to join</li><li>to be merged</li><li>to mingle</li><li>plus</li><li>sum</li><li>to be unified</li><li>to unite</li></ol><br><i>noun</i><br><ol><li>(Rālik) bamboo</li></ol>
koko	<i>noun</i><br><ol><li>mahi-mahi; common dolphinfish (Coryphaena hippurus)</li><li>cocoa; chocolate</li></ol>
kokōro	<i>noun</i><br><ol><li>the mind</li></ol>
kom̧|koṃ	<i>pron</i><br><ol><li>you (plural)</li></ol>
kom̧m̧ool|koṃṃool	<i>intj</i><br><ol><li>thank you</li></ol>
koot	<i>noun</i><br><ol><li>a goat</li></ol>
korap	<i>noun</i><br><ol><li>gecko</li></ol>
kotin	<i>noun</i><br><ol><li>cotton</li></ol>
kotōl	<i>noun</i><br><ol><li>Indian almond tree (Terminalia catappa)</li></ol>
koļeiaat|koḷeiaat	<i>noun</i><br><ol><li>preserved breadfruit, boiled or baked without wrapping</li></ol><br><i>verb</i><br><ol><li>to be nude</li><li>to be shirtless</li><li>to be bare</li></ol>
ko̧kwe|kọkwe	<i>noun</i><br><ol><li>a parrot</li></ol>
ko̧o̧j|kọọj	<i>noun</i><br><ol><li>a blanket</li></ol>
ko̧o̧joj|kọọjoj	<i>verb</i><br><ol><li>to use a blanket</li></ol>
ko̧o̧n|kọọn	<i>noun</i><br><ol><li>corn; maize</li></ol>
ko̧pe|kọpe	<i>noun</i><br><ol><li>coffee</li></ol>
kuriļa|kuriḷa	<i>noun</i><br><ol><li>gorilla</li></ol>
kurm̧a|kurṃa	<i>noun</i><br><ol><li>a cart</li><li>a wagon</li></ol><br><i>verb</i><br><ol><li>to haul by cart or wagon</li></ol>
kurob	<i>noun</i><br><ol><li>a baseball glove</li></ol>
kuuj|kuujin	<i>noun</i><br><ol><li>a cat</li></ol>
kuum̧|kuum̧in|kuuṃ|kuuṃin	<i>noun</i><br><ol><li>a comb</li></ol>
kuum̧um̧|kuuṃuṃ	<i>noun</i><br><ol><li>combing</li></ol><br><i>verb</i><br><ol><li>to use a comb</li></ol>
kuwaj	<i>noun</i><br><ol><li>a halfbeak (Hemiramphus depauperatus)</li></ol>
kuļuļ|kuḷuḷ	<i>noun</i><br><ol><li>(Rālik) cockroach</li></ol>
kwarkwar	<i>noun</i><br><ol><li>a sardine (Sardinella)</li></ol>
kwaļm̧we|kwaḷṃwe	<i>verb</i><br><ol><li>to fall prematurely (of coconuts)</li></ol>
kweet|kweetin	<i>noun</i><br><ol><li>octopus</li></ol>
kwiin|kwiinin	<i>noun</i><br><ol><li>a queen</li></ol>
kwōle	<i>verb</i><br><ol><li>(Rālik) to be hungry</li><li>(Rālik) to be starved</li><li>(Rālik) to be underfed</li><li>(Rālik) to be undernourished</li><li>(Rālik) to be famished</li></ol><br><i>noun</i><br><ol><li>a kernel</li><li>a fruit</li><li>a seed</li><li>a nut</li><li>a testicle</li><li>a berry</li></ol>
kwōlej	<i>noun</i><br><ol><li>the Pacific golden plover, Pluvialis fulva</li></ol>
kāpin	<i>noun</i><br><ol><li>a cabin</li></ol>
kāāntōļ|kāāntōḷ	<i>noun</i><br><ol><li>a candle.</li><li>a fish.</li></ol>
kāān̄|kāāñ	<i>noun</i><br><ol><li>a gang</li></ol>
kōba	<i>noun</i><br><ol><li>copper (metal)</li><li>(slang) an old flame</li><li>(slang) an easy woman</li></ol>
kōbaatat	<i>verb</i><br><ol><li>to smoke (cigarettes and so forth)</li></ol>
kōjjeb	<i>noun</i><br><ol><li>ketchup; catsup</li></ol>
kōjwad	<i>noun</i><br><ol><li>a flock of birds</li></ol>
kōjām	<i>noun</i><br><ol><li>door; doorway</li><li>entrance</li><li>gate</li></ol>
kōm	<i>pron</i><br><ol><li>we (exclusive)</li></ol>
kōmālij	<i>noun</i><br><ol><li>a brain</li><li>mashed taro or potato</li></ol>
kōrā|kōrāin|kōrein	<i>noun</i><br><ol><li>a woman</li><li>a female</li><li>an effeminate person</li><li>a lady</li></ol>
kōtrāāk	<i>noun</i><br><ol><li>a cataract</li><li>a waterfall</li></ol>
kōtōmānlimpok	<i>noun</i><br><ol><li>a shrub with red flowers (Bougainvillea × buttiana)</li></ol>
kōōb	<i>noun</i><br><ol><li>a curve</li></ol>
kūm̧ake|kūṃake	<i>noun</i><br><ol><li>a gull</li></ol>
kūrawūn|kūrawūnin	<i>noun</i><br><ol><li>a crown</li><li>a corona</li><li>a ground wire</li></ol>
kūre	<i>adj</i><br><ol><li>gray</li></ol><br><i>noun</i><br><ol><li>the color gray</li></ol>
kūreep	<i>noun</i><br><ol><li>a grape</li></ol>
kūrepe	<i>noun</i><br><ol><li>gravy</li></ol>
kūriij	<i>noun</i><br><ol><li>grease</li><li>fat (of meat)</li><li>blubber</li><li>lard</li></ol>
kūriin	<i>adj</i><br><ol><li>green</li></ol><br><i>noun</i><br><ol><li>the color green</li></ol>
kūro	<i>noun</i><br><ol><li>a crew</li></ol>
kūru	<i>noun</i><br><ol><li>a crew</li></ol>
kūta|ri-kūta|kūtain	<i>noun</i><br><ol><li>(alienable) a guitar</li></ol><br><i>verb</i><br><ol><li>(intransitive) to play the guitar</li></ol>
laion	<i>noun</i><br><ol><li>lion</li></ol>
lan̄|lañ	<i>noun</i><br><ol><li>sky</li><li>heaven</li><li>weather</li></ol>
lelejkakkak	<i>verb</i><br><ol><li>to laugh</li></ol>
lemn̄oul|lemñoul	<i>num</i><br><ol><li>fifty</li></ol>
lerooj|leroojin	<i>noun</i><br><ol><li>a daughter of a queen</li><li>a high chieftess</li><li>a queen</li></ol>
leṃōṇōṇō	<i>adj</i><br><ol><li>cheerful</li><li>jolly, jovial, merry</li></ol><br><i>noun</i><br><ol><li>happiness</li></ol>
libwetōr	<i>noun</i><br><ol><li>dimples</li></ol>
liele	<i>noun</i><br><ol><li>a lagoon triggerfish; a humuhumunukunukuapuaa</li></ol>
lijjo̧o̧n|lijjọọn	<i>noun</i><br><ol><li>a gal</li><li>a dame</li></ol>
likjab	<i>adj</i><br><ol><li>less than</li></ol><br><i>noun</i><br><ol><li>deficit</li><li>due, liability</li><li>moron</li></ol><br><i>verb</i><br><ol><li>fall short of</li><li>fail</li><li>too late; not reach to</li><li>owe, debt</li></ol>
lilu	<i>adj</i><br><ol><li>angry, anger, mad</li><li>displeased</li><li>fury</li></ol><br><i>verb</i><br><ol><li>offended</li><li>provoked; rile</li><li>scold; bawl out</li></ol>
lomo̧o̧r|lomọọr|ri-lomo̧o̧r	<i>verb</i><br><ol><li>to save</li><li>to rescue</li><li>to redeem</li></ol>
lo̧jet|lọjet	<i>noun</i><br><ol><li>ocean</li><li>sea</li></ol>
lo̧lo̧|lo̧lo̧in|lọlọin|lọlọ	<i>noun</i><br><ol><li>a hen</li></ol>
lo̧mo̧o̧r|lọmọọr|ri-lo̧mo̧o̧r	<i>verb</i><br><ol><li>to save</li><li>to rescue</li><li>to redeem</li></ol>
lūbōntōr	<i>noun</i><br><ol><li>dimples</li></ol>
lọkwa	<i>adj</i><br><ol><li>hind</li><li>after</li></ol><br><i>adv</i><br><ol><li>after; behind</li></ol><br><i>prep</i><br><ol><li>behind</li></ol><br><i>noun</i><br><ol><li>tail</li><li>bottom</li></ol><br><i>verb</i><br><ol><li>bottom</li></ol>
mar	<i>noun</i><br><ol><li>a bush</li><li>a shrub</li><li>a boondock</li><li>a thicket</li></ol>
maroro	<i>adj</i><br><ol><li>green colored</li></ol><br><i>noun</i><br><ol><li>the color green</li></ol>
mat	<i>adj</i><br><ol><li>full (after eating), satiated</li><li>cooked</li></ol>
mej|mij	<i>adj</i><br><ol><li>dead</li><li>numb</li><li>sick; sickness</li></ol><br><i>adv</i><br><ol><li>dead</li></ol><br><i>noun</i><br><ol><li>death</li><li>disease; ill, illness</li><li>plague</li></ol><br><i>verb</i><br><ol><li>die</li><li>wrath</li></ol>
mejatoto|mejatotoin	<i>noun</i><br><ol><li>air</li><li>atmosphere</li><li>climate</li><li>possession by ghosts</li><li>space</li></ol><br><i>verb</i><br><ol><li>(intransitive) to be possessed by ghosts</li></ol>
metak	<i>verb</i><br><ol><li>to ache</li></ol><br><i>adj</i><br><ol><li>hurt, sore, painful</li></ol>
mijel	<i>adj</i><br><ol><li>thick (of clouds)</li></ol>
milik	<i>noun</i><br><ol><li>milk</li><li>cream</li></ol>
mir	<i>adj</i><br><ol><li>red, of reddish coconuts or the sky</li></ol><br><i>noun</i><br><ol><li>the color red, of reddish coconuts or the sky</li></ol>
mouj	<i>adj</i><br><ol><li>white</li></ol>
mour|mourin	<i>verb</i><br><ol><li>to live</li><li>to exist</li></ol><br><i>noun</i><br><ol><li>life; existence</li></ol><br><i>adj</i><br><ol><li>alive</li></ol>
mā	<i>noun</i><br><ol><li>breadfruit.</li></ol>
mādke	<i>noun</i><br><ol><li>venereal disease</li></ol>
māj	<i>noun</i><br><ol><li>eye</li><li>face</li><li>cutting edge</li><li>lid, opening (of any container)</li></ol>
mājur	<i>verb</i><br><ol><li>to sleep</li></ol><br><i>adj</i><br><ol><li>asleep</li></ol>
mānnueaļ|mānnueaḷ	<i>noun</i><br><ol><li>a lizard</li></ol>
m̧akneet|ṃakneet	<i>noun</i><br><ol><li>a magnet</li></ol>
m̧akōni|ṃakōni	<i>noun</i><br><ol><li>mahogany</li></ol>
m̧am̧a|ṃaṃa	<i>noun</i><br><ol><li>mother</li><li>momma</li></ol>
m̧am̧ōj|m̧am̧ōjin|ṃaṃōj	<i>noun</i><br><ol><li>black carbon on lantern chimney, used to blacken tattoos</li></ol>
m̧aōkōni|ṃaōkōni	<i>noun</i><br><ol><li>mahogany</li></ol>
m̧m̧an|rūm̧m̧an|ṃṃan	<i>adj</i><br><ol><li>good</li><li>cute</li><li>favorable</li><li>fine</li><li>grand</li><li>nice</li><li>choice</li><li>opportune</li><li>pleasing</li><li>great</li></ol>
m̧ool|ṃool	<i>adj</i><br><ol><li>true</li><li>right</li><li>correct</li><li>realistic</li><li>loyal</li><li>sincere</li><li>sure</li><li>faithful</li><li>frank</li><li>honest</li></ol><br><i>noun</i><br><ol><li>truth</li><li>fact</li></ol>
m̧upi|ṃupi	<i>noun</i><br><ol><li>a movie; a film</li></ol>
m̧uļe|m̧uļein|ṃuḷein|ṃuḷe	<i>noun</i><br><ol><li>The Micronesian imperial pigeon, (Ducula oceanica)</li></ol>
m̧weiuk|ṃweiukin|m̧weiukin|ṃweiuk	<i>noun</i><br><ol><li>goods</li><li>provisions</li><li>wealth</li><li>gifts</li><li>baggage</li><li>cargo</li><li>equipment</li><li>merchandise</li><li>property</li></ol>
m̧wian̄|ṃwiañin|m̧wian̄in|ṃwiañ	<i>noun</i><br><ol><li>a major branch of a tree and its contents</li></ol>
m̧wijm̧wij|ṃwijṃwij	<i>noun</i><br><ol><li>(Rālik) a cut</li><li>(Rālik) a slit</li><li>(Rālik) an incision</li><li>(Rālik) surgery</li></ol><br><i>verb</i><br><ol><li>(Rālik) to cut</li><li>(Rālik) to slit</li></ol>
m̧winam̧ōn|ṃwinaṃōn	<i>noun</i><br><ol><li>a caterpillar</li></ol>
m̧ōjm̧ōj|ṃōjṃōj	<i>noun</i><br><ol><li>(Rālik) a cut</li><li>(Rālik) a slit</li><li>(Rālik) an incision</li><li>(Rālik) surgery</li></ol><br><i>verb</i><br><ol><li>(Rālik) to cut</li><li>(Rālik) to slit</li></ol>
m̧ōm̧|ṃōṃ	<i>adj</i><br><ol><li>lusty</li></ol>
m̧ōm̧an|ṃōṃan	<i>adj</i><br><ol><li>(Ratak) good</li><li>(Ratak) cute</li><li>(Ratak) favorable</li><li>(Ratak) fine</li><li>(Ratak) grand</li><li>(Ratak) nice</li><li>(Ratak) choice</li><li>(Ratak) opportune</li><li>(Ratak) pleasing</li><li>(Ratak) great</li></ol>
m̧ōm̧ōj|ṃōṃōj	<i>verb</i><br><ol><li>to vomit</li></ol><br><i>noun</i><br><ol><li>vomit</li><li>spit, saliva</li></ol>
m̧ōn̄ā|ṃōñā	<i>noun</i><br><ol><li>food, meal</li><li>diet, nutrition</li></ol><br><i>verb</i><br><ol><li>(intransitive) to eat</li><li>to erode</li></ol>
m̧ūrar|ṃūrar	<i>adj</i><br><ol><li>reddish color</li></ol>
naaj|nāj	<i>verb</i><br><ol><li>will be</li><li>Future tense marker.</li><li>shall</li></ol>
naan	<i>noun</i><br><ol><li>word</li></ol>
nabōj	<i>adj</i><br><ol><li>exterior</li></ol><br><i>prep</i><br><ol><li>outside</li></ol><br><i>verb</i><br><ol><li>open air</li></ol>
nam̧|naṃ	<i>noun</i><br><ol><li>a secondary lagoon</li></ol>
nana	<i>adj</i><br><ol><li>bad</li><li>wicked</li><li>evil</li><li>inedible</li></ol>
nañinmej	<i>adj</i><br><ol><li>ailing</li><li>sick; sickness</li></ol><br><i>noun</i><br><ol><li>disease; ill, illness</li><li>plague</li><li>pregnant</li></ol><br><i>verb</i><br><ol><li>to feel sick</li></ol>
ni	<i>noun</i><br><ol><li>coconut tree</li></ol>
niiļ|niiḷ	<i>noun</i><br><ol><li>a needle</li><li>a straight pin</li></ol>
nitijeļā|nitijeḷā	<i>noun</i><br><ol><li>a lawmaking body.</li><li>a legislature.</li></ol>
nitōļ|nitōḷ	<i>noun</i><br><ol><li>a needle.</li></ol>
nuuj	<i>noun</i><br><ol><li>news.</li></ol>
nuujpeba	<i>noun</i><br><ol><li>a newspaper.</li></ol>
nōt	<i>noun</i><br><ol><li>squid</li></ol>
n̄e|ñe	<i>prep</i><br><ol><li>if</li><li>when</li></ol><br><i>noun</i><br><ol><li>a reef separate from main reef</li></ol>
n̄i|ñi	<i>noun</i><br><ol><li>a tooth</li><li>a fang</li></ol>
n̄iitwa|ñiitwa	<i>noun</i><br><ol><li>a bigeye barracuda (Sphyraena forsteri)</li></ol>
n̄ituwa|ñituwa	<i>noun</i><br><ol><li>a bigeye barracuda (Sphyraena forsteri)</li></ol>
obwin|obwinin	<i>noun</i><br><ol><li>a stove</li><li>an oven</li></ol>
oja	<i>noun</i><br><ol><li>tea</li></ol>
ok	<i>noun</i><br><ol><li>fish net.</li><li>netting.</li><li>screen; sieve.</li></ol>
om̧|oṃ	<i>noun</i><br><ol><li>hermit crab</li></ol>
om̧rawūn|oṃrawūn	<i>noun</i><br><ol><li>(baseball) a home run</li></ol>
opiem̧|opieṃ	<i>noun</i><br><ol><li>opium</li></ol>
opij	<i>noun</i><br><ol><li>an office</li></ol>
oran	<i>noun</i><br><ol><li>an orange.</li></ol>
oteeļ|oteeḷ	<i>noun</i><br><ol><li>a hotel</li></ol>
otemjej	<i>adj</i><br><ol><li>all; every.</li></ol>
otemjeļo̧k|otemjeḷọk	<i>adj</i><br><ol><li>all; every.</li></ol>
otobai	<i>noun</i><br><ol><li>a scooter</li><li>a motorcycle</li><li>a motorbike</li></ol>
oļeo̧|oḷeọ	<i>verb</i><br><ol><li>to be beautiful</li></ol>
oļip|oḷip	<i>noun</i><br><ol><li>a wolf</li></ol>
o̧b|ọb	<i>noun</i><br><ol><li>a pier</li><li>a wharf</li><li>a berth</li><li>a dock</li></ol>
o̧kwōn|ọkwōn|o̧kwōnin|ri-o̧kwōn|ọkwōnin	<i>noun</i><br><ol><li>an organ (musical instrument)</li></ol><br><i>verb</i><br><ol><li>to play the organ</li></ol>
o̧o̧j|o̧o̧jin|ọọj|ọọjin	<i>noun</i><br><ol><li>horse</li></ol>
o̧o̧jo̧j|ọọjọj	<i>noun</i><br><ol><li>horseriding</li></ol><br><i>verb</i><br><ol><li>to ride a horse</li></ol>
o̧waj|ọwajin|ọwaj|o̧wajin	<i>noun</i><br><ol><li>horse</li></ol>
pako	<i>noun</i><br><ol><li>a shark (general term for the type of fish)</li></ol>
pat	<i>noun</i><br><ol><li>swamp</li></ol>
peba	<i>noun</i><br><ol><li>paper</li><li>a card</li><li>a pepper (Capsicum)</li><li>pepper (Piperaceae)</li></ol>
pedam̧wijm̧wij|pedaṃwijṃwij	<i>noun</i><br><ol><li>something deafening</li><li>something resounding</li></ol><br><i>verb</i><br><ol><li>to be deafening</li><li>to be resounding</li></ol>
pedan̄otn̄ot|pedañotñot	<i>noun</i><br><ol><li>something deafening</li><li>something resounding</li></ol><br><i>verb</i><br><ol><li>to be deafening</li><li>to be resounding</li></ol>
pedan̄utn̄ut|pedañutñut	<i>noun</i><br><ol><li>something deafening</li><li>something resounding</li></ol><br><i>verb</i><br><ol><li>to be deafening</li><li>to be resounding</li></ol>
pedan̄wūjn̄wūj|pedañwūjñwūj	<i>noun</i><br><ol><li>something deafening</li><li>something resounding</li></ol><br><i>verb</i><br><ol><li>to be deafening</li><li>to be resounding</li></ol>
peejnej	<i>noun</i><br><ol><li>business</li><li>cheating</li></ol>
pein	<i>noun</i><br><ol><li>arm, hand</li><li>wing</li></ol>
peinabōļ|peinabōḷ	<i>noun</i><br><ol><li>a pineapple</li></ol>
penkō|penkōin	<i>noun</i><br><ol><li>vinegar</li></ol>
pepa	<i>noun</i><br><ol><li>pepper (Piperaceae)</li><li>a pepper (Capsicum)</li></ol>
peptaij	<i>noun</i><br><ol><li>baptism</li></ol>
peran	<i>adj</i><br><ol><li>brave, courageous, bold</li><li>heroic</li><li>loud, noisy</li></ol>
pero	<i>noun</i><br><ol><li>pharaoh</li></ol>
petkōj	<i>noun</i><br><ol><li>a biscuit</li><li>a cracker</li></ol>
pi	<i>noun</i><br><ol><li>bee</li></ol>
pia|piain	<i>noun</i><br><ol><li>fish roe</li><li>beer</li></ol>
piaea	<i>noun</i><br><ol><li>fish roe</li></ol>
piano|pianoin|ri-piano	<i>noun</i><br><ol><li>a piano</li></ol><br><i>verb</i><br><ol><li>to play the piano</li></ol>
piik	<i>noun</i><br><ol><li>a pig</li><li>a hog</li><li>pork</li></ol>
piin̄|piiñ	<i>noun</i><br><ol><li>the color pink</li></ol>
pijin	<i>noun</i><br><ol><li>pidgin</li></ol><br><i>verb</i><br><ol><li>to be pidgin</li></ol>
pik|pikin	<i>noun</i><br><ol><li>a plane surface</li><li>a layer</li><li>a stratum</li></ol><br><i>verb</i><br><ol><li>to fly</li></ol>
pikin	<i>adj</i><br><ol><li>flat, of land only</li></ol>
pikōļ|pikōḷ	<i>noun</i><br><ol><li>a pickle; a pickled cucumber</li></ol>
pilawā	<i>noun</i><br><ol><li>flour</li><li>bread</li><li>dough</li></ol>
piliet	<i>noun</i><br><ol><li>billiards</li><li>pool (game)</li></ol><br><i>verb</i><br><ol><li>to play billiards</li><li>to play pool</li></ol>
pinana	<i>noun</i><br><ol><li>a banana.</li></ol>
pinjeļ|pinjeḷ	<i>noun</i><br><ol><li>a pencil</li></ol>
pinneep	<i>noun</i><br><ol><li>coconut oil</li></ol>
pinniep	<i>noun</i><br><ol><li>coconut oil</li></ol>
pinōt	<i>noun</i><br><ol><li>peanut</li></ol>
piolōt	<i>noun</i><br><ol><li>the color violet</li></ol>
pirōk	<i>noun</i><br><ol><li>a concrete block</li><li>a brick</li></ol>
piteto	<i>noun</i><br><ol><li>sweet potato</li><li>potato</li></ol>
piwūj	<i>noun</i><br><ol><li>a fuse</li></ol>
pukwōj	<i>noun</i><br><ol><li>mishap</li></ol><br><i>verb</i><br><ol><li>(intransitive, transitive) to make someone confused</li></ol>
pā	<i>noun</i><br><ol><li>arm; hand</li><li>wing</li><li>fin</li></ol>
pājkōt	<i>noun</i><br><ol><li>basketball</li></ol>
pāār|pāārin	<i>noun</i><br><ol><li>a bear</li></ol>
raan	<i>noun</i><br><ol><li>day; date</li></ol><br><i>prep</i><br><ol><li>on top of</li></ol>
raij|raijin	<i>noun</i><br><ol><li>rice</li></ol>
raj	<i>noun</i><br><ol><li>whale</li></ol>
rak	<i>noun</i><br><ol><li>south</li><li>summer</li></ol>
ralitōk	<i>num</i><br><ol><li>eight.</li></ol>
rapit	<i>noun</i><br><ol><li>a rabbit</li><li>(Arno) a bird</li></ol>
ratimjuon	<i>num</i><br><ol><li>nine.</li></ol>
rañ	<i>noun</i><br><ol><li>duck</li></ol>
reba	<i>noun</i><br><ol><li>a river</li></ol>
rej	<i>pron</i><br><ol><li>they (progressive)</li></ol>
ri-Aelok	<i>noun</i><br><ol><li>a person from Ailuk atoll</li></ol>
ri-Aelōn̄ļapļap|ri-Aelōñḷapḷap	<i>noun</i><br><ol><li>a person from Ailinglaplap atoll</li></ol>
ri-Amedka	<i>noun</i><br><ol><li>a person from the United States; an American</li></ol>
ri-Arņo|ri-Arṇo	<i>noun</i><br><ol><li>a person from Arno atoll</li></ol>
ri-Aujtōrōlia	<i>noun</i><br><ol><li>an Australian</li></ol>
ri-Aur	<i>noun</i><br><ol><li>a person from Aur atoll</li></ol>
ri-Awai	<i>noun</i><br><ol><li>a Hawaiian</li></ol>
ri-Boonpe	<i>noun</i><br><ol><li>a Pohnpeian; a Ponapean</li></ol>
ri-Bōļao|ri-Bōḷao	<i>noun</i><br><ol><li>a Palauan</li></ol>
ri-Bōļau|ri-Bōḷau	<i>noun</i><br><ol><li>a Palauan</li></ol>
ri-Būranij	<i>noun</i><br><ol><li>a French person; a Frenchman</li></ol>
ri-Eijia	<i>noun</i><br><ol><li>an Asian</li></ol>
ri-Ellep	<i>noun</i><br><ol><li>a person from Lib island</li></ol>
ri-Epatōn	<i>noun</i><br><ol><li>a person from Ebadon, Kwajalein atoll</li></ol>
ri-Epoon	<i>noun</i><br><ol><li>a person from Ebon atoll</li></ol>
ri-Iaab	<i>noun</i><br><ol><li>a Yapese person</li></ol>
ri-Intia	<i>noun</i><br><ol><li>a person from India; an Indian</li></ol>
ri-Intiia	<i>noun</i><br><ol><li>a person from India; an Indian</li></ol>
ri-In̄len|ri-Iñlen	<i>noun</i><br><ol><li>an English person; an Englishman</li></ol>
ri-In̄lij|ri-Iñlij	<i>noun</i><br><ol><li>an English person; an Englishman</li></ol>
ri-Jaina	<i>noun</i><br><ol><li>a Chinese person</li></ol>
ri-Jam̧uwa|ri-Jaṃuwa	<i>noun</i><br><ol><li>a Samoan</li></ol>
ri-Jeina	<i>noun</i><br><ol><li>a Chinese person</li></ol>
ri-Jepaan	<i>noun</i><br><ol><li>a Japanese person</li></ol>
ri-Jipein	<i>noun</i><br><ol><li>a Spaniard</li></ol>
ri-Ju	<i>name</i><br><ol><li>a Jew</li></ol>
ri-Jāina	<i>noun</i><br><ol><li>a Chinese person</li></ol>
ri-Jālwōj	<i>noun</i><br><ol><li>a person from Jaluit atoll</li></ol>
ri-Jāmne	<i>noun</i><br><ol><li>a German</li></ol>
ri-Kilbōt	<i>noun</i><br><ol><li>a person from Kiribati</li><li>a Gilbertese person</li></ol>
ri-Kujjae	<i>noun</i><br><ol><li>a Kosraean</li></ol>
ri-Kuria	<i>noun</i><br><ol><li>a Korean</li></ol>
ri-Kuwajleen	<i>noun</i><br><ol><li>a person from Kwajalein atoll</li></ol>
ri-Kōjae	<i>noun</i><br><ol><li>a Kosraean</li></ol>
ri-Kūrjin	<i>name</i><br><ol><li>a Christian</li></ol>
ri-Mejjiko	<i>noun</i><br><ol><li>a Mexican</li></ol>
ri-Mile	<i>noun</i><br><ol><li>a person from Mili atoll</li></ol>
ri-Mājej	<i>noun</i><br><ol><li>a person from Mejit island</li></ol>
ri-Mājro	<i>noun</i><br><ol><li>a person from Majuro atoll</li></ol>
ri-M̧ajeļ|ri-Ṃajeḷ	<i>noun</i><br><ol><li>a Marshallese person</li></ol>
ri-M̧aļoeļap|ri-Ṃaḷoeḷap	<i>noun</i><br><ol><li>a person from Maloelap atoll</li></ol>
ri-M̧ōjlim|ri-Ṃōjlim	<i>noun</i><br><ol><li>a Muslim</li></ol>
ri-Nam̧dik|ri-Naṃdik	<i>noun</i><br><ol><li>a person from Namdrik atoll; a person from Namorik atoll</li></ol>
ri-Nam̧o|ri-Naṃo	<i>noun</i><br><ol><li>a person from Namu atoll</li></ol>
ri-Nawōdo	<i>noun</i><br><ol><li>a Nauruan</li></ol>
ri-Nibbon̄|ri-Nibboñ	<i>noun</i><br><ol><li>a Japanese person</li></ol>
ri-Nujiiļōn|ri-Nujiiḷōn	<i>noun</i><br><ol><li>a New Zealander</li></ol>
ri-Nukne	<i>noun</i><br><ol><li>a New Guinean</li></ol>
ri-O̧kōnjo̧|ri-Ọkōnjọ	<i>noun</i><br><ol><li>a person from Arkansas; an Arkansan; an Arkansawyer; an Arkanite</li></ol>
ri-Pi En Ji|ri Pi En Ji	<i>noun</i><br><ol><li>a Papua New Guinean</li></ol>
ri-Piji	<i>noun</i><br><ol><li>a Fijian</li></ol>
ri-Pikinni	<i>noun</i><br><ol><li>a person from Bikini atoll; a Bikinian</li></ol>
ri-Pilipin	<i>noun</i><br><ol><li>a person from the Philippines; a Filipino or Filipina</li></ol>
ri-Ratak	<i>noun</i><br><ol><li>a person from Ratak Chain</li></ol>
ri-Rojia	<i>noun</i><br><ol><li>a Russian</li></ol>
ri-Ron̄ļap|ri-Roñḷap	<i>noun</i><br><ol><li>a person from Rongelap atoll</li></ol>
ri-Ruk	<i>noun</i><br><ol><li>a Chuukese person</li></ol>
ri-Rālik	<i>noun</i><br><ol><li>a person from Ralik Chain</li></ol>
ri-Taewan	<i>noun</i><br><ol><li>a Taiwanese person</li></ol>
ri-Taiwan	<i>noun</i><br><ol><li>a Taiwanese person</li></ol>
ri-Tubaļu|ri-Tubaḷu	<i>noun</i><br><ol><li>a Tuvaluan</li></ol>
ri-Ujae	<i>noun</i><br><ol><li>a person from Ujae atoll</li></ol>
ri-Utrōk	<i>noun</i><br><ol><li>a person from Utirik atoll</li></ol>
ri-Wōjjā	<i>noun</i><br><ol><li>a person from Wotje atoll</li></ol>
ri-Wōtto	<i>noun</i><br><ol><li>a person from Wotho atoll</li></ol>
ri-aje	<i>noun</i><br><ol><li>a drummer</li></ol>
ri-am̧onika|ri-aṃonika	<i>noun</i><br><ol><li>a harmonica player</li></ol>
ri-baam̧|ri-baaṃ	<i>noun</i><br><ol><li>a radiation victim</li></ol>
ri-baeoliin	<i>noun</i><br><ol><li>a violinist</li></ol>
ri-eo̧n̄wōd|ri-eọñwōd	<i>noun</i><br><ol><li>a fisherman</li></ol>
ri-eo̧n̄ōd|ri-eọñōd	<i>noun</i><br><ol><li>a fisherman</li></ol>
ri-jerbal	<i>noun</i><br><ol><li>a worker</li><li>an employee</li><li>personnel</li><li>a commoner</li></ol>
ri-jerā	<i>noun</i><br><ol><li>a friend</li></ol>
ri-jikuuļ|ri-jikuuḷ	<i>noun</i><br><ol><li>a student</li></ol>
ri-jo̧ubwe|ri-jọubwe	<i>noun</i><br><ol><li>a magician</li><li>a sorcerer</li><li>a kahuna</li></ol>
ri-jukuuļ|ri-jukuuḷ	<i>noun</i><br><ol><li>a student</li></ol>
ri-kūta	<i>noun</i><br><ol><li>a guitarist</li></ol>
ri-lomo̧o̧r|ri-lomọọr	<i>noun</i><br><ol><li>a savior</li><li>a rescuer</li><li>a redeemer</li></ol>
ri-lo̧mo̧o̧r|ri-lọmọọr	<i>noun</i><br><ol><li>a savior</li><li>a rescuer</li><li>a redeemer</li></ol>
ri-nana	<i>noun</i><br><ol><li>an outcast</li><li>an outlaw</li><li>a pest</li><li>a naughty person</li></ol>
ri-o̧kwōn|ri-ọkwōn	<i>noun</i><br><ol><li>an organist</li></ol>
ri-piano	<i>noun</i><br><ol><li>a pianist</li></ol>
ri-pālle	<i>noun</i><br><ol><li>a westerner</li><li>a foreigner</li><li>an American, a European or similar</li></ol>
ri-robba	<i>noun</i><br><ol><li>a flautist</li><li>a trumpeter</li></ol>
ri-uklele	<i>noun</i><br><ol><li>a ukulele player</li></ol>
ri-wōtbai	<i>noun</i><br><ol><li>a scooter rider</li><li>a motorcyclist</li><li>a motorbiker</li></ol>
ri-Ānewetak	<i>noun</i><br><ol><li>a person from Enewetak atoll; a person from Eniwetok atoll</li></ol>
robba|ri-robba|robbain	<i>noun</i><br><ol><li>(alienable) a flute</li><li>(alienable) a trumpet</li></ol><br><i>verb</i><br><ol><li>(intransitive) to play the flute</li><li>(intransitive) to play the trumpet</li></ol>
roj	<i>noun</i><br><ol><li>an ebb tide</li></ol>
ron̄|roñ	<i>verb</i><br><ol><li>to hear</li></ol>
ron̄oul|roñoul	<i>num</i><br><ol><li>twenty.</li></ol>
rooj|roojin	<i>noun</i><br><ol><li>a rose</li><li>a hibiscus flower</li></ol>
roojoj	<i>verb</i><br><ol><li>to wear a rose or hibiscus flower</li></ol>
rualitōk	<i>num</i><br><ol><li>eight.</li></ol>
ruatimjuon	<i>num</i><br><ol><li>nine.</li></ol>
ruo	<i>num</i><br><ol><li>two</li></ol>
ruwalitōk	<i>num</i><br><ol><li>eight.</li></ol>
ruwatimjuon	<i>num</i><br><ol><li>nine.</li></ol>
rwalitōk	<i>num</i><br><ol><li>eight.</li></ol>
rālik	<i>noun</i><br><ol><li>west</li></ol>
rārōk	<i>noun</i><br><ol><li>uninhabited land</li></ol>
rōplen	<i>noun</i><br><ol><li>a minister</li><li>a reverend</li></ol>
rūm̧m̧an|rūṃṃan	<i>noun</i><br><ol><li>a good person</li></ol>
tabwil	<i>noun</i><br><ol><li>a fresh egg</li></ol>
taeo	<i>verb</i><br><ol><li>to have pimples</li><li>to have acne</li></ol>
taibuun	<i>noun</i><br><ol><li>a typhoon</li></ol>
taikō	<i>noun</i><br><ol><li>a tiger</li></ol>
taim̧oņ|taiṃoṇ	<i>noun</i><br><ol><li>a diamond</li></ol>
tak	<i>noun</i><br><ol><li>needlefish</li></ol><br><i>suffix</i><br><ol><li>(Ratak) eastward</li></ol>
take	<i>noun</i><br><ol><li>a turkey</li></ol>
takin	<i>noun</i><br><ol><li>socks</li></ol>
takin aļ|takin aḷ	<i>noun</i><br><ol><li>a sunrise</li></ol>
taktō	<i>noun</i><br><ol><li>a doctor</li></ol>
talboon	<i>noun</i><br><ol><li>telephone</li></ol>
tampeļ|tampeḷ	<i>noun</i><br><ol><li>a temple</li><li>an altar</li></ol>
tam̧ boi	<i>noun</i><br><ol><li>a tomboy</li><li>a lesbian</li></ol><br><i>adj</i><br><ol><li>to be a tomboy</li><li>to be a lesbian</li></ol>
tanim	<i>noun</i><br><ol><li>denim</li><li>denim trousers; jeans</li></ol>
tapioka	<i>noun</i><br><ol><li>tapioca</li></ol>
tata	<i>det</i><br><ol><li>superlative particle; most</li></ol>
taun	<i>noun</i><br><ol><li>a town</li></ol>
tawūn	<i>noun</i><br><ol><li>a town</li></ol>
taļa|taḷa	<i>noun</i><br><ol><li>dollar</li></ol>
tebu	<i>adj</i><br><ol><li>fat</li><li>overweight</li><li>obese</li></ol>
teem̧bura|teeṃbura	<i>noun</i><br><ol><li>fish, basted in flour and deep-fried</li><li>tempura</li><li>(vulgar, euphemistic) illicit sexual relations</li></ol><br><i>verb</i><br><ol><li>to cook food tempura-style</li><li>(vulgar, euphemistic) to have illicit sexual relations</li></ol>
teem̧būra|teeṃbūra	<i>noun</i><br><ol><li>fish, basted in flour and deep-fried</li><li>tempura</li></ol><br><i>verb</i><br><ol><li>to cook food tempura-style</li></ol>
tenij	<i>noun</i><br><ol><li>tennis</li></ol>
ti	<i>noun</i><br><ol><li>tea</li></ol><br><i>verb</i><br><ol><li>to pour in tea</li></ol>
tiin|tiinin	<i>noun</i><br><ol><li>tin</li><li>a piece of tin roofing</li></ol>
til	<i>noun</i><br><ol><li>torch</li></ol>
tonaaj	<i>noun</i><br><ol><li>a doughnut; a donut</li></ol>
toļ|toḷin|toḷ|ttoļtoļ|toļin	<i>noun</i><br><ol><li>(alienable) a hill</li><li>(alienable) a mountain</li></ol>
toņ|toṇ	<i>noun</i><br><ol><li>a tune</li><li>a melody</li><li>a Celebes longfin eel</li></ol>
to̧nōt|tọnōt	<i>noun</i><br><ol><li>a doughnut; a donut</li></ol>
to̧o̧l|tọọl|tọọlin|to̧o̧lin	<i>noun</i><br><ol><li>a towel</li></ol>
to̧o̧n̄ke|tọọñke	<i>noun</i><br><ol><li>a donkey</li></ol>
to̧ujin|tọujin	<i>num</i><br><ol><li>one thousand</li></ol>
tuean̄|tueañ	<i>noun</i><br><ol><li>northern part</li></ol>
tuen̄|tueñ	<i>noun</i><br><ol><li>northern part</li></ol>
tuiōn̄|tuiōñ	<i>noun</i><br><ol><li>northern part</li></ol>
tun̄n̄ūlaļļo̧k|tuññūlaḷḷọk	<i>verb</i><br><ol><li>to sink</li><li>to go underwater</li></ol>
tāeo	<i>verb</i><br><ol><li>to have pimples</li><li>to have acne</li></ol>
tāākji	<i>noun</i><br><ol><li>a taxi</li></ol>
tōm̧ato|tōṃato	<i>noun</i><br><ol><li>a tomato</li></ol>
tūkjinede	<i>noun</i><br><ol><li>a dictionary</li></ol>
tūkōk	<i>noun</i><br><ol><li>high tide</li></ol>
tūm̧m̧wilaļļo̧k|tūṃṃwilaḷḷọk	<i>verb</i><br><ol><li>to sink</li><li>to go underwater</li></ol>
tūrāikōn	<i>noun</i><br><ol><li>a dragon</li></ol>
u|uin	<i>noun</i><br><ol><li>(alienable) a fish trap</li></ol>
ujooj	<i>noun</i><br><ol><li>general term for grass</li><li>shoestring fern (Vittaria elongata)</li><li>hay</li><li>pasture</li></ol>
uklele|uklelein|ri-uklele	<i>noun</i><br><ol><li>a ukulele</li></ol><br><i>verb</i><br><ol><li>to play a ukulele</li></ol>
untoba	<i>noun</i><br><ol><li>a playground</li></ol>
upaaj	<i>noun</i><br><ol><li>a fireplace</li><li>an open fireplace for cooking</li><li>ashes</li></ol>
upaajaj	<i>noun</i><br><ol><li>the color gray; the color grey</li></ol><br><i>verb</i><br><ol><li>to be gray; to be grey</li></ol>
ut	<i>noun</i><br><ol><li>general term for hedge plant flower</li><li>a flower</li><li>a tree with flowers</li><li>a wreath of flowers</li></ol>
utilomar	<i>noun</i><br><ol><li>sea randa or zebra wood (Guettarda speciosa)</li></ol>
uton̄|utoñ	<i>noun</i><br><ol><li>noodles</li></ol>
uto̧r|utọr|uto̧rin|utọrin	<i>noun</i><br><ol><li>(alienable) a squall</li></ol>
utrooj	<i>noun</i><br><ol><li>a rosebush</li></ol>
utut	<i>noun</i><br><ol><li>the wearing of flowers</li><li>the wearing of a lei</li></ol><br><i>verb</i><br><ol><li>to wear flowers</li><li>to wear a lei</li></ol>
uuk	<i>noun</i><br><ol><li>oak</li></ol><br><i>verb</i><br><ol><li>to blow</li></ol>
uwi	<i>noun</i><br><ol><li>the smell of cooking fish</li><li>deliciousness (of fish)</li></ol><br><i>verb</i><br><ol><li>to be delicious (of fish)</li></ol>
uwōta	<i>adj</i><br><ol><li>afraid</li><li>cautious</li><li>danger; peril</li><li>vulnerable</li></ol><br><i>noun</i><br><ol><li>caution</li><li>hesitation</li><li>wariness</li><li>vulnerability</li></ol><br><i>verb</i><br><ol><li>to be wary; to be cautious</li></ol>
wa	<i>noun</i><br><ol><li>canoe, ship, boat</li><li>vehicle</li></ol>
wab	<i>noun</i><br><ol><li>a pier</li><li>a wharf</li><li>a berth</li><li>a dock</li></ol>
wain	<i>noun</i><br><ol><li>wine</li></ol>
waj	<i>noun</i><br><ol><li>a watchman.</li><li>a guard.</li><li>a watch (surveillance).</li><li>a patrol.</li><li>a sentinel.</li><li>a watch (timepiece).</li></ol><br><i>adv</i><br><ol><li>toward addressee, away from addressor</li></ol>
wajwaj	<i>verb</i><br><ol><li>to wear a watch.</li></ol>
wan̄|wañ	<i>verb</i><br><ol><li>to bark (of dogs)</li></ol>
watre	<i>verb</i><br><ol><li>watery</li><li>diluted</li><li>thin (of liquids)</li><li>inexperienced</li><li>to be a neophyte</li><li>to be a novice</li><li>to be a greenhorn</li><li>wet behind the ears</li><li>partially cooked</li></ol>
wau	<i>noun</i><br><ol><li>a Mother Hubbard dress</li></ol>
wea|weain|kōwea	<i>noun</i><br><ol><li>(alienable) a wire</li><li>a water course in a reef</li><li>a small passage between ocean and lagoon</li></ol>
weejej|weejejin	<i>noun</i><br><ol><li>(alienable) a Marshallese lisp involving varied sibilant pronunciation of the j phoneme among different words or different utterances of the same word, especially under the influence of foreign languages that possess sibilant phonemes</li></ol>
weiļ|weiḷ	<i>adj</i><br><ol><li>oily</li><li>oiled</li></ol><br><i>noun</i><br><ol><li>oil</li></ol>
wia	<i>verb</i><br><ol><li>buy; purchase</li><li>sell</li></ol>
wiawe	<i>noun</i><br><ol><li>a small, striped, black and white lizard</li></ol>
wio̧we|wiọwe	<i>noun</i><br><ol><li>a small, striped, black and white lizard</li></ol>
wōd	<i>noun</i><br><ol><li>coral reef</li><li>coral</li><li>coralhead</li></ol>
wōil	<i>adj</i><br><ol><li>oily</li><li>oiled</li></ol><br><i>noun</i><br><ol><li>oil</li></ol>
wōj	<i>verb</i><br><ol><li>(intransitive) to be beautiful</li></ol>
wōja	<i>noun</i><br><ol><li>tea</li></ol>
wōjke	<i>noun</i><br><ol><li>a tree (general word)</li><li>a log</li><li>timber</li><li>whiskey</li></ol>
wōl	<i>noun</i><br><ol><li>(vulgar) penis</li></ol>
wōn|wōnin	<i>noun</i><br><ol><li>a turtle</li><li>a pit in which fruit is buried to ripen</li></ol><br><i>pron</i><br><ol><li>who; whoever; whom</li></ol>
wōpiem̧|wōpieṃ	<i>noun</i><br><ol><li>opium</li></ol>
wōpij	<i>noun</i><br><ol><li>an office</li></ol>
wōt	<i>adj</i><br><ol><li>just, only</li><li>mere</li><li>still</li></ol><br><i>adv</i><br><ol><li>just, only</li><li>still</li></ol><br><i>noun</i><br><ol><li>a species of Alocasia (family Araceae)</li><li>abscess</li><li>rain</li></ol><br><i>verb</i><br><ol><li>boil</li></ol>
wōtbai|wōtbaiin|ri-wōtbai	<i>noun</i><br><ol><li>a scooter</li><li>a motorcycle</li><li>a motorbike</li></ol>
wōteļ|wōteḷ	<i>noun</i><br><ol><li>a hotel</li></ol>
wōtmiiļ|wōtmiiḷ	<i>noun</i><br><ol><li>oatmeal</li></ol>
wōtōmjej	<i>adj</i><br><ol><li>all; every</li></ol>
wōtōmjeļo̧k|wōtōmjeḷọk	<i>adj</i><br><ol><li>all; every</li></ol>
wūdeakeak	<i>adj</i><br><ol><li>crazy</li><li>delirious</li><li>insane</li><li>maniac</li><li>berserk</li><li>lunatic</li></ol>
wūdkabbe	<i>adj</i><br><ol><li>idiotic</li></ol><br><i>noun</i><br><ol><li>stunted growth</li><li>a moron</li><li>an oaf</li></ol>
wūjooj	<i>noun</i><br><ol><li>general term for grass</li><li>shoestring fern (Vittaria elongata)</li><li>hay</li><li>pasture</li></ol>
wūjwūj	<i>verb</i><br><ol><li>to pull out</li><li>to root out</li></ol>
wūno	<i>adj</i><br><ol><li>colorful</li><li>medically</li></ol><br><i>noun</i><br><ol><li>color, hue</li><li>cure</li><li>drug</li><li>medicine</li><li>panacea</li><li>potion</li></ol><br><i>verb</i><br><ol><li>to cure</li><li>to paint, paint</li><li>remedy</li><li>treat</li></ol>
wūntoba	<i>noun</i><br><ol><li>a playground</li></ol>
wūntō	<i>noun</i><br><ol><li>a window</li></ol>
wūpaaj	<i>noun</i><br><ol><li>a fireplace</li><li>an open fireplace for cooking</li><li>ashes</li></ol>
wūpaajaj	<i>noun</i><br><ol><li>the color gray; the color grey</li></ol><br><i>verb</i><br><ol><li>to be gray; to be grey</li></ol>
wūt	<i>noun</i><br><ol><li>general term for hedge plant flower</li><li>a flower</li><li>a tree with flowers</li><li>a wreath of flowers</li></ol>
wūtwūt	<i>noun</i><br><ol><li>the wearing of flowers</li><li>the wearing of a lei</li></ol><br><i>verb</i><br><ol><li>to wear flowers</li><li>to wear a lei</li></ol>
yok	<i>pron</i><br><ol><li>you (singular); thou.</li></ol>
yokwe	<i>intj</i><br><ol><li>hello</li><li>goodbye</li></ol><br><i>noun</i><br><ol><li>love</li><li>greet</li><li>sympathy</li></ol><br><i>verb</i><br><ol><li>to greet</li><li>to love</li><li>to bid farewell</li><li>to sympathize</li></ol>
yokyokwe	<i>verb</i><br><ol><li>to greet</li><li>to bid farewell to</li></ol>
yuk	<i>pron</i><br><ol><li>you (singular); thou.</li></ol>
Ādkup	<i>name</i><br><ol><li>Erikub atoll</li></ol>
Āne-buoj	<i>name</i><br><ol><li>Enubuj or Carlson islet, Kwajalein atoll</li></ol>
Āne-bōn	<i>name</i><br><ol><li>Ennubirr islet or Third Island, Kwajalein atoll</li></ol>
Āne-dikdik	<i>name</i><br><ol><li>Enedrikdrik islet</li></ol>
Āne-jaōeōe	<i>name</i><br><ol><li>Anejaoeoe islet, Maloelap atoll</li></ol>
Āne-wetak	<i>name</i><br><ol><li>Enewetak atoll; Eniwetok atoll</li></ol>
Āne-wātak	<i>name</i><br><ol><li>Enewetak atoll; Eniwetok atoll</li></ol>
Āneeļļap-kaņ|Āneeḷḷap-kaṇ	<i>name</i><br><ol><li>Ennylabegan, Kwajalein atoll; Carlos, Kwajalein atoll</li></ol>
Āneeļļapkaņ|Āneeḷḷapkaṇ	<i>name</i><br><ol><li>Ennylabegan, Kwajalein atoll; Carlos, Kwajalein atoll</li></ol>
Ānewetak	<i>name</i><br><ol><li>Enewetak atoll; Eniwetok atoll</li></ol>
Ānewātak	<i>name</i><br><ol><li>Enewetak atoll; Eniwetok atoll</li></ol>
ākto	<i>verb</i><br><ol><li>to discharge</li><li>to unload</li></ol>
āktuwe	<i>verb</i><br><ol><li>(intransitive, transitive) discharge</li><li>(intransitive, transitive) unload</li></ol>
ākūtwe	<i>verb</i><br><ol><li>(intransitive, transitive) discharge</li><li>(intransitive, transitive) unload</li></ol>
āne	<i>noun</i><br><ol><li>an atoll islet</li><li>an island</li><li>land</li><li>directional, enclitic, islandward or shoreward</li></ol>
āt	<i>noun</i><br><ol><li>name</li><li>reputation</li></ol>
ātāt	<i>verb</i><br><ol><li>to smell</li></ol>
Ļaņtōn|Ḷaṇtōn	<i>name</i><br><ol><li>London (the capital city of the United Kingdom; capital city of England)</li></ol>
Ļora|Ḷora	<i>name</i><br><ol><li>Laura, Majuro atoll</li></ol>
ļaam̧|ḷaaṃ	<i>noun</i><br><ol><li>a lamb</li><li>a lamp</li></ol>
ļaam̧am̧|ḷaaṃaṃ	<i>verb</i><br><ol><li>to use a lamp</li></ol>
ļaim̧|ḷaiṃ|ļaim̧in|ḷaiṃin	<i>noun</i><br><ol><li>a lime</li></ol>
ļaiōn|ḷaiōn	<i>noun</i><br><ol><li>a lion</li></ol>
ļaiōōn|ḷaiōōn	<i>noun</i><br><ol><li>a lion</li></ol>
ļalem|ḷalem	<i>num</i><br><ol><li>five</li></ol>
ļan̄|ḷañ	<i>verb</i><br><ol><li>to crack.</li><li>to open a crack.</li><li>to spread one's thighs.</li></ol><br><i>noun</i><br><ol><li>storm; typhoon.</li></ol>
ļan̄e|ḷañe	<i>noun</i><br><ol><li>(eastern dialect) trevally (Caranx stellatus)</li></ol>
ļap|ḷap	<i>adj</i><br><ol><li>big</li><li>great</li><li>large</li><li>plenty</li></ol><br><i>adv</i><br><ol><li>especially</li></ol>
ļokwājek|ḷokwājek	<i>noun</i><br><ol><li>red-tailed tropicbird (Phaethon rubricauda)</li></ol>
ļon̄|ḷoñ	<i>noun</i><br><ol><li>an ant</li></ol><br><i>adj</i><br><ol><li>deep</li></ol>
ļoob|ḷoobin|ļoobin|ḷoob	<i>noun</i><br><ol><li>a loaf of bread</li></ol>
ļo̧n̄|ḷọñ	<i>noun</i><br><ol><li>a fly</li></ol>
ļuj|ḷuj	<i>noun</i><br><ol><li>a mallet</li><li>a hammer</li></ol>
ļwe|ļwein|ḷwein|ḷwe	<i>noun</i><br><ol><li>(alienable) a small pool, either on a reef at low tide, or in the interior of an island</li></ol>
ļwūj|ḷwūj	<i>noun</i><br><ol><li>a mallet</li><li>a hammer</li></ol>
Ņa-dikdik|Ṇa-dikdik	<i>name</i><br><ol><li>Knox atoll</li></ol>
Ņadikdik|Ṇadikdik	<i>name</i><br><ol><li>Knox atoll</li></ol>
ņaib|ṇaibin|ṇaib|ņaibin	<i>noun</i><br><ol><li>(alienable) a pocketknife</li></ol>
ņam̧|ṇaṃ	<i>noun</i><br><ol><li>mosquito</li></ol>
ņo|ṇo	<i>noun</i><br><ol><li>scorpionfish</li><li>stonefish</li><li>wave</li><li>surf</li></ol>
ņokwanej|ṇokwanej	<i>noun</i><br><ol><li>a centipede</li></ol>
ņo̧kneej|ṇọkneej	<i>noun</i><br><ol><li>a centipede</li></ol>
ōeōe	<i>intj</i><br><ol><li>the sound made by the demon traditionally said to live on the islet Āne-jaōeōe</li></ol>
ōne	<i>noun</i><br><ol><li>honey</li></ol>
ōō	<i>noun</i><br><ol><li>red lionfish (Pterois volitans)</li><li>zebra turkeyfish; a zebra lionfish (Dendrochirus zebra)</li></ol><br><i>intj</i><br><ol><li>Oh!</li></ol>
ūlūl|ūlūlin	<i>noun</i><br><ol><li>a side</li><li>an edge</li><li>an axe</li><li>a hatchet</li></ol><br><i>verb</i><br><ol><li>to side</li><li>to edge</li></ol>
ṃañke	<i>noun</i><br><ol><li>monkey</li></ol>
ṃōñā	<i>noun</i><br><ol><li>diet</li><li>food</li><li>meal</li><li>nutrition</li></ol><br><i>verb</i><br><ol><li>eat, eating</li><li>erode</li><li>grub</li></ol>
ṃōṇōṇō	<i>adj</i><br><ol><li>amusement</li><li>happy, glad, pleasure</li><li>joy, jovial</li></ol><br><i>noun</i><br><ol><li>happiness</li></ol>
