акәанҷ|а-кәанҷ	<i>noun</i><br><ol><li>spool</li></ol>
ა|a	<i>character</i><br><ol><li>The first letter of the Mingrelian alphabet, written in the Georgian script.</li></ol><br><i>particle</i><br><ol><li>Used to draw attention to, or to point out, an object or event.</li></ol>
აბანი|abani	<i>noun</i><br><ol><li>place</li></ol>
აბარწა|abarc̣a	<i>noun</i><br><ol><li>balcony</li></ol>
აბორა|abora	<i>noun</i><br><ol><li>animal stall</li></ol>
აბრეშუმი|აბრეშუმეფი|abrešumi	<i>noun</i><br><ol><li>silk</li></ol>
აბუდანი|abudani|აბუდანეფი	<i>noun</i><br><ol><li>fetters (specifically for horses)</li></ol>
აბუნტება|abunṭeba|ბუნტენქ|ვბუნტენქ|ბუნტენს	<i>noun</i><br><ol><li>uprising, revolt, rebellion</li></ol><br><i>verb</i><br><ol><li>to revolt, to rebel, to rise</li></ol>
აგვარა|აგვარეფი|agvara	<i>noun</i><br><ol><li>animal farm, cowshed, cowhouse</li></ol>
აგვართა|agvarta	<i>noun</i><br><ol><li>flock</li></ol>
ავაზაკი|avazaki	<i>noun</i><br><ol><li>robber, brigand</li></ol>
აკა|aḳa	<i>num</i><br><ol><li>one</li><li>only</li></ol>
აკაწუნს|aḳac̣uns	<i>adv</i><br><ol><li>in a minute, in a second</li></ol>
ალაგე|ალაგეეფი|alage	<i>noun</i><br><ol><li>place</li><li>land, province</li></ol>
ამინდი|amindi	<i>noun</i><br><ol><li>weather</li></ol>
ამშვი|amšvi	<i>num</i><br><ol><li>six</li></ol>
ამხარა|amxara	<i>noun</i><br><ol><li>house for the newlyweds</li></ol>
ანგელოზი|ანგილოზი|angilozi|angelozi|ანგელოზეფი	<i>noun</i><br><ol><li>angel</li></ol>
ანგურა|angura	<i>noun</i><br><ol><li>big brick used for baking bread</li></ol>
ანდვილი|andvili	<i>adj</i><br><ol><li>easy</li></ol>
ანკეცი|ანკეცეფი|anḳeci	<i>noun</i><br><ol><li>fishing rod, fishing pole</li><li>fishhook, fish hook, hook; angle</li></ol>
ანჭა|ანჭეფი|anč̣a	<i>noun</i><br><ol><li>cappadocian maple (Acer cappadocicum)</li></ol>
არგუნი|arguni|არგუნეფი	<i>noun</i><br><ol><li>axe, hatchet</li></ol>
არგუსო|arguso	<i>name</i><br><ol><li>August</li></ol>
ართი|arti	<i>adj</i><br><ol><li>same, similar</li><li>(figuratively) good, fine</li></ol><br><i>adv</i><br><ol><li>approximately</li></ol><br><i>intj</i><br><ol><li>Expression of amusement; also used while requesting, begging for something, or while threatening.</li></ol><br><i>num</i><br><ol><li>one</li></ol><br><i>pron</i><br><ol><li>someone, somebody, something</li><li>some</li></ol>
არიკი|ariki	<i>noun</i><br><ol><li>tale</li></ol>
არფა|აფრა|arpa|apra	<i>noun</i><br><ol><li>sail</li></ol>
არქანი|arkani|არქანეფი	<i>noun</i><br><ol><li>sail</li></ol>
აფთარა|aptara	<i>noun</i><br><ol><li>a fenced place for keeping cattle</li><li>shepherd's watermelon stall at the bar.</li></ol>
აფსთა|apsta	<i>noun</i><br><ol><li>Synonym of რობუ (robu, “gorge”)</li><li>Synonym of ღალი (ɣali, “river”)</li></ol>
აფუნი|apuni	<i>noun</i><br><ol><li>spring</li></ol>
აფშირჰა|apširha	<i>noun</i><br><ol><li>wooden container for sour milk</li></ol>
აფხა|აფხეფი|apxa	<i>noun</i><br><ol><li>shoulder blade, scapula</li><li>hackle (comb for threshing)</li></ol>
აფხანაკი|apxanaḳi	<i>noun</i><br><ol><li>comrade, fellow, mate</li></ol>
აყვაყვა|aq̇vaq̇va	<i>noun</i><br><ol><li>Synonym of კისერი (ḳiseri, “neck”)</li></ol>
აყუჯიხა|aq̇uǯixa|aʾuǯixa|აჸუჯიხა	<i>name</i><br><ol><li>(obsolete) Sukhumi (a city in the country of Georgia)</li></ol>
ახკარა|axḳara	<i>noun</i><br><ol><li>cote</li><li>warehouse</li></ol>
ბაბა|baba	<i>noun</i><br><ol><li>father</li></ol>
ბარდი|bardi	<i>noun</i><br><ol><li>undergrowth, brush, bushes</li></ol>
ბარცხელი|barcxeli	<i>noun</i><br><ol><li>holly, ilex</li></ol>
ბარცხი|ბარცხეფი|barcxi	<i>noun</i><br><ol><li>butcher's broom (Ruscus aculeatus)</li><li>holly (Ilex)</li><li>thorn apple (Datura stramonium)</li><li>vervain (Verbena officinalis)</li></ol>
ბარცხინი|barcxini	<i>noun</i><br><ol><li>holly, ilex</li></ol>
ბატი|baṭi|ბატეფი	<i>noun</i><br><ol><li>goose</li><li>the young of animals, usually a buffalo baby</li></ol>
ბაღანა|baɣana|ბაღანეფი	<i>noun</i><br><ol><li>child, baby</li></ol>
ბაღჷრე|baɣiri|baɣire|ბაღირი|baɣəre|ბაღირე|ბაღჷრეეფი	<i>noun</i><br><ol><li>sparrow</li></ol>
ბაცუ|bacu|ბაცუეფი	<i>noun</i><br><ol><li>medlar</li></ol>
ბაძაძი|baʒaʒi	<i>noun</i><br><ol><li>pretence, pretext, reason, why</li></ol>
ბაჭა|ბაჭეფი|bač̣a	<i>adj</i><br><ol><li>(figuratively) little, small, short, dwarfish</li></ol><br><i>noun</i><br><ol><li>tick (arachnid)</li><li>botfly</li><li>warble fly</li><li>Synonym of მაჸურზენე (maʾurzene, “Caucasian whortleberry (Vaccinium arctostaphylos)”)</li></ol>
ბერგი|bergi|ბერგეფი	<i>noun</i><br><ol><li>hoe</li></ol>
ბერზენი|ბერძენი|berzeni|ბერძემი|berʒemi|ბერზენეფი|berʒeni|berzemi|ბერზემი	<i>noun</i><br><ol><li>Greek (person)</li></ol>
ბეტარი|ბეტარეფი|beṭari	<i>noun</i><br><ol><li>billy goat</li></ol>
ბეჭი|ბეჭეფი|beč̣i	<i>noun</i><br><ol><li>Synonym of აფხა (apxa, “shoulder blade, scapula”)</li></ol>
ბინეხი|binexi|ბინეხეფი	<i>noun</i><br><ol><li>vine</li><li>vineyard</li></ol>
ბირტყა|birṭq̇a	<i>adj</i><br><ol><li>flat</li></ol>
ბორბოლია|borbolia	<i>noun</i><br><ol><li>spider (arthropod)</li></ol>
ბორია|ბორიეფი|boria	<i>noun</i><br><ol><li>wind</li></ol>
ბორკი|ბორკეფი|borḳi	<i>noun</i><br><ol><li>leg</li><li>thigh</li><li>shin</li></ol>
ბორო|ბოროეფი|boro|ბორუეფი	<i>adj</i><br><ol><li>brainless</li><li>dim-witted</li></ol><br><i>noun</i><br><ol><li>idiot</li></ol>
ბორჯი|borǯi|ბორჯეფი	<i>noun</i><br><ol><li>time; hour</li><li>deadline</li></ol>
ბჟა|bža	<i>name</i><br><ol><li>Sun</li></ol><br><i>noun</i><br><ol><li>milk</li></ol>
ბჟაკე|ბჟაკეეფი|bžaḳe	<i>noun</i><br><ol><li>beard</li></ol>
ბრინჯი|brinǯi	<i>noun</i><br><ol><li>rice</li></ol>
ბუზინი|buzini	<i>noun</i><br><ol><li>fart</li></ol>
ბულეკი|ბუჲეკი|buyeḳi|bueḳi|buleḳi|ბუეკი	<i>noun</i><br><ol><li>radish</li></ol>
ბული|buli|ბულეფი	<i>noun</i><br><ol><li>wild cherry (Prunus avium)</li></ol>
ბურბუ|ბურბუეფი|burbu	<i>noun</i><br><ol><li>bat (flying animal)</li></ol>
ბურდი|burdi	<i>adj</i><br><ol><li>unfit, inefficient, good-for-nothing, useless</li></ol><br><i>noun</i><br><ol><li>undergrowth, bushes</li><li>silk thread</li></ol>
ბურძგა|burʒga	<i>noun</i><br><ol><li>chestnut shell prickles, thorns</li></ol>
ბურჭული|ბურჭულეფი|burč̣uli	<i>noun</i><br><ol><li>billhook</li></ol>
ბძგირი|Zugdidi|bʒgiri	<i>noun</i><br><ol><li>cornel (Cornus mas)</li></ol>
ბჷგჷძჷრი|bəgəʒəri	<i>noun</i><br><ol><li>Samurzakano form of ბძგირი (bʒgiri)</li></ol>
გაზარხული|gazarxuli	<i>noun</i><br><ol><li>Synonym of აფუნი (apuni, “spring”)</li></ol>
განძი|ganʒi	<i>noun</i><br><ol><li>treasure</li></ol>
გემი|gemi|გემეფი	<i>noun</i><br><ol><li>ship</li></ol>
გემო|gemo	<i>noun</i><br><ol><li>palate, taste</li></ol>
გერგობათუთა|gergobatuta	<i>name</i><br><ol><li>November</li></ol>
გერი|geri|ნგერი|გერეფი|ngeri	<i>noun</i><br><ol><li>wolf</li></ol>
გვერი|gveri|გუერი|გვერეფი|gueri	<i>adj</i><br><ol><li>(figuratively) evil, spiteful (of people)</li></ol><br><i>noun</i><br><ol><li>snake</li></ol>
გვიმორა|gvimora	<i>noun</i><br><ol><li>fern</li></ol>
გიგიბი|gigibi|გიგიბეფი	<i>noun</i><br><ol><li>fir (Abies)</li></ol>
გინძე|ginʒe|girʒe|გირძე	<i>adj</i><br><ol><li>long</li></ol>
გირინი|გირინეფი|girini|gərəni|გჷრჷნი	<i>noun</i><br><ol><li>donkey, ass</li><li>(figuratively) tactless person</li></ol>
გორდი|gordi|გორდეფი	<i>noun</i><br><ol><li>frog</li></ol>
გუთანი|gutani	<i>noun</i><br><ol><li>plough</li></ol>
გური|guri	<i>noun</i><br><ol><li>heart</li><li>middle, core part of something (such as fruit)</li><li>facial expression, countenance</li><li>sense, perception</li></ol>
და|დალეფი|da	<i>noun</i><br><ol><li>sister</li></ol>
დაგუა|dagva|დაგვა|dagûa|დაგუ̂ა	<i>adj</i><br><ol><li>deaf</li></ol>
დანია|dania	<i>name</i><br><ol><li>Denmark</li></ol>
დაჩხირი|dačxiri	<i>noun</i><br><ol><li>fire</li></ol>
დგვინდგვი|dgvindgvi	<i>noun</i><br><ol><li>propolis</li><li>resin, tar</li></ol>
დიარა|diara	<i>noun</i><br><ol><li>wedding</li><li>banquet, feast</li></ol>
დიდა|dida|დია|dia|დიდალეფი	<i>noun</i><br><ol><li>mother</li></ol>
დიდი|didi	<i>adj</i><br><ol><li>big, large</li></ol>
დინცხირი|dincxiri|Abzhua	<i>noun</i><br><ol><li>blood</li></ol>
დიო|dio	<i>adv</i><br><ol><li>thus far; up to the present, yet</li><li>still</li><li>first of all</li></ol>
დიხა|dixa	<i>noun</i><br><ol><li>earth, soil, clay</li><li>land, place</li></ol>
დო|do	<i>conj</i><br><ol><li>and</li><li>or</li></ol>
დობერა|dobera|დობერეფი	<i>noun</i><br><ol><li>fertile, arable soil</li><li>valley, field</li><li>lowlands</li></ol>
დოჸია|doʾia	<i>noun</i><br><ol><li>hen under two-five months</li></ol>
დუდი|dudi|დუდეფი	<i>noun</i><br><ol><li>head</li></ol>
დუდკოჩი|dudḳoči|დუდკოჩეფი	<i>noun</i><br><ol><li>leader, head</li><li>commander</li></ol>
დუჸი|დუჸეფი|duʾi	<i>noun</i><br><ol><li>elbow</li><li>fresh shoot, sprout, bud</li></ol>
დღა|დღალეფი|ndɣa|dɣalepi|dɣa|ნდღა	<i>noun</i><br><ol><li>day</li></ol>
ეკენია|eḳenia	<i>name</i><br><ol><li>September</li></ol>
ერთობა|ertoba	<i>noun</i><br><ol><li>unity</li></ol>
ერქემი|ერქემეფი|erkemi	<i>noun</i><br><ol><li>sail</li></ol>
ერჯი|erǯi	<i>noun</i><br><ol><li>a two-year-old male sheep</li><li>ram</li></ol>
ეჩვა|ečva|ეჩვეფი	<i>noun</i><br><ol><li>adze</li></ol>
ვანჭარი|vač̣ari|vanč̣ari|ვანჭარეფი|ვაჭარი	<i>noun</i><br><ol><li>merchant, tradesman</li></ol>
ვარი|vari	<i>conj</i><br><ol><li>or</li></ol>
ვარჩხილი|varčxili	<i>noun</i><br><ol><li>silver</li></ol>
ვეფხი|ვეფხეფი|vepxi	<i>noun</i><br><ol><li>Synonym of ჸილო (ʾilo, “tiger”)</li></ol>
ვითი|viti	<i>num</i><br><ol><li>ten</li></ol>
ვიკიპედია|viḳiṗedia	<i>name</i><br><ol><li>Wikipedia</li></ol>
ზა|ზალეფი|za	<i>noun</i><br><ol><li>road</li></ol>
ზესკვი|zeskvi|ზესკვეფი|zesḳvi|ზესქვი	<i>noun</i><br><ol><li>thrush (Turdidae)</li></ol>
ზინთხუ|ზინთხუეფი|zintxu	<i>noun</i><br><ol><li>sturgeon</li></ol>
ზირქალი|zirkali	<i>adj</i><br><ol><li>clumsy</li><li>thick, stout</li></ol>
ზისხირი|zisxeri|zəsxəri|ზისხერი|zisxiri|ზჷსხჷრი	<i>noun</i><br><ol><li>blood</li></ol>
ზიჭონი|ზიჭონეფი|ǯič̣oni|ჯიჭონი|ჭიჭონი|č̣ič̣oni|zič̣oni	<i>noun</i><br><ol><li>willow (Salix)</li></ol>
ზოთონჯი|zotonǯi|zotoni|ზოთონი	<i>noun</i><br><ol><li>winter</li></ol>
ზურა|zura|ზურეფი	<i>noun</i><br><ol><li>coward</li></ol>
თანთარი|თანთარეფი|tantari	<i>adj</i><br><ol><li>(dated, Of person) Of Turkish descent</li><li>(obsolete, derogatory) evil, cruel, merciless, perfidious, treacherous</li></ol><br><i>noun</i><br><ol><li>(dated) Turk, a person from Turkey or of Turkish descent</li></ol>
თახაშხა|taxašxa	<i>noun</i><br><ol><li>Tuesday</li></ol>
თვათვი|თვათვეფი|tvatvi	<i>noun</i><br><ol><li>paw</li></ol>
თი|ti|თიი|tii	<i>noun</i><br><ol><li>family</li><li>house, residence, abode, homestead, home</li></ol><br><i>pron</i><br><ol><li>he, she, it (third-person singular personal pronoun)</li></ol>
თირი|tiri	<i>noun</i><br><ol><li>snow</li></ol>
თიღი|tiɣi|თიღეფი	<i>noun</i><br><ol><li>ram</li></ol>
თოკი|toḳi|თოკეფი	<i>noun</i><br><ol><li>rope, cord</li></ol>
თოლი|toli|თოლეფი	<i>noun</i><br><ol><li>eye</li><li>precious stone</li></ol>
თოლია|თოლიეფი|tolia	<i>noun</i><br><ol><li>seagull</li></ol>
თორხი|თორხეფი|torxi	<i>noun</i><br><ol><li>(rare) hoe</li></ol>
თოფური|topuri	<i>noun</i><br><ol><li>honey</li></ol>
თუ|tu|თულეფი	<i>noun</i><br><ol><li>piglet</li></ol>
თუდოლე|tudole	<i>adv</i><br><ol><li>under, underneath</li></ol>
თუთა|tuta|თუთეფი	<i>noun</i><br><ol><li>moon</li><li>month</li></ol>
თუთაშხა|tutašxa	<i>noun</i><br><ol><li>Monday</li></ol>
თუმა|თომა|tuma|toma|თუმეფი	<i>noun</i><br><ol><li>hair</li></ol>
თუნთი|tunti|თუნთეფი	<i>noun</i><br><ol><li>bear</li></ol>
თურქი|თურქეფი|turki	<i>adj</i><br><ol><li>(Of person) Of Turkish descent</li><li>(obsolete, derogatory) evil, cruel, merciless, perfidious, treacherous</li></ol><br><i>noun</i><br><ol><li>Turk, a person from Turkey or of Turkish descent</li></ol>
თხა|txa|თხალეფი	<i>noun</i><br><ol><li>goat</li></ol>
თხითხუ|txitxu	<i>adj</i><br><ol><li>thin, slim</li><li>sparse</li><li>liquid</li></ol>
თხირი|txiri|თხირეფი	<i>noun</i><br><ol><li>hazelnut</li></ol>
თხომური|txomuri	<i>noun</i><br><ol><li>pus</li></ol>
თხუმუ|txumu|თხომუ|თხუმუეფი|txomu	<i>noun</i><br><ol><li>alder (Alnus gen. et spp.)</li></ol>
იატაკი|iaṭaḳi	<i>noun</i><br><ol><li>deck, decking, scaffold</li></ol>
იმღვა|იმღვეფი|inɣva|ინღვა|imɣva	<i>noun</i><br><ol><li>raspberry (Rubus idaeus)</li></ol>
ინჭირი|inč̣əri|inč̣iria|inč̣iri|inč̣ili|inč̣ilia|ინჭილი|ინჭილია|ინჭირია|ინჭჷრი|ინჭირეფი	<i>noun</i><br><ol><li>dwarf elder (Sambucus ebulus)</li><li>elder (Sambucus)</li></ol>
იოლი|იოლეფი|ioli	<i>noun</i><br><ol><li>yellow azalea, honeysuckle azalea, pontic azalea (Rhododendron luteum)</li></ol><br><i>adj</i><br><ol><li>easy</li></ol>
ისინდი|ისინდეფი|სინდი|isinǯi|isindi|ისინჯი|sindi|isəndi|ისჷნდი	<i>noun</i><br><ol><li>arrow</li><li>spear, lance</li><li>jousting</li></ol>
ისირი|isiri	<i>noun</i><br><ol><li>sedge</li><li>purple moor-grass (Molinia caerulea)</li></ol>
იტალია|iṭalia	<i>name</i><br><ol><li>Italy</li></ol>
იფონი|iponi|იფონეფი	<i>noun</i><br><ol><li>Synonym of ლანჯი (lanǯi, “ash tree”)</li></ol>
კათა|ḳata|კათეფი	<i>noun</i><br><ol><li>folk, people</li></ol>
კაკალი|ḳaḳali|ḳaḳai|კაკა|ḳaḳa|კაკაი	<i>noun</i><br><ol><li>grain</li><li>piece</li><li>kernel</li></ol>
კალანდა|კალანდეფი|ḳalanda	<i>noun</i><br><ol><li>New Year</li></ol>
კალმახი|კალმახა|ḳalmaxi|კალმახეფი|ḳalmaxa	<i>noun</i><br><ol><li>trout</li></ol><br><i>adj</i><br><ol><li>(figuratively, of a person) very beautiful</li></ol>
კატუ|ḳaṭu|კატუეფი	<i>noun</i><br><ol><li>cat</li></ol>
კაჲმახა|ḳaymaxa	<i>noun</i><br><ol><li>Martvili-Bandza form of კალმახი (ḳalmaxi)</li></ol>
კენტი|ḳenṭi	<i>adj</i><br><ol><li>odd (of numbers)</li></ol>
კეტი|ḳeṭi|კეტეფი|კენტი|ḳenṭi	<i>noun</i><br><ol><li>bludgeon, flail</li></ol>
კვადაცი|კვადაცეფი|კუდაცია|კვადაცია|ḳvadacia|ḳvadaca|კვადაცა|ḳudacia|ḳvadaci	<i>adj</i><br><ol><li>(figuratively) slender and nimble (of young women)</li></ol><br><i>noun</i><br><ol><li>sea buckthorn</li></ol>
კვარია|ḳvaria	<i>noun</i><br><ol><li>crow</li></ol>
კვატა|ḳvaṭa|კვატეფი	<i>noun</i><br><ol><li>duck</li></ol>
კველა|კველეფი|ḳvela	<i>noun</i><br><ol><li>stool, seat</li></ol>
კვერცხი|ḳvercxi|კვერცხეფი	<i>noun</i><br><ol><li>egg</li></ol>
კიბირი|ḳibiri	<i>noun</i><br><ol><li>tooth</li></ol>
კიდირი|ḳidiri	<i>noun</i><br><ol><li>chest, breast</li></ol>
კიზი|კჷზი|ḳizi|კიზეფი|ḳəzi	<i>noun</i><br><ol><li>spoon</li></ol>
კილა|ḳila|კილეფი	<i>noun</i><br><ol><li>key (to a lock)</li><li>lock, padlock</li></ol>
კინდღი|ḳindɣi	<i>name</i><br><ol><li>A village in Georgia, Abkhazia, Ochamchira</li></ol>
კინდღუ|ḳindɣu|კინდღუეფი|კინდღი|ḳindɣi|ḳəndɣə|კჷნდღჷ	<i>noun</i><br><ol><li>Smilax excelsa</li></ol>
კირი|ḳiri	<i>noun</i><br><ol><li>lime</li></ol>
კირიბი|ḳiribi|კირიბეფი	<i>noun</i><br><ol><li>lamb</li></ol>
კირცხი|კირცხეფი|ḳircxi	<i>noun</i><br><ol><li>hail (balls of ice)</li></ol>
კიფი|ḳipi|კიფეფი	<i>noun</i><br><ol><li>cannabis</li></ol>
კოთხო|ḳotxo|კოთხოეფი	<i>noun</i><br><ol><li>grain-measuring wooden vessel</li></ol>
კოკობე|ḳoḳobe|კოკობეეფი	<i>noun</i><br><ol><li>partridge</li></ol>
კონჭი|ḳonč̣i|კონჭეფი	<i>noun</i><br><ol><li>ankle</li><li>spool</li></ol>
კოპეშია|ḳobešia|კოპეშიეფი|ḳoṗešia|კობეშია|კობეშიეფი	<i>noun</i><br><ol><li>squash (Cucurbita)</li></ol>
კოპული|ḳoṗuli|კოპულეფი	<i>noun</i><br><ol><li>arrow</li></ol>
კოფე|ḳope|კოფეეფი|კოპე|ḳoṗe	<i>noun</i><br><ol><li>occiput (back of the head)</li><li>crown (of the head)</li></ol>
კოღო|ḳoɣo	<i>noun</i><br><ol><li>mosquito</li></ol>
კოღონა|კვაღანა|ḳvaɣana|ḳoɣona	<i>noun</i><br><ol><li>mosquito</li></ol>
კოჩი|კოჩეფი|ḳoči	<i>noun</i><br><ol><li>man</li><li>human</li></ol>
კუ|ḳu|კუეფი	<i>noun</i><br><ol><li>turtle</li></ol>
კუნტა|ḳunṭa	<i>adj</i><br><ol><li>short</li></ol>
კუტუ|ḳuṭu|კუტუეფი	<i>noun</i><br><ol><li>penis (of kids)</li></ol>
კუჩხი|კუჩხეფი|ḳučxi	<i>noun</i><br><ol><li>foot, leg</li></ol>
კჷდალა|ḳədala	<i>noun</i><br><ol><li>wall</li></ol>
ლაგვანი|lagvani|ლაგვანეფი	<i>noun</i><br><ol><li>kvevri</li></ol>
ლადირი|ჲადირი|ladəri|ladiri|ლადჷრი|yadiri	<i>adj</i><br><ol><li>damp, sodden, moist</li><li>fresh, raw</li></ol>
ლაიტი|ლაიტეფი|ლაზუტი|ლატი|ლასტი|laiṭi|lazuṭi|lasṭi|laṭi	<i>noun</i><br><ol><li>corn, maize</li></ol>
ლაკვი|laḳvi	<i>noun</i><br><ol><li>puppy</li></ol>
ლაკინჩხა|laḳinčxa|ლაკინჩხეფი	<i>noun</i><br><ol><li>maple</li></ol>
ლამუსი|ლამოსი|lamusi|lamosi	<i>noun</i><br><ol><li>conscience</li></ol>
ლანჯი|laǯi|ლანჯეფი|ლარჯეფი|lanǯi|ლარჯი|ლაჯი|larǯi	<i>noun</i><br><ol><li>ash tree</li></ol>
ლაპარტყია|laṗarṭq̇ia	<i>adj</i><br><ol><li>flat</li></ol>
ლახუტი|ლახუტეფი|laxuṭi	<i>noun</i><br><ol><li>small kvevri</li></ol>
ლერსი|ლერცეფი|ლერცი|lersi|ლექსეფი|ლერსეფი|leksi|lerci|ლექსი	<i>noun</i><br><ol><li>lyric, verse, poem</li></ol>
ლესიჭინე|lesič̣ine	<i>name</i><br><ol><li>A village in Georgia, Samegrelo-Zemo Svaneti</li></ol>
ლეტა|leṭa	<i>noun</i><br><ol><li>mud, clay</li></ol>
ლეფონი|ლეფონეფი|ლიფონი|liponi|leponi	<i>noun</i><br><ol><li>Caucasian wingnut (Pterocarya fraxinifolia)</li></ol>
ლეწურწუმე|lec̣urc̣ume	<i>name</i><br><ol><li>A village in Georgia, Samegrelo-Zemo Svaneti</li></ol>
ლიმა|lima	<i>name</i><br><ol><li>Lima</li></ol><br><i>noun</i><br><ol><li>war</li></ol>
ლინჯი|linǯi	<i>noun</i><br><ol><li>copper</li></ol>
ლოგინი|logini|ლოგინეფი	<i>noun</i><br><ol><li>bed</li></ol>
ლურჯი|lurǯi	<i>adj</i><br><ol><li>blue</li></ol>
ლუღი|luɣi|ლუღეფი	<i>noun</i><br><ol><li>fig</li></ol>
მაბჟალია|mabžalia|mebžalie|მებჟალიე|მავჟალია|mavžalia|მაბჟალიეფი	<i>noun</i><br><ol><li>spurge (Euphorbia)</li></ol>
მაგანა|magana	<i>noun</i><br><ol><li>sickle</li><li>width, breadth</li><li>(figuratively) province</li></ol>
მადუდური|maduduri|მადუდურეფი	<i>noun</i><br><ol><li>leader, head</li><li>commander</li></ol>
მაზვა|mazva	<i>noun</i><br><ol><li>cake or dough</li></ol>
მამიდა|mamida	<i>noun</i><br><ol><li>aunt</li></ol>
მანგი|mangi	<i>adj</i><br><ol><li>equal, exact</li></ol><br><i>name</i><br><ol><li>June</li></ol>
მარა|mara|მარაშ	<i>conj</i><br><ol><li>but</li></ol><br><i>noun</i><br><ol><li>week</li><li>plains next to a river</li></ol>
მარაშინათუთა|marašinatuta	<i>name</i><br><ol><li>August</li></ol>
მარგალი|margali|მარგალეფი	<i>noun</i><br><ol><li>Mingrelian (person)</li><li>(obsolete, figuratively) farmer, peasant</li></ol>
მარგალური ნინა|margaluri nina	<i>name</i><br><ol><li>Mingrelian language</li></ol>
მარგატელი|margaṭeli|მაკრატელეფი	<i>noun</i><br><ol><li>scissors</li></ol>
მარულა|marula	<i>noun</i><br><ol><li>horse race</li></ol>
მარქვალი|მარქვალეფი|markvali	<i>noun</i><br><ol><li>egg</li></ol>
მარწვენი|marc̣veni	<i>noun</i><br><ol><li>matsoni</li></ol>
მაფა|mapa	<i>noun</i><br><ol><li>king</li></ol>
მაფშალია|mapšaia|მაფშაია|მაფშალიეფი|mapšalia	<i>noun</i><br><ol><li>nightingale</li><li>(rare) hop (Humulus lupulus)</li></ol>
მაჭირხოლი|mač̣irxoli|მაჭჷრხოლი|მარჭიხოლი|marč̣ixoli|mač̣ərxoli|მაჭირხოლეფი	<i>noun</i><br><ol><li>swallow (bird)</li></ol>
მახვარი|maxvari	<i>noun</i><br><ol><li>arm from shoulder to wrist</li></ol>
მახინჯი|maxinǯi|მახინჯეფი	<i>noun</i><br><ol><li>thief</li></ol>
მახირალი|maxirali|მახირალეფი	<i>noun</i><br><ol><li>thief</li></ol>
მენცარი|მენცარეფი|mencari	<i>noun</i><br><ol><li>prophetic, wizard, magician</li><li>learned, scientist</li></ol>
მენძელი|menʒeli|მენძელეფი	<i>noun</i><br><ol><li>host, hostess</li></ol>
მექობალე|მექობალეფი|mekobale	<i>noun</i><br><ol><li>baker</li></ol>
მეჩხომე|mečxome|მეჩხომეფი	<i>noun</i><br><ol><li>fisherman</li></ol>
მიზეზი|mizezi	<i>noun</i><br><ol><li>pretence, pretext, reason, why</li></ol>
მიმინო|მიმინოეფი|mimino	<i>noun</i><br><ol><li>Eurasian sparrowhawk (Accipiter nisus)</li></ol>
მინთა	<i>noun</i><br><ol><li>mint</li></ol>
მინჯე|მინჯეეფი|minǯe	<i>noun</i><br><ol><li>owner, holder, master, patron</li></ol>
მოთა|მოთალეფი|mota	<i>noun</i><br><ol><li>grandchild</li></ol>
მონტყორი|monṭq̇ori|მონტყორეფი	<i>noun</i><br><ol><li>fleece, wool</li></ol>
მორო|moro	<i>conj</i><br><ol><li>although, but</li></ol><br><i>intj</i><br><ol><li>Used for attention, threat, amazement and question</li></ol>
მოსა|mosa	<i>noun</i><br><ol><li>fishing net</li><li>spiderweb</li></ol>
მუმა|muma	<i>noun</i><br><ol><li>father</li></ol>
მუნაფა|munapa|მუნაფეფი	<i>noun</i><br><ol><li>cloud</li></ol>
მუნდი|mundi|მუნდეფი	<i>noun</i><br><ol><li>buttocks</li></ol>
მუნჩქვი|munčkvi|მუნჩქვეფი	<i>noun</i><br><ol><li>badger</li></ol>
მურიცხი|მურიცხეფი|muricxi	<i>noun</i><br><ol><li>star</li></ol>
მურღი|murɣi	<i>noun</i><br><ol><li>wild strawberry</li></ol>
მუქთა-ხორა|mukta-xora	<i>noun</i><br><ol><li>parasite, idler, loafer</li></ol>
მუჸია|მუჸი|muʾi|muʾia	<i>noun</i><br><ol><li>blackberry (Rubus)</li></ol>
ნანა|nana|ნანეფი	<i>noun</i><br><ol><li>mother</li></ol>
ნიგა|ნიგეფი|niga	<i>noun</i><br><ol><li>wooden milk bucket</li></ol>
ნიგერი|nigeri	<i>name</i><br><ol><li>Niger (a country in West Africa)</li></ol>
ნინა|nina|ნინეფი	<i>noun</i><br><ol><li>language, speech</li><li>word</li></ol>
ნირსი|nirsi|nərsi|ნჷრსი	<i>noun</i><br><ol><li>mist, fog</li></ol>
ნისა|ნისალეფი|nisa	<i>noun</i><br><ol><li>Senaki form of ნოსა (nosa)</li></ol>
ნიში|nuši|ნიშეფი|ნჷში|ნუში|niši|nəši	<i>noun</i><br><ol><li>boat</li></ol>
ნოდი|nodi	<i>noun</i><br><ol><li>collective help (in argiculture); someone who helps</li></ol>
ნოსა|nosa|ნოსალეფი	<i>noun</i><br><ol><li>daughter-in-law or the wife of one's sibling</li></ol>
ნოღა|noɣa	<i>noun</i><br><ol><li>(neologism) city, town</li></ol>
ნოშქვერი|noškeri|ნოშქერი|noškveri	<i>noun</i><br><ol><li>coal</li></ol>
ნოჯი|ნოჯეფი|noǯi	<i>noun</i><br><ol><li>(dated) spruce</li></ol>
ნუზუ|nuzə|nuʒu|ნუზჷ|nuzu|ნუძუ|ნუზუეფი	<i>noun</i><br><ol><li>spruce</li></ol>
ნჯილო|ჯილო|ǯilo|nǯilo|ნჯილოეფი	<i>noun</i><br><ol><li>(figuratively) lion</li></ol><br><i>adj</i><br><ol><li>powerful, huge, enormous, thick</li></ol>
ობახე|obaxe	<i>noun</i><br><ol><li>passage in a wattle fence</li></ol>
ობედი|აბედი|abedi|obedi	<i>noun</i><br><ol><li>tinder, touchwood; amadou</li></ol>
ობიშხა|obišxa	<i>noun</i><br><ol><li>Friday</li></ol>
ოდიარე|ოდიარეეფი|odiare	<i>noun</i><br><ol><li>grass</li></ol>
ოთხი|otxi	<i>num</i><br><ol><li>four</li></ol>
ოლაგე|olage	<i>noun</i><br><ol><li>entrance, stile (in a fence)</li></ol>
ორზა|orza	<i>noun</i><br><ol><li>rice</li></ol>
ორზოლი|ორზოლეფი|orzoli	<i>noun</i><br><ol><li>provision, victual</li></ol>
ორიჯი|orinǰi|ორინჯი|oriǯi	<i>noun</i><br><ol><li>cattle</li></ol>
ორო|ოროეფი|oro	<i>noun</i><br><ol><li>shadow</li><li>ghost, phantom</li></ol>
ორსანტი|ორსანტეფი|orsanṭi	<i>noun</i><br><ol><li>craftsman</li></ol>
ორტყაფუ|orṭq̇apu|ორტყაფუეფი	<i>noun</i><br><ol><li>belt, girdle</li></ol>
ორჩხე|ორჩხეეფი|orčxe	<i>noun</i><br><ol><li>scabbard, sheath</li></ol>
ორჯი|orǯi	<i>noun</i><br><ol><li>cow</li></ol>
ოსური|osuri|ოსურეფი	<i>noun</i><br><ol><li>wife</li><li>woman</li></ol>
ოსქალე|oskale	<i>noun</i><br><ol><li>beehive, hive</li></ol>
ოფსი|opsi|ოფსეფი	<i>noun</i><br><ol><li>(dated) Ossetian</li></ol>
ოჩი|ოჩეფი|oči	<i>noun</i><br><ol><li>billy goat</li></ol>
ოხვამე|oxvame|ოხვამეეფი	<i>noun</i><br><ol><li>(Christianity) church</li></ol>
ოხორი|ოხორეფი|oxori	<i>noun</i><br><ol><li>home, house, dwelling</li><li>(rare) castle</li></ol>
ოჯიჯე|oǯiǯe|ოჯიჯეეფი	<i>noun</i><br><ol><li>net</li></ol>
ოჸუჯე|ოჸუჯეეფი|oʾuǯe	<i>noun</i><br><ol><li>earring</li></ol>
პაპა|პაპეფი|ṗaṗa	<i>noun</i><br><ol><li>priest</li></ol>
პაპუ|ṗaṗu	<i>noun</i><br><ol><li>grandfather</li></ol>
პატონი|ṗaṭoni|პატჷნი|ṗaṭini|პატინი|ṗaṭəni	<i>noun</i><br><ol><li>(historical) the master of a feudal manor</li><li>(Often as an addressing form) gentleman</li></ol>
პატრიჟანი|ṗaṭrižani|პატრიჟანეფი	<i>noun</i><br><ol><li>aubergine, eggplant (fruit as well as plant)</li></ol>
პენსია|ṗensia	<i>noun</i><br><ol><li>benefit, pension, superannuation</li></ol>
პეული|პეულეფი|პიორი|პეირი|ṗiri|ṗiori|ṗeuli|პირი|ṗeiri	<i>noun</i><br><ol><li>flower, flower bud</li></ol>
პირველი|ṗirveli	<i>adj</i><br><ol><li>first</li></ol>
პიჯი|ṗiǯi	<i>noun</i><br><ol><li>face, countenance</li><li>edge</li><li>bank (of a river)</li></ol>
პურასკია|ṗurasḳia|პურასკეფი	<i>noun</i><br><ol><li>leek</li></ol>
ჟამი|žami	<i>noun</i><br><ol><li>time; hour</li></ol>
ჟაშხა|bžašxa|žašxa|ბჟაშხა|žešxa|ჟეშხა	<i>noun</i><br><ol><li>Sunday</li><li>week</li></ol>
ჟვაბუ|žvabu|ჟვაბუეფი	<i>noun</i><br><ol><li>toad</li></ol>
ჟინოსქუა|ჟინოსქუალეფი|žinoskua	<i>noun</i><br><ol><li>(historical) noble belonging to the aznauri class of Georgian nobility</li></ol>
ჟირი|žiri	<i>num</i><br><ol><li>two</li></ol>
ჟღამი|žɣami	<i>noun</i><br><ol><li>venom, poison</li></ol>
რედისკა|redisḳa	<i>noun</i><br><ol><li>radish</li></ol>
რიჸალი|riʾali	<i>adj</i><br><ol><li>long (usually of neck or limbs)</li></ol>
რუო|ბრუო|ruo|bruo	<i>num</i><br><ol><li>eight</li></ol>
რჩვია|rčvia	<i>noun</i><br><ol><li>oat, oats</li></ol>
რხინი|rxini	<i>noun</i><br><ol><li>banquet, feast</li></ol>
საბატონი|sabaṭoni	<i>noun</i><br><ol><li>Saturday</li></ol>
საკაკალო|saḳaḳalo	<i>noun</i><br><ol><li>breakfast</li><li>snack</li><li>mouth of a mill</li></ol>
საკი|საკეფი|saḳi	<i>noun</i><br><ol><li>(dialectal, Zugdidi–Samurzakano) sack, bag</li></ol>
სალამუსო|salamuso|სალამუსოეფი	<i>noun</i><br><ol><li>secret</li></ol>
სამარგალო|samargalo	<i>name</i><br><ol><li>Samegrelo</li></ol>
საქორთუო|sakortuo	<i>name</i><br><ol><li>Georgia (a country in the Caucasus)</li></ol>
სახე|სახეეფი|saxe	<i>noun</i><br><ol><li>face</li></ol>
სახენწჷფო|saxenc̣əpo|სახენწჷფოეფი	<i>noun</i><br><ol><li>state</li><li>kingdom</li></ol>
სერი|seri|სერეფი	<i>noun</i><br><ol><li>night</li></ol>
სვიმონი|სიმონი|simoni|svimoni|სვიმონეფი	<i>noun</i><br><ol><li>avalanche</li></ol>
სვინდისი|svindisi	<i>noun</i><br><ol><li>conscience</li></ol>
სიზმარი|სიზუმარი|sizmari|sizumari|სიზჷმარი|sizimari|სიზიმარი|sizəmari|სიზმარეფი	<i>noun</i><br><ol><li>dream (imaginary events seen in the mind while sleeping)</li></ol>
სინდი|sindi|სინდეფი|sinǯi|სინჯი	<i>noun</i><br><ol><li>Synonym of კვატა (ḳvaṭa, “duck”)</li></ol>
სინჯა|sinǯa|sinda|სინჯალეფი|სინდა	<i>noun</i><br><ol><li>son-in-law</li><li>bridegroom</li></ol>
სიჸუნგე|siʾunge	<i>noun</i><br><ol><li>deafness</li></ol>
სკა|ფსკა|ბსქა|სკალეფი|bska|psḳa|ska|სქა|sḳa	<i>noun</i><br><ol><li>bee (insect)</li><li>beehive, hive</li></ol>
სომაქი|სომაქეფი|somaki	<i>noun</i><br><ol><li>stomach, maw</li></ol>
სომეხი|somexi|სომეხეფი	<i>noun</i><br><ol><li>Armenian, a person from Armenia or of Armenian descent</li></ol>
სონა|sona|სონეფი	<i>noun</i><br><ol><li>celery</li></ol>
სორხი|soxi|sorxi|სოხი|სორხეფი	<i>noun</i><br><ol><li>spring onion</li></ol>
სტოლი|სტოლეფი|stoli|sṭoli|სთოლი	<i>noun</i><br><ol><li>(furniture) table</li></ol>
სუმარი|sumari|სუმარეფი	<i>noun</i><br><ol><li>guest</li></ol>
სუმი|sumi	<i>num</i><br><ol><li>three</li></ol>
სუმჸუჯა|sumʾuǯa|სუმჸუჯეფი	<i>noun</i><br><ol><li>clover, shamrock, trefoil</li></ol>
სქანი ჭირი მა|skani č̣iri ma	<i>phrase</i><br><ol><li>(idiomatic) darling, dear (expression of endearment)</li></ol>
სქვერი|skveri|სქვერეფი	<i>noun</i><br><ol><li>roe deer</li></ol>
სქური|skuri|sḳuri|სკური|სქურეფი	<i>noun</i><br><ol><li>stream, river</li><li>ravine, narrow gorge</li></ol><br><i>name</i><br><ol><li>name of mineral water and its place of origin in Georgia, Samegrelo-Zemo Svaneti, Tsalenjikha</li></ol>
სხული|sxuli	<i>noun</i><br><ol><li>pear</li></ol>
ტაროზი|ṭarozi	<i>noun</i><br><ol><li>good weather</li></ol>
ტვენგე|ṭvenge|ṭvinga|ṭvengere|ტვენგერე|ტვინგა	<i>adj</i><br><ol><li>brainless, stupid, foolish</li></ol>
ტვენი|ტვინი|ṭvini|ṭveni	<i>noun</i><br><ol><li>brain</li></ol>
ტი|ტიეფი|ṭi|ტილეფი	<i>noun</i><br><ol><li>louse</li></ol>
ტინტილა|ტინტილეფი|ṭinṭila	<i>noun</i><br><ol><li>small lizard</li></ol>
ტკვა|ṭḳva	<i>noun</i><br><ol><li>ladder</li></ol>
ტკვარჩელი|ტყვარჩელი|ṭḳvarčeli|ṭq̇varčeli	<i>name</i><br><ol><li>Tkvarcheli</li></ol><br><i>noun</i><br><ol><li>wooden ladder, frame</li></ol>
ტკვარჩელია|ṭḳvarčelia|ṭq̇varčelia|ტყვარჩელია	<i>noun</i><br><ol><li>cyclamen</li></ol>
ტობა|ṭoba|ტობეფი	<i>adj</i><br><ol><li>deep</li></ol><br><i>noun</i><br><ol><li>lake</li></ol>
ტოლიბაში|ṭolibaši	<i>name</i><br><ol><li>tamada</li></ol>
ტორონჯი|ტორონჯეფი|ṭoronǯi	<i>noun</i><br><ol><li>pigeon, dove</li></ol>
ტოტი|ṭvaṭvi|ṭoṭi|ტვატვი|ტოტეფი	<i>noun</i><br><ol><li>hand</li><li>paw</li><li>palm</li><li>animal's frontal legs</li></ol>
ტოფუ|ṭopi|ტოფუეფი|ტოფი|ტოფჷ|ṭopu|ṭopə	<i>noun</i><br><ol><li>nase (Chondrostoma spp. esp. Chondrostoma colchicum, Chondrostoma cyri)</li></ol>
ტურტურუე|ტურტურუეეფი|ṭurṭurue	<i>noun</i><br><ol><li>turtle dove</li><li>Caucasian grouse</li></ol>
ტყა|ტყალეფი|ṭq̇a	<i>noun</i><br><ol><li>forest</li></ol>
ტყები|ṭq̇ebi	<i>noun</i><br><ol><li>hide, skin</li></ol>
ტყვაცი|ტყვაცეფი|ṭq̇vaci	<i>noun</i><br><ol><li>lightning, thunder</li></ol>
ტყოლუა|ṭq̇olua	<i>noun</i><br><ol><li>rolling in mud, verbal noun of ტყოლუნს (ṭq̇oluns)</li></ol>
უშქური|უშქურეფი|uškuri	<i>noun</i><br><ol><li>apple (fruit)</li></ol>
უჩა|uča	<i>adj</i><br><ol><li>black</li></ol>
ფარფალია|parpalia	<i>noun</i><br><ol><li>butterfly</li></ol>
ფარშივი|paršivi	<i>adj</i><br><ol><li>false, fake, insincere</li></ol>
ფატი|paṭi	<i>noun</i><br><ol><li>millet</li></ol>
ფაცხა|pacxa	<i>noun</i><br><ol><li>hut</li></ol>
ფერწო|ფერწოეფი|perc̣o	<i>noun</i><br><ol><li>snail</li></ol>
ფიჟვი|pižvi	<i>noun</i><br><ol><li>lung</li></ol>
ფირტვი|pirṭvi	<i>noun</i><br><ol><li>lung</li></ol>
ფიჭვი|ფიჭვეფი|pič̣vi	<i>noun</i><br><ol><li>pine</li><li>eyelash</li></ol>
ფოლო|polo|ფოლოეფი	<i>noun</i><br><ol><li>hoof</li></ol>
ფრიმული|primuli|Senaki|ფრიმულეფი	<i>noun</i><br><ol><li>beard</li></ol>
ფსივი|ფსივეფი|psivi	<i>noun</i><br><ol><li>vulture</li></ol>
ფუთქური|putkuri|ფუთქურეფი	<i>noun</i><br><ol><li>moss</li></ol>
ფურინბურთი|purinburti	<i>noun</i><br><ol><li>volleyball</li></ol>
ფურკი|purḳi	<i>noun</i><br><ol><li>smoke</li></ol>
ფშალე|pšalo|ფშალა|pšala|pšale|ფშალო	<i>noun</i><br><ol><li>hop (Humulus lupulus)</li></ol>
ქაბლა|ქაბლეფი|kabla	<i>noun</i><br><ol><li>heifer, calf</li></ol>
ქალაქი|kalaki	<i>noun</i><br><ol><li>town, city</li></ol>
ქართალი|ქართალეფი|kartali	<i>noun</i><br><ol><li>Tbilisian (person)</li><li>(figuratively) townsman</li></ol>
ქართი|karti	<i>name</i><br><ol><li>Tbilisi (the capital city of the country of Georgia)</li></ol>
ქარი|Senaki|kari	<i>noun</i><br><ol><li>wind</li></ol>
ქერექენი|kerekeni	<i>adj</i><br><ol><li>(figuratively) very long, tall</li></ol><br><i>noun</i><br><ol><li>mullein (Verbascum spp.)</li></ol>
ქერი|keri|ქერექენი|kerekeni	<i>noun</i><br><ol><li>barley</li></ol>
ქვირა|kvira|ქვირეფი|Senaki	<i>noun</i><br><ol><li>foal, colt</li></ol>
ქვირთუ|kvirtu|ქვირთუეფი	<i>noun</i><br><ol><li>thief</li><li>fraudster, swindler, rogue</li></ol>
ქვირი|ქირი|kviri|kiri	<i>noun</i><br><ol><li>flour</li></ol>
ქვიშილი|ქვიშილეფი|kvišili	<i>noun</i><br><ol><li>brother-in-law</li></ol>
ქვიშნა|kvišna|ქვიშნეფი	<i>noun</i><br><ol><li>Synonym of ქვიშნაბული (kvišnabuli, “sour cherry”)</li><li>bitter vetch (Vicia ervilia)</li></ol>
ქვიშნაბული|ქვიშნა ბული|ქვიშნა ბულეფი|kvišnabuli|kvišna buli|ქვიშნაბულეფი	<i>noun</i><br><ol><li>sour cherry</li></ol>
ქილორი|ქჷლორი|kiori|ქიორი|kilori|kəlori	<i>noun</i><br><ol><li>pheasant</li></ol>
ქირი|kori|kəri|kiri|ქჷრი|ქორი	<i>noun</i><br><ol><li>northern goshawk (Accipiter gentilis)</li></ol>
ქირსე|kirse	<i>name</i><br><ol><li>Christmas</li><li>Christ</li></ol>
ქირსეთუთა|kirsetuta	<i>name</i><br><ol><li>December</li></ol>
ქისე|kise	<i>name</i><br><ol><li>Senaki form of ქირსე (kirse)</li></ol>
ქისეთუთა|kisetuta	<i>name</i><br><ol><li>Senaki form of ქირსეთუთა (kirsetuta)</li></ol>
ქიფური|kipuri	<i>noun</i><br><ol><li>a kind of fermented milk product prepared in skin vessel</li></ol>
ქიჸანა|ქიჸანეფი|kiʾana	<i>noun</i><br><ol><li>country</li></ol>
ქობალი|ქობალეფი|kobali	<i>noun</i><br><ol><li>bread</li><li>wheat</li></ol>
ქოთომი|kotomi|ქოთომეფი	<i>noun</i><br><ol><li>chicken</li></ol>
ქომონჯი|ქომონჯეფი|komonǯi	<i>noun</i><br><ol><li>husband</li></ol>
ქონი|koni	<i>noun</i><br><ol><li>fat</li></ol>
ქორთუ|kortu|ქორთუეფი	<i>noun</i><br><ol><li>(person) Georgian</li></ol>
ქორთული|kortuli	<i>adj</i><br><ol><li>Georgian (of inanimate objects)</li></ol><br><i>name</i><br><ol><li>Georgian (language)</li></ol>
ქოროფე|kerope|ქოროფეეფი|korope|ქეროფე	<i>noun</i><br><ol><li>garden orache (Atriplex hortensis)</li><li>goosefoot (Chenopodioideae)</li><li>chickweed (Stellaria media)</li></ol>
ქუა|ქუალეფი|kua	<i>noun</i><br><ol><li>stone</li></ol>
ქულა|kula	<i>adj</i><br><ol><li>lame, limping, gammy</li></ol>
ქურანი|kurani|ქურანეფი	<i>name</i><br><ol><li>(obsolete) Persia</li></ol><br><i>noun</i><br><ol><li>(dated) bay (horse of chestnut colour)</li></ol>
ქურსი|ქურცი|ქურსეფი|kurci|kursi|ქური|kuri	<i>noun</i><br><ol><li>heel</li></ol>
ქუცი|kuci|ქუცეფი	<i>noun</i><br><ol><li>sea buckthorn</li></ol>
ღანდა|ɣanda	<i>noun</i><br><ol><li>fence</li></ol>
ღანჯი|ღანჯეფი|ɣanǯi	<i>noun</i><br><ol><li>rust</li></ol>
ღეჯი|ღეჯეფი|ɣeǯi	<i>noun</i><br><ol><li>pig</li></ol>
ღვინი|ɣûini|ღუინი|ღუ̂ინი|ɣvini	<i>noun</i><br><ol><li>wine</li></ol>
ღლამი|ɣlami|ღლამეფი	<i>noun</i><br><ol><li>sheatfish (Silurus glanis)</li></ol>
ღორონთი|ɣoronti	<i>noun</i><br><ol><li>God</li></ol>
ღორღონჯი|ɣorɣonǯi|ღორღონჯეფი	<i>noun</i><br><ol><li>goose</li><li>gosling (baby goose)</li></ol>
ღუმა|ɣuma	<i>adv</i><br><ol><li>last night</li></ol>
ღურა|ɣura	<i>noun</i><br><ol><li>death</li></ol>
შვე|šve|შვეე|švee|შვეეფი	<i>noun</i><br><ol><li>avalanche</li></ol>
შვერთი|šverti	<i>noun</i><br><ol><li>carved strip (bark; leather)</li><li>woodwork (cane; rope, cord; basket; lattice; slingshot; etc.)</li></ol>
შინდი|šindi|Senaki	<i>noun</i><br><ol><li>Synonym of ბძგირი (bʒgiri, “cornel (Cornus mas)”)</li></ol>
შინკა|შინკეფი|šinḳa	<i>noun</i><br><ol><li>melon</li></ol>
შონე|šoneti|შონეთი|šone	<i>name</i><br><ol><li>Svaneti</li></ol>
შონი|შონეფი|šoni	<i>noun</i><br><ol><li>Svan (person)</li></ol>
შონური|šonuri	<i>adj</i><br><ol><li>Of or pertaining to Svans</li></ol><br><i>name</i><br><ol><li>Svan (language)</li><li>species of vine</li></ol>
შორდი|šordi	<i>noun</i><br><ol><li>leafy, freshly cut branch</li><li>young alder</li><li>cut branches; fallen leaves</li></ol>
შორტი|šorṭi|შერტი|šerṭi	<i>noun</i><br><ol><li>whip</li><li>leather strip</li><li>layer</li></ol>
შუკა|šuka	<i>noun</i><br><ol><li>lane, side street, alley</li><li>square</li></ol>
შუმორი|šumori	<i>noun</i><br><ol><li>noise</li></ol>
შურდუნი|šurduni|შურდუნეფი	<i>noun</i><br><ol><li>sling (weapon)</li></ol>
შური|šuri	<i>noun</i><br><ol><li>soul</li></ol>
შურიშხა|šurišxa	<i>noun</i><br><ol><li>Saturday</li></ol>
შქართუნი|შქართუნეფი|škartuni	<i>noun</i><br><ol><li>blanket</li></ol>
შქერი|ფშკერი|pšḳeri|შქერეფი|škeri|შკერი|šḳeri	<i>noun</i><br><ol><li>rhododendron, common rhododendron, pontic rhododendron (Rhododendron ponticum)</li></ol>
შქვერთი|škorti|škverti|შქორთი	<i>noun</i><br><ol><li>leather strip, whip</li><li>freshly sprouted plant</li><li>long strip of tree bark</li></ol>
შქვითი|škviti	<i>num</i><br><ol><li>seven</li></ol>
შქვილი|škvili|შქვილეფი|შკვილი|šḳvili|škvindi|შქვინდი	<i>noun</i><br><ol><li>bow (weapon)</li></ol>
შქიშქილა|škiškila	<i>adj</i><br><ol><li>young, tender, fresh</li></ol><br><i>noun</i><br><ol><li>a kind of garlic</li></ol>
შქურდუმი|škurdumi|škurdoni|შქურდონი|შქურდუმეფი	<i>noun</i><br><ol><li>sling (weapon)</li></ol>
შხვართი|šxvarti	<i>adj</i><br><ol><li>straight, flexible</li><li>(Of person) slender, tall</li></ol>
შხუ|šxu	<i>adj</i><br><ol><li>thick</li><li>big, large</li></ol>
შხური|šxuri	<i>noun</i><br><ol><li>sheep</li></ol>
ჩანჯი|čanǯi|ჩანჯეფი	<i>noun</i><br><ol><li>thumb</li></ol>
ჩანჯიკითი|čanǯiḳiti|ჩანჯიკითეფი	<i>noun</i><br><ol><li>thumb</li></ol>
ჩე|če	<i>adj</i><br><ol><li>white</li></ol>
ჩენჩი|ჩვენჩვი|čvenčvi|čenči|ჩენჩეფი	<i>noun</i><br><ol><li>hull, husk, pod, shuck</li></ol>
ჩილი|čəli|ჩჷლი|čili	<i>noun</i><br><ol><li>wife</li></ol>
ჩინორი|činori	<i>noun</i><br><ol><li>Hireling shepherd</li></ol>
ჩირი|ჩირეფი|čiri	<i>noun</i><br><ol><li>wax</li></ol>
ჩირქე|črike|ჩირქეფი|ჩრიქე|čirke	<i>noun</i><br><ol><li>hoof</li><li>thigh</li></ol>
ჩიტი|čiṭi	<i>noun</i><br><ol><li>small bird</li><li>sparrow</li></ol>
ჩიხუ|čixu	<i>noun</i><br><ol><li>piglet</li></ol>
ჩორქო|ჩორქეფი|čorko	<i>noun</i><br><ol><li>hoof</li></ol>
ჩუპა|ჭიპე|čuṗa|ჭაპანი|ჩუპეფი|č̣iṗe|č̣aṗani	<i>noun</i><br><ol><li>navel</li></ol>
ჩქვა|ჩქვალეფი|čkva	<i>noun</i><br><ol><li>fang</li></ol>
ჩქიფი|rčipi|რჩქიფი|რჩიფი|čkipi|rčkipi	<i>noun</i><br><ol><li>fork</li></ol>
ჩქჷ|čkə	<i>pron</i><br><ol><li>we</li></ol>
ჩქჷნი|čkəni	<i>pron</i><br><ol><li>our</li></ol>
ჩხანა|čxana	<i>name</i><br><ol><li>Sun</li></ol><br><i>noun</i><br><ol><li>heat</li></ol>
ჩხვინდი|ჩხუნდი|čxvinǯi|ჩხინდი|čxundi|ჩხვინჯი|čxindi|čxvindi|ჩხვინდეფი	<i>noun</i><br><ol><li>nose</li><li>(historical, camping) a wooden stick bent over a bonfire used for cooking</li></ol>
ჩხომი|ჩხომეფი|čxomi	<i>noun</i><br><ol><li>fish</li></ol>
ჩხონჩხი|ჩხონჩხეფი|čxončxi	<i>noun</i><br><ol><li>liver</li></ol>
ჩხორო|čxoro	<i>num</i><br><ol><li>nine</li></ol>
ჩხუპი|ვჩხუპენქ|ჩხუპენს|ჩხუპენქ|čxuṗi	<i>noun</i><br><ol><li>dispute, conflict, war</li></ol><br><i>verb</i><br><ol><li>to quarrel, to argue</li></ol>
ცა|ca	<i>noun</i><br><ol><li>sky</li><li>heaven</li><li>palate (roof of the mouth)</li></ol>
ცარქულა|carkula	<i>adj</i><br><ol><li>lame, limping, gammy</li></ol>
ცაშორტყაფუ|cašorṭq̇apu|ცაშორტყაფუეფი	<i>noun</i><br><ol><li>rainbow</li></ol>
ცაშხა|cašxa	<i>noun</i><br><ol><li>Thursday</li></ol>
ცელი|celi|ცელეფი	<i>noun</i><br><ol><li>scythe</li></ol>
ცი|cə|ci|ციეფი|ცჷ	<i>noun</i><br><ol><li>elm</li></ol>
ციბა|ცჷბა|ciba|cəba	<i>noun</i><br><ol><li>cat</li></ol>
ციკი|ციკეფი|ciḳi	<i>noun</i><br><ol><li>column, pillar</li><li>central supporting pillar / post / prop (of roofs, tents, etc.)</li><li>tip, point, spike</li><li>(figuratively) clitoris</li></ol>
ციმუა|ცჷმჸუა|cəmʾua|ციმუეფი|cimʾua|cimua|cəmua|ციმჸუა|ცჷმუა|ციმჸვა|cimʾva	<i>noun</i><br><ol><li>strawberry</li></ol>
ცინდალი|ცინდალეფი|cindali	<i>noun</i><br><ol><li>kitten</li></ol>
ცინყა|ცინყეფი|cinq̇a	<i>noun</i><br><ol><li>Synonym of მაჸურზენე (maʾurzene, “Caucasian whortleberry (Vaccinium arctostaphylos)”)</li></ol>
ცირა|ცირეფი|cira	<i>noun</i><br><ol><li>girl</li><li>daughter</li></ol>
ცოჸუ|ცოჸუეფი|ciʾvi|ciʾu|ციჸუ|ციჸვი|coʾu	<i>noun</i><br><ol><li>squirrel</li></ol>
ცურუ|სურუ|curu|სვირო|ცურუეფი|sviro	<i>noun</i><br><ol><li>ivy (Hedera)</li></ol>
ცქვეცქვი|ცქეცქვი|ckeckvi|ჩქვეჩქვი|ჩქეჩქვი|čkečkvi|čkvečkvi|ckveckvi|ცქვეცქვეფი	<i>noun</i><br><ol><li>hull, husk, pod, shuck</li></ol>
ცქუმუნტური|ცხმუტური|ცქიმუნტური|ცხუმუტური|ცქუმუნტურეფი|ცქუმუტური|ckimuṭuri|cxmuṭuri|ckumuṭuri|cxumunṭuri|ცხუმუნტური|ckumunṭuri|ckimunṭuri|cxumuṭuri|ცქიმუტური	<i>noun</i><br><ol><li>medlar</li></ol>
ცხალი|cxali|ცხალეფი	<i>noun</i><br><ol><li>Acer cappadocicum</li></ol>
ცხაცხუ|cxacxu|cacxu|ცხაცხუეფი|ცაცხუ	<i>noun</i><br><ol><li>lime tree, linden</li></ol>
ცხემური|cxemuri	<i>noun</i><br><ol><li>Senaki form of ცხიმური (cximuri)</li></ol>
ცხენი|cxeni	<i>noun</i><br><ol><li>horse</li></ol>
ცხვენი|ცხვინჯი|ცხვინი|c’xvini|ცხვინდი|cxvinǯi|cxveni|cxvindi|ცხვენდი|cxvendi	<i>noun</i><br><ol><li>the ceiling above the hearth</li></ol>
ცხიმური|ცხიმურეფი|cximuri	<i>noun</i><br><ol><li>hornbeam (Carpinus caucasica)</li></ol>
ცხუ|cxu	<i>noun</i><br><ol><li>the ceiling above the hearth</li></ol>
ძელი|ნძელი|ʒeli|nʒeli	<i>noun</i><br><ol><li>white meat, tender meat</li></ol>
ძერა|ძერეფი|nʒera|ʒera|ნძერა|ძერო|ʒero	<i>noun</i><br><ol><li>kite, falcon</li><li>dill (Anethum graveolens)</li></ol>
ძიქვა|ʒikva	<i>noun</i><br><ol><li>pantaloons, trousers, pants</li></ol>
ძუღე|ʒuɣe	<i>adj</i><br><ol><li>very, very much, well</li><li>strong, healthy</li></ol>
ძღაბი|ʒɣabi	<i>noun</i><br><ol><li>girl</li></ol>
ძჷგა|ʒəga	<i>noun</i><br><ol><li>woolen yarn</li></ol>
წამი|c̣ami	<i>noun</i><br><ol><li>moment, second, instant, blink</li></ol>
წარი|წარეფი|c̣ari|წარბი|c̣arbi|წარბეფი	<i>noun</i><br><ol><li>eyebrow</li></ol>
წერო|ნწერო|nc̣ero|c̣ero|წეროეფი	<i>noun</i><br><ol><li>crane (Grus spp.)</li></ol>
წვანჯი|წვანჯეფი|c̣vandi|წვანდი|c̣vanǯi	<i>noun</i><br><ol><li>tip, peak, point</li></ol>
წვენი|c̣veni	<i>noun</i><br><ol><li>juice, sap</li></ol>
წვინარი|წვინარეფი|c̣vinari|c̣vinori|წვინორი	<i>noun</i><br><ol><li>otter</li></ol>
წინგი|c̣ingi|წინგეფი	<i>noun</i><br><ol><li>book</li></ol>
წიფური|c̣ipuri|წიფურეფი	<i>noun</i><br><ol><li>beech</li></ol>
წიწინდერა|c̣ic̣indera	<i>noun</i><br><ol><li>Synonym of ციმუა (cimua, “strawberry”)</li></ol>
წუმი|c̣umi	<i>noun</i><br><ol><li>minute, second</li></ol>
წყარი|c̣q̇ari	<i>noun</i><br><ol><li>water</li></ol>
წყარისინდი|c̣q̇arisindi|წყარისინჯი|წყარისინდეფი|c̣q̇arisinǯi	<i>noun</i><br><ol><li>wild duck</li></ol>
წყეი|c̣q̇oi|წყი|c̣q̇i|c̣q̇ivi|წყეეფი|c̣q̇ovi|c̣q̇ei|წყოი|წყოვი|წყივი	<i>noun</i><br><ol><li>cherry laurel (Prunus laurocerasus)</li></ol>
წყირი|წყჷრი|c̣q̇iri|წყირეფი|c̣q̇əri	<i>noun</i><br><ol><li>flea</li></ol>
წყოლი|c̣q̇ili|წყოლეფი|წყილი|c̣q̇oli	<i>noun</i><br><ol><li>cherry laurel (Prunus laurocerasus)</li></ol>
ჭაბუ|č̣abu	<i>noun</i><br><ol><li>glue</li></ol>
ჭანდარი|č̣andari|č̣adari|ჭადარი	<i>noun</i><br><ol><li>plane tree</li></ol>
ჭანდი|ჭანდეფი|č̣anǯi|ჭანჯეფი|č̣andi|ჭანჯი	<i>noun</i><br><ol><li>fly (insect)</li></ol>
ჭაფურია|č̣apuria	<i>adj</i><br><ol><li>(figuratively) sugar-sweet</li><li>(figuratively) glutinous, sticky (from sweetness)</li></ol><br><i>noun</i><br><ol><li>(figuratively) sugar</li><li>a kind of sweet mountain grass</li></ol>
ჭაჭა|č̣ač̣a|ჭაჭეფი	<i>noun</i><br><ol><li>kidney</li></ol>
ჭემი|č̣emi|rč̣emi|რჭემი	<i>noun</i><br><ol><li>pubic hair</li></ol>
ჭვიმა|ჭვიმეფი|ჭვემა|č̣vima|č̣vema	<i>noun</i><br><ol><li>rain</li></ol>
ჭითა|č̣ita	<i>adj</i><br><ol><li>red</li></ol>
ჭიკუ|č̣iḳu|ჭირკუ|č̣irḳu	<i>adj</i><br><ol><li>small</li><li>wormy (of fruits)</li></ol>
ჭიკუტია|č̣iḳuṭia	<i>adj</i><br><ol><li>very small, tiny</li></ol>
ჭირპი|ჭირპეფი|č̣irṗi	<i>noun</i><br><ol><li>rheum, eye gunk</li></ol>
ჭკადუ|č̣ḳadu|ჭკადუეფი	<i>noun</i><br><ol><li>smith, blacksmith</li></ol>
ჭკიდი|ჭკჷდი|č̣ḳədi|ჭკიდეფი|č̣ḳidi	<i>noun</i><br><ol><li>mč̣adi</li><li>millet</li></ol>
ჭკირი|ჭკჷრი|č̣ḳəri|ჭკირეფი|č̣ḳiri	<i>noun</i><br><ol><li>nit (egg of louse; young louse)</li></ol>
ჭკორი|č̣ḳori|ჭკორეფი	<i>noun</i><br><ol><li>slave, servant, captive</li></ol>
ჭკუჯი|č̣ḳuǯi	<i>noun</i><br><ol><li>vessel (container)</li><li>coffin</li><li>ship</li></ol>
ჭრაკვი|ჭრაკვეფი|č̣raḳvi	<i>noun</i><br><ol><li>Synonym of სორხი (sorxi, “spring onion”)</li></ol>
ჭუაქი|ჭუაქეფი|č̣uaki	<i>noun</i><br><ol><li>Synonym of სორხი (sorxi, “spring onion”)</li></ol>
ჭუბური|ჭუბურეფი|č̣uburi	<i>noun</i><br><ol><li>chestnut</li></ol>
ჭუმე|č̣ume	<i>adv</i><br><ol><li>tomorrow</li></ol>
ჭუჭელე|č̣uč̣ele|ჭუჭელეეფი	<i>noun</i><br><ol><li>nettle</li></ol>
ჭყერია|ჭყორია|č̣q̇eria|ჭყერიეფი|č̣q̇oria	<i>noun</i><br><ol><li>birch</li></ol>
ჭყონი|ჭყონეფი|č̣q̇oni	<i>noun</i><br><ol><li>oak</li></ol>
ჭყორი|č̣q̇ori|ჭყორეფი	<i>noun</i><br><ol><li>quail</li></ol>
ჭყორტოტი|ჭყორტოტეფი|ჭყორყოტი|č̣q̇orṭoṭi|č̣q̇orč̣q̇oṭi|č̣q̇orq̇oṭi|ჭყორჭყოტი	<i>noun</i><br><ol><li>hairy crabgrass (Digitaria sanguinalis)</li></ol>
ჭჷ|č̣ə|č̣i|ჭიეფი|ჭუეფი|ჭუ|ჭი|č̣u	<i>noun</i><br><ol><li>intestine, gut</li></ol>
ხაბო|ხაბოეფი|xabo	<i>noun</i><br><ol><li>ravine</li></ol>
ხაბურზაკი|xaburzaḳi|ხაბურზაკეფი	<i>noun</i><br><ol><li>watermelon</li></ol>
ხამუ|xami|ხამი|xamu|ხამუეფი	<i>noun</i><br><ol><li>knife</li></ol>
ხანდარა|xandara	<i>noun</i><br><ol><li>bad weather</li></ol>
ხართა|xarta	<i>noun</i><br><ol><li>leather bottle</li></ol>
ხარხი|xarxi|ხარხეფი	<i>noun</i><br><ol><li>folk, people</li><li>(dated) jetty, levee</li></ol>
ხაჯი|xaǯi	<i>noun</i><br><ol><li>broad bean, Vicia faba</li></ol>
ხე|ხელეფი|xe	<i>noun</i><br><ol><li>hand</li></ol>
ხეჭეთი|xeč̣eti	<i>noun</i><br><ol><li>cream (oily part of milk)</li></ol>
ხვამცა|xvamca	<i>noun</i><br><ol><li>azalea caucasica (Rhododendron caucasicum)</li></ol>
ხვარხვი|xvarxvi|ხვარხვეფი	<i>noun</i><br><ol><li>onion, allium</li></ol>
ხვილარი|ხვილარეფი|xvilari	<i>noun</i><br><ol><li>lizard</li></ol>
ხვიპი|xviṗi	<i>adj</i><br><ol><li>deep (usually of vessels)</li></ol><br><i>noun</i><br><ol><li>handful (of something)</li></ol>
ხვიჩა|xviča	<i>adj</i><br><ol><li>glowing, glaring, radiant, brightly-shining</li><li>wide, broad</li></ol>
ხინჯი|xinǯi	<i>noun</i><br><ol><li>bridge</li></ol>
ხონჭკა|xonč̣ḳa	<i>adj</i><br><ol><li>semi ripe</li></ol>
ხორცი|xorci	<i>noun</i><br><ol><li>meat</li></ol>
ხორხაფი|xorxapi	<i>verb</i><br><ol><li>to rub against something</li></ol>
ხორხი|xorxi	<i>noun</i><br><ol><li>saw (tool for sawing)</li></ol>
ხორხოტა|xorxoṭa|ხორხოტეფი	<i>noun</i><br><ol><li>throat</li><li>gullet</li><li>larynx</li></ol>
ხოხობი|xoxobi	<i>noun</i><br><ol><li>pheasant</li></ol>
ხუთი|xuti	<i>num</i><br><ol><li>five</li></ol>
ხუთი კითიცალო|xuti ḳiticalo	<i>phrase</i><br><ol><li>precisely, finely</li></ol>
ხული|xuli|ხულეფი	<i>noun</i><br><ol><li>kohlrabi</li></ol>
ხუმა|xuma	<i>noun</i><br><ol><li>voice, sound</li></ol>
ხუნჯი|xunǯi|ხუნჯეფი	<i>noun</i><br><ol><li>iron trap</li><li>(leg) fetters, shackles</li></ol>
ხუტოლი|xuṭoli	<i>noun</i><br><ol><li>hug, embrace</li></ol>
ხუშქორი|ხუშქორეფი|xuškori	<i>noun</i><br><ol><li>crunch (especially of food)</li></ol>
ხუჯი|xuǯi|ხუჯეფი	<i>noun</i><br><ol><li>shoulder</li></ol>
ჯა|ჯალეფი|ǯa	<i>noun</i><br><ol><li>tree</li></ol>
ჯაპი|ჯაპეფი|ǯaṗi	<i>noun</i><br><ol><li>mulberry</li></ol>
ჯაჭვი|ǯač̣vi|ჯაჭვეფი	<i>noun</i><br><ol><li>chain</li></ol>
ჯგირი|ǯgiri	<i>adj</i><br><ol><li>good, okay, well, fine</li><li>holy, saint</li></ol><br><i>intj</i><br><ol><li>OK, good, okay, well, fine</li></ol>
ჯეგე|გეგე|გერგი|gergi|gege|ჯგეგე|ǯgege|ჯგეჰე|ǯege|ǯgehe	<i>name</i><br><ol><li>Saint George</li></ol><br><i>adj</i><br><ol><li>saint</li></ol>
ჯვეში|ǯveši	<i>adj</i><br><ol><li>old</li></ol>
ჯიმა|ჯჷმა|ǯima|ჯიმალეფი|ǯəma	<i>noun</i><br><ol><li>brother</li></ol>
ჯიმუ|ǯimu|ǯəmu|ჯჷმუ	<i>noun</i><br><ol><li>salt</li></ol>
ჯინჯი|ჯინჯეფი|ǯinǯi	<i>noun</i><br><ol><li>root, bottom</li></ol>
ჯიშკილა|ჯიშკილეფი|ǯišḳila	<i>noun</i><br><ol><li>ramsons (Allium ursinum)</li></ol>
ჯიხა|ǯixa|ჯიხეფი	<i>adj</i><br><ol><li>(figuratively) tall, stalwart, mighty</li></ol><br><i>noun</i><br><ol><li>fortress, castle</li></ol>
ჯოგი|ǯogi	<i>noun</i><br><ol><li>herd</li></ol>
ჯორი|ǯori|ჯორეფი	<i>noun</i><br><ol><li>mule</li></ol>
ჯოღორი|ǯoɣori|ჯოღორეფი	<i>noun</i><br><ol><li>dog</li></ol>
ჯოხო|ჯოხოეფი|ǯoxo	<i>noun</i><br><ol><li>name</li><li>face</li></ol>
ჯუმაშხა|ǯumašxa	<i>noun</i><br><ol><li>Wednesday</li></ol>
ჯუმენე|ჯუმენეეფი|ǯumene	<i>noun</i><br><ol><li>redroot pigweed (Amaranthus retroflexus)</li></ol>
ჯუნა|ჯუნეფი|ǯuna	<i>noun</i><br><ol><li>kiss</li></ol>
ჯუნუნს|ჯუნა|ǯununs|ǯuna	<i>verb</i><br><ol><li>to kiss</li></ol>
ჯუჯი|ǯuǯi|ჯუჯეფი	<i>noun</i><br><ol><li>Jvari form of დუდი (dudi)</li></ol>
ჯღირჯღი|ჯღირჯღუ|ǯɣirǯɣu|ǯɣərǯɣə|ჯღჷრჯღჷ|ჯღირჯღეფი|ǯɣirǯɣi	<i>noun</i><br><ol><li>mistle thrush (Turdus viscivorus)</li></ol>
ჰამო|ამო|amo|hamo	<i>adj</i><br><ol><li>sweet, pleasant, delightful, agreeable, likable, satisfying</li></ol>
ჸა|ʾa|ჸალეფი	<i>noun</i><br><ol><li>branch, bough, twig</li></ol><br><i>intj</i><br><ol><li>no</li></ol>
ჸალი|ʾali|ჸალეფი	<i>noun</i><br><ol><li>(dated) throat</li></ol>
ჸანჩი|q̇ənči|q̇anči|ყჷნჩი|ყანჩი|ჸანჩეფი|ʾanči	<i>noun</i><br><ol><li>heron</li></ol>
ჸვალი|ʾvali	<i>noun</i><br><ol><li>cheese</li></ol>
ჸვალმინთა|ჸვალმინთეფი|ʾvalminta	<i>noun</i><br><ol><li>mint (esp. Mentha longifolia)</li></ol>
ჸვანა|ჸვანეფი|ʾvana	<i>noun</i><br><ol><li>cornfield</li><li>earth, ground, land</li></ol>
ჸვინგი|q̇vingi|ʾvingi|ყვინგი|ჸვინგეფი	<i>noun</i><br><ol><li>(anatomy) temple</li><li>(anatomy) occiput</li><li>(anatomy) neck</li></ol>
ჸილო|ჸილოეფი|ʾilo|q̇ilo|ყილო	<i>noun</i><br><ol><li>tiger</li></ol>
ჸომური|ჸომურეფი|omuri|ჸუმური|q̇omuri|ომური|ʾumuri|ʾomuri|ყომური	<i>noun</i><br><ol><li>cherry plum (Prunus cerasifera)</li><li>tkemali, a cherry plum sauce</li></ol>
ჸორი|ჸორეფი|ʾori	<i>noun</i><br><ol><li>sow (female pig)</li></ol>
ჸოროფა|ʾoropa|ყოროფა|q̇oropa	<i>noun</i><br><ol><li>love</li></ol>
ჸუდე|ჸუდეეფი|ʾude	<i>noun</i><br><ol><li>home, house</li></ol>
ჸუნგა|ʾunga	<i>adj</i><br><ol><li>deaf</li></ol>
ჸურდგელი|ʾurdgeli|ყურდგელი|ḳurdgeli|q̇urdgeli|კურდგელი	<i>noun</i><br><ol><li>hare</li></ol>
ჸურზენი|ʾurzeni	<i>noun</i><br><ol><li>grape</li></ol>
ჸურუ|ʾuru	<i>adj</i><br><ol><li>dumb, silly</li><li>(figuratively) youthful, young</li><li>deaf</li></ol>
ჸუჯა|ʾuǯa	<i>adj</i><br><ol><li>dumb, silly</li><li>big eared</li><li>deaf, earless</li></ol>
ჸუჯი|ჸუჯეფი|ʾuǯi	<i>noun</i><br><ol><li>ear</li></ol>
