0.	<i>adj</i><br><ol><li>0th</li></ol>
1.	<i>adj</i><br><ol><li>1st</li></ol>
10.	<i>adj</i><br><ol><li>10th</li></ol>
11.	<i>adj</i><br><ol><li>11th</li></ol>
12.	<i>adj</i><br><ol><li>12th</li></ol>
13.	<i>adj</i><br><ol><li>13th</li></ol>
2.	<i>adj</i><br><ol><li>2nd</li></ol>
20.	<i>adj</i><br><ol><li>20th, twentieth</li></ol>
3.	<i>adj</i><br><ol><li>3rd</li></ol>
4.	<i>adj</i><br><ol><li>4th</li></ol>
5.	<i>adj</i><br><ol><li>5th</li></ol>
6.	<i>adj</i><br><ol><li>6th</li></ol>
7.	<i>adj</i><br><ol><li>7th</li></ol>
8.	<i>adj</i><br><ol><li>8th</li></ol>
9.	<i>adj</i><br><ol><li>9th</li></ol>
ABM	<i>noun</i><br><ol><li>Initialism of arkiv, bibliotek, museum (“archives, libraries and museums defined as a coherent sector”).</li></ol>
AKP	<i>name</i><br><ol><li>Initialism of Arbeidernes Kommunistparti(also AKP(ml)), a defunct Norwegian communist party</li></ol><br><i>noun</i><br><ol><li>Initialism of Ambulanse Kontroll Punkt; ambulance control point. A designated location in disaster response protocol from where ambulances are guided into and out of the accident area.</li></ol>
AMK	<i>name</i><br><ol><li>Initialism of Akuttmedisinsk kommunikasjonssentral.</li></ol>
ANS	<i>noun</i><br><ol><li>Abbreviation of ansvarlig selskap, a personal responsibility company similar to a limited partnership.</li></ol>
Aaby	<i>name</i><br><ol><li>a Norwegian surname</li></ol>
Ada	<i>name</i><br><ol><li>Adah (Biblical figure)</li></ol>
Adam	<i>name</i><br><ol><li>Adam (biblical figure)</li></ol>
Andeby	<i>name</i><br><ol><li>Duckburg</li></ol>
Andreas	<i>name</i><br><ol><li>Andrew (biblical figure)</li></ol>
Anna	<i>name</i><br><ol><li>Anna, the prophetess.</li></ol>
Antikrist	<i>name</i><br><ol><li>Antichrist (one who works against the Christ's teaching)</li></ol>
Aremark	<i>name</i><br><ol><li>A municipality of Østfold, Norway</li></ol>
Aron	<i>name</i><br><ol><li>Aaron (biblical figure).</li></ol>
Asia	<i>name</i><br><ol><li>Asia (a continent)</li></ol>
Askvoll	<i>name</i><br><ol><li>A municipality of Sogn og Fjordane, Norway</li></ol>
Askøy	<i>name</i><br><ol><li>A municipality of Hordaland, Norway</li></ol>
Aurora	<i>name</i><br><ol><li>(Roman mythology) Aurora</li></ol>
Aurvoll	<i>name</i><br><ol><li>A municipality of Sogn og Fjordane, Norway</li></ol>
Austevoll	<i>name</i><br><ol><li>A municipality of Hordaland, Norway</li></ol>
Austrheim	<i>name</i><br><ol><li>A municipality of Hordaland, Norway</li></ol>
Balestrand	<i>name</i><br><ol><li>A municipality of Sogn og Fjordane, Norway</li></ol>
Balsfjord	<i>name</i><br><ol><li>A municipality of Troms, Norway</li></ol>
Bardu	<i>name</i><br><ol><li>A municipality of Troms, Norway</li></ol>
Begeret	<i>name</i><br><ol><li>Crater (a constellation)</li></ol>
Beiarn	<i>name</i><br><ol><li>A municipality of Nordland, Norway</li></ol>
Benjamin	<i>name</i><br><ol><li>Benjamin (Biblical figure)</li></ol>
Berg	<i>name</i><br><ol><li>A municipality of Troms, Norway</li></ol>
Berlevåg	<i>name</i><br><ol><li>A municipality of Finnmark, Norway</li></ol>
Bindal	<i>name</i><br><ol><li>A municipality of Nordland, Norway</li></ol>
Bjarkøy	<i>name</i><br><ol><li>A municipality of Troms, Norway</li></ol>
Bjerkreim	<i>name</i><br><ol><li>A municipality of Rogaland, Norway</li></ol>
Blakken	<i>name</i><br><ol><li>Common name given horses that are pale brown or dun.</li></ol>
Bokn	<i>name</i><br><ol><li>A municipality of Rogaland, Norway</li></ol>
Bordet	<i>name</i><br><ol><li>Mensa (constellation)</li></ol>
Bremanger	<i>name</i><br><ol><li>A municipality of Sogn og Fjordane, Norway</li></ol>
Brokk	<i>name</i><br><ol><li>(Norse mythology) Brokk, one of two dwarves who made Gullinbursti, Draupnir, and Mjolnir</li></ol>
Bygland	<i>name</i><br><ol><li>A municipality of Aust-Agder, Norway</li></ol>
Bykle	<i>name</i><br><ol><li>A municipality of Aust-Agder, Norway</li></ol>
Bysants	<i>name</i><br><ol><li>Byzantium (ancient Greek city)</li></ol>
Båtsfjord	<i>name</i><br><ol><li>A municipality of Finnmark, Norway</li></ol>
Dahl	<i>name</i><br><ol><li>a topographic surname</li></ol>
Dan	<i>name</i><br><ol><li>(biblical) Dan.</li></ol>
Daniel	<i>name</i><br><ol><li>Daniel (biblical book and prophet)</li></ol>
David	<i>name</i><br><ol><li>(biblical) David</li></ol>
Delfi	<i>name</i><br><ol><li>Delphi</li></ol>
Delfinen	<i>name</i><br><ol><li>Delphinus (constellation)</li></ol>
Dina	<i>name</i><br><ol><li>Dinah (biblical character)</li></ol>
Dovre	<i>name</i><br><ol><li>A municipality of Oppland, Norway</li></ol>
Drangedal	<i>name</i><br><ol><li>A municipality of Telemark, Norway</li></ol>
Dyrøy	<i>name</i><br><ol><li>A municipality of Troms, Norway</li></ol>
Dødsdalen	<i>name</i><br><ol><li>(informal) A vale in Isdalen, Ulriken, Bergen, Hordaland district, Vestland, Western Norway, Norway</li></ol>
Dønna	<i>name</i><br><ol><li>A municipality in Nordland, Norway</li></ol>
Eid	<i>name</i><br><ol><li>A parish and former municipality of Stad, Nordfjord district, Sogn og Fjordane borough, Vestland, Vestlandet, Norway</li><li>A parish and former municipality of Kvinnherad, Sunnhordland district, Hordaland borough, Vestland, Vestlandet, Norway</li><li>A parish and former municipality of Rauma, Møre og Romsdal, Vestlandet, Norway</li></ol>
Eidfjord	<i>name</i><br><ol><li>A municipality of Hordaland, Norway</li></ol>
Elia	<i>name</i><br><ol><li>Elijah (biblical character)</li></ol>
Eliah	<i>name</i><br><ol><li>Elijah (biblical character)</li></ol>
Elisabet	<i>name</i><br><ol><li>Elizabeth (biblical character)</li></ol>
Elisja	<i>name</i><br><ol><li>Elisha (Biblical figure)</li></ol>
Enebakk	<i>name</i><br><ol><li>A municipality of Akershus, Norway</li></ol>
Enga	<i>name</i><br><ol><li>Nickname of Vålerengens Idrettsforening, a Norwegian sports club and Norwegian Premier League football team.</li></ol>
Engerdal	<i>name</i><br><ol><li>A municipality of Hedmark, Norway</li></ol>
Esekiel	<i>name</i><br><ol><li>Ezekiel (biblical character)</li><li>the book of Ezekiel</li></ol>
Esra	<i>name</i><br><ol><li>Ezra (biblical figure)</li><li>the Book of Ezra</li></ol>
Ester	<i>name</i><br><ol><li>Esther (biblical character)</li><li>the book of Esther</li></ol>
Etne	<i>name</i><br><ol><li>A municipality of Hordaland, Norway</li></ol>
Etnedal	<i>name</i><br><ol><li>A municipality of Oppland, Norway</li></ol>
Eva	<i>name</i><br><ol><li>Eve (biblical character).</li></ol>
Evje og Hornnes	<i>name</i><br><ol><li>A municipality of Aust-Agder, Norway</li></ol>
FN	<i>name</i><br><ol><li>Abbreviation of De forente nasjoner (“United Nations”).</li></ol>
Fantomet	<i>name</i><br><ol><li>The character and comic The Phantom (Wikipedia article)</li></ol>
Fedje	<i>name</i><br><ol><li>A municipality of Hordaland, Norway</li></ol>
Filip	<i>name</i><br><ol><li>(biblical) Philip</li></ol>
Fitjar	<i>name</i><br><ol><li>A municipality of Hordaland, Norway</li></ol>
Fjaler	<i>name</i><br><ol><li>A municipality of Sogn og Fjordane, Norway</li></ol>
Flesberg	<i>name</i><br><ol><li>A municipality of Buskerud, Norway</li></ol>
Flå	<i>name</i><br><ol><li>A municipality of Buskerud, Norway</li></ol>
Folldal	<i>name</i><br><ol><li>A municipality of Hedmark, Norway</li></ol>
Froland	<i>name</i><br><ol><li>A municipality of Aust-Agder, Norway</li></ol>
Fyresdal	<i>name</i><br><ol><li>A municipality of Telemark, Norway</li></ol>
Gabriel	<i>name</i><br><ol><li>Gabriel (Archangel).</li></ol>
Gamvik	<i>name</i><br><ol><li>A municipality of Finnmark, Norway</li></ol>
Gildeskål	<i>name</i><br><ol><li>A municipality of Nordland, Norway</li></ol>
Giske	<i>name</i><br><ol><li>A municipality of Møre og Romsdal, Norway</li></ol>
Gjerdrum	<i>name</i><br><ol><li>A municipality of Akershus, Norway</li></ol>
Gjerstad	<i>name</i><br><ol><li>A municipality of Aust-Agder, Norway</li></ol>
Gjesdal	<i>name</i><br><ol><li>A municipality of Rogaland, Norway</li></ol>
Gloppen	<i>name</i><br><ol><li>A municipality of Sogn og Fjordane, Norway</li></ol>
Gol	<i>name</i><br><ol><li>A municipality of Buskerud, Norway</li></ol>
Golgata	<i>name</i><br><ol><li>(biblical) Golgotha</li></ol>
Gran	<i>name</i><br><ol><li>A municipality of Oppland, Norway</li></ol>
Grane	<i>name</i><br><ol><li>A municipality of Nordland, Norway</li></ol>
Gratangen	<i>name</i><br><ol><li>A municipality of Troms, Norway</li></ol>
Grete	<i>name</i><br><ol><li>Gretel, the girl in the fairy tale Hansel and Gretel.</li></ol>
Grue	<i>name</i><br><ol><li>A municipality of Hedmark, Norway</li></ol>
Gud	<i>name</i><br><ol><li>God</li></ol>
Gulehavet	<i>name</i><br><ol><li>Yellow Sea (asian sea)</li></ol>
H|h	<i>character</i><br><ol><li>The eighth letter of the Norwegian alphabet.</li></ol>
Hamarøy	<i>name</i><br><ol><li>A municipality of Nordland, Norway</li></ol>
Hanna	<i>name</i><br><ol><li>Hannah (biblical character)</li></ol>
Hans	<i>name</i><br><ol><li>Hansel, the boy in the fairy tale Hansel and Gretel.</li></ol>
Hansen	<i>name</i><br><ol><li>The most common surname originating as a patronymic in Norway</li></ol>
Hareid	<i>name</i><br><ol><li>A municipality of Møre og Romsdal, Norway</li></ol>
Hasvik	<i>name</i><br><ol><li>A municipality of Finnmark, Norway</li></ol>
Hattfjelldal	<i>name</i><br><ol><li>A municipality of Nordland, Norway</li></ol>
Helvete	<i>name</i><br><ol><li>a gorge located in the valley of Espedalen in Sør-Fron and Gausdal municipalities</li></ol>
Hemnes	<i>name</i><br><ol><li>A municipality of Nordland, Norway</li></ol>
Hemsedal	<i>name</i><br><ol><li>A municipality of Buskerud, Norway</li></ol>
Herstad	<i>name</i><br><ol><li>a place name</li></ol>
Hiskia	<i>name</i><br><ol><li>Hezekiah (biblical character)</li></ol>
Hjartdal	<i>name</i><br><ol><li>A municipality of Telemark, Norway</li></ol>
Hjelmeland	<i>name</i><br><ol><li>A municipality of Rogaland, Norway</li></ol>
Hol	<i>name</i><br><ol><li>A municipality of Buskerud, Norway.</li></ol>
Hole	<i>name</i><br><ol><li>A municipality of Buskerud, Norway</li></ol>
Holm	<i>name</i><br><ol><li>a topographic surname</li></ol>
Hulda	<i>name</i><br><ol><li>Huldah (biblical figure)</li></ol>
Hurdal	<i>name</i><br><ol><li>A municipality of Akershus, Norway</li></ol>
Hyllestad	<i>name</i><br><ol><li>A municipality of Sogn og Fjordane, Norway</li></ol>
Hypnos	<i>name</i><br><ol><li>(Greek mythology) Hypnos</li></ol>
Hægebostad	<i>name</i><br><ol><li>A municipality of Vest-Agder, Norway</li></ol>
Høyanger	<i>name</i><br><ol><li>A municipality of Sogn og Fjordane, Norway</li></ol>
IL	<i>noun</i><br><ol><li>Abbreviation of idrettslag.</li></ol>
ISP|ISP-ene|ISP-en|ISP-ane|ISP-er|ISP-ar	<i>noun</i><br><ol><li>ISP (Internet service provider)</li></ol>
Immanuel	<i>name</i><br><ol><li>(biblical) Immanuel</li></ol>
Internett	<i>name</i><br><ol><li>Internet</li></ol>
Iris	<i>name</i><br><ol><li>(Greek mythology) Iris</li></ol>
Isai	<i>name</i><br><ol><li>Jesse (biblical character)</li></ol>
Isak	<i>name</i><br><ol><li>Isaac (biblical character).</li></ol>
JVB	<i>name</i><br><ol><li>Jotunheimen og Valdresruten Bilselskap</li></ol>
Jakob	<i>name</i><br><ol><li>Jacob (biblical character)</li><li>James (biblical character)</li></ol>
Jeremia	<i>name</i><br><ol><li>(biblical) Jeremiah. Given name form: Jeremias.</li></ol>
Jesaja	<i>name</i><br><ol><li>(biblical) Isaiah</li></ol>
Jesus|Jesu	<i>name</i><br><ol><li>Jesus</li></ol>
Jevnaker	<i>name</i><br><ol><li>A municipality of Oppland, Norway</li></ol>
Joel	<i>name</i><br><ol><li>(biblical) Joel.</li></ol>
Johanna	<i>name</i><br><ol><li>(biblical) Joanna.</li></ol>
Johannes	<i>name</i><br><ol><li>(biblical) John.</li></ol>
Jona	<i>name</i><br><ol><li>Jonah (biblical book and character)</li></ol>
Jonas	<i>name</i><br><ol><li>(religion) Jonah.</li></ol>
Jonatan	<i>name</i><br><ol><li>(biblical) Jonathan.</li></ol>
Josef	<i>name</i><br><ol><li>(biblical) Joseph.</li></ol>
Josva	<i>name</i><br><ol><li>(biblical) Joshua.</li></ol>
Judit	<i>name</i><br><ol><li>(biblical) Judith.</li></ol>
Julie	<i>name</i><br><ol><li>Juliet, the lover of Romeo.</li></ol>
Jupiter	<i>name</i><br><ol><li>Jupiter (planet)</li><li>Jupiter (Roman god)</li></ol>
KNM	<i>noun</i><br><ol><li>(nautical, military) Kongelig Norsk Marine — HNoMS (HNMS) – ship prefix of the Royal Norwegian Navy (Sjøforsvaret)</li></ol>
Kaba	<i>name</i><br><ol><li>(Islam) Kaaba</li></ol>
Karasjok	<i>name</i><br><ol><li>A municipality and its central village in Finnmark, Norway</li></ol>
Kaspar	<i>name</i><br><ol><li>Caspar of the Magi.</li></ol>
Kautokeino	<i>name</i><br><ol><li>Kautokeino (a municipality of Finnmark, Norway)</li></ol>
Klepp	<i>name</i><br><ol><li>A municipality of Rogaland, Norway</li></ol>
Konfutse	<i>name</i><br><ol><li>Confucius</li></ol>
Krepsen	<i>name</i><br><ol><li>Cancer (constellation)</li></ol>
Kvam	<i>name</i><br><ol><li>A municipality of Hordaland, Norway</li></ol>
Kvinesdal	<i>name</i><br><ol><li>A municipality of Vest-Agder, Norway</li></ol>
Kviteseid	<i>name</i><br><ol><li>A municipality of Telemark, Norway</li></ol>
Kvitsøy	<i>name</i><br><ol><li>A municipality of Rogaland, Norway</li></ol>
Kvæfjord	<i>name</i><br><ol><li>A municipality of Troms, Norway</li></ol>
Kvænangen	<i>name</i><br><ol><li>A municipality of Troms, Norway</li></ol>
Kåfjord	<i>name</i><br><ol><li>A municipality of Troms, Norway</li></ol>
LHBT	<i>noun</i><br><ol><li>LGBT (lesbian, gay, bisexual and transgender)</li></ol>
Lavangen	<i>name</i><br><ol><li>A municipality of Troms, Norway</li></ol>
Lea	<i>name</i><br><ol><li>Leah (biblical figure).</li></ol>
Lebesby	<i>name</i><br><ol><li>A municipality of Finnmark, Norway</li></ol>
Leikanger	<i>name</i><br><ol><li>A municipality of Sogn og Fjordane, Norway</li></ol>
Leirfjord	<i>name</i><br><ol><li>A municipality of Nordland, Norway</li></ol>
Lesja	<i>name</i><br><ol><li>A municipality of Oppland, Norway</li></ol>
Lom	<i>name</i><br><ol><li>A municipality of Oppland, Norway</li></ol>
Loppa	<i>name</i><br><ol><li>A municipality of Finnmark, Norway</li></ol>
Lukas	<i>name</i><br><ol><li>Luke (biblical character).</li></ol>
Lunner	<i>name</i><br><ol><li>A municipality of Oppland, Norway</li></ol>
Lurøy	<i>name</i><br><ol><li>A municipality of Nordland, Norway</li></ol>
Lydia	<i>name</i><br><ol><li>Lydia (biblical character).</li></ol>
Lyngen	<i>name</i><br><ol><li>A municipality of Troms, Norway</li></ol>
Lærdal	<i>name</i><br><ol><li>A municipality of Sogn og Fjordane, Norway</li></ol>
Løten	<i>name</i><br><ol><li>A municipality of Hedmark, Norway</li></ol>
MGP	<i>name</i><br><ol><li>Melodi Grand Prix</li></ol>
Majestet|Majesteter|Majestetar|Majestetane|Majesteten|Majestetene	<i>noun</i><br><ol><li>Majesty (a term of address for royalty and imperiality)</li></ol>
Maria	<i>name</i><br><ol><li>Mary (Biblical character)</li></ol>
Maria Magdalena	<i>name</i><br><ol><li>Mary Magdalene (biblical character)</li></ol>
Marker	<i>name</i><br><ol><li>A municipality of Østfold, Norway</li></ol>
Markus	<i>name</i><br><ol><li>Mark the Evangelist.</li></ol>
Mars	<i>name</i><br><ol><li>Mars (planet)</li><li>Mars (Roman god)</li></ol>
Marta	<i>name</i><br><ol><li>Martha (biblical character).</li></ol>
Masfjorden	<i>name</i><br><ol><li>A municipality of Hordaland, Norway</li></ol>
Matteus	<i>name</i><br><ol><li>(biblical) Matthew.</li></ol>
Mattias	<i>name</i><br><ol><li>(biblical) Matthias.</li></ol>
Meløy	<i>name</i><br><ol><li>A municipality of Nordland, Norway</li></ol>
Mikael	<i>name</i><br><ol><li>(biblical) Michael.</li></ol>
Minde	<i>name</i><br><ol><li>A district of Årstad in Bergen, Norway</li></ol>
Mirjam	<i>name</i><br><ol><li>(biblical) Miriam.</li></ol>
Modalen	<i>name</i><br><ol><li>A municipality of Hordaland, Norway</li></ol>
Moen	<i>name</i><br><ol><li>the name of a number of places in Norway, including a populated place and administrative centre in Målselv kommune, Troms.</li></ol>
Moses	<i>name</i><br><ol><li>Moses (biblical figure)</li></ol>
Målselv	<i>name</i><br><ol><li>A municipality of Troms, Norway</li></ol>
Nannestad	<i>name</i><br><ol><li>A municipality of Akershus, Norway</li></ol>
Natanael	<i>name</i><br><ol><li>Nathanael (Biblical figure)</li></ol>
Nesna	<i>name</i><br><ol><li>A municipality of Nordland, Norway</li></ol>
Nesseby	<i>name</i><br><ol><li>A municipality of Finnmark, Norway</li></ol>
Nidkjær	<i>name</i><br><ol><li>A name given to the Lord / God.</li></ol>
Nissedal	<i>name</i><br><ol><li>A municipality of Telemark, Norway</li></ol>
No'omi	<i>name</i><br><ol><li>Naomi (biblical character)</li></ol>
Noa	<i>name</i><br><ol><li>Noah (biblical character)</li></ol>
Nome	<i>name</i><br><ol><li>A municipality of Telemark, Norway</li></ol>
Nord-Amerika	<i>name</i><br><ol><li>North America</li></ol>
Nord-Odal	<i>name</i><br><ol><li>A municipality of Hedmark, Norway</li></ol>
Nordkalotten	<i>name</i><br><ol><li>the parts of Norway, Sweden, Finland and sometimes Russia, that lie within the Arctic Circle</li></ol>
Nordre Land	<i>name</i><br><ol><li>A municipality of Oppland, Norway</li></ol>
Nordreisa	<i>name</i><br><ol><li>A municipality of Troms, Norway</li></ol>
Nore og Ulvdal	<i>name</i><br><ol><li>A municipality of Buskerud, Norway</li></ol>
Obadja	<i>name</i><br><ol><li>Obadiah</li><li>the book of Obadiah</li></ol>
Oidipus	<i>name</i><br><ol><li>form removed by a 2001 spelling decision; superseded by Ødipus</li></ol>
Pandora	<i>name</i><br><ol><li>(Greek mythology) Pandora</li></ol>
Paulus	<i>name</i><br><ol><li>Paul (biblical character).</li></ol>
Peter	<i>name</i><br><ol><li>Peter (biblical figure)</li></ol>
Porsanger	<i>name</i><br><ol><li>A municipality of Finnmark, Norway</li></ol>
RLE	<i>noun</i><br><ol><li>Initialism of religion, livssyn og etikk, a Norwegian school subject.</li></ol>
Rakel	<i>name</i><br><ol><li>Rachel (biblical character).</li></ol>
Rakkestad	<i>name</i><br><ol><li>A municipality of Østfold, Norway</li></ol>
Randaberg	<i>name</i><br><ol><li>A municipality of Rogaland, Norway</li></ol>
Rebekka	<i>name</i><br><ol><li>Rebekah (biblical character)</li></ol>
Rendalen	<i>name</i><br><ol><li>A municipality of Hedmark, Norway</li></ol>
Ringebu	<i>name</i><br><ol><li>A municipality of Oppland, Norway</li></ol>
Rocky Mountains	<i>name</i><br><ol><li>Rocky Mountains</li></ol>
Rollag	<i>name</i><br><ol><li>A municipality of Buskerud, Norway</li></ol>
Ruben	<i>name</i><br><ol><li>Reuben (biblical character).</li></ol>
Rut	<i>name</i><br><ol><li>Ruth (biblical character).</li></ol>
Råde	<i>name</i><br><ol><li>A municipality of Østfold, Norway</li></ol>
Rødøy	<i>name</i><br><ol><li>A municipality of Nordland, Norway</li></ol>
SU	<i>name</i><br><ol><li>Initialism of Sosialistisk Ungdom (“Socialist Youth Party”).</li></ol>
Sakarja	<i>name</i><br><ol><li>(biblical) Zacharias; Zachariah; Zechariah.</li></ol>
Salangen	<i>name</i><br><ol><li>A municipality of Troms, Norway</li></ol>
Saltdal	<i>name</i><br><ol><li>A municipality of Nordland, Norway</li></ol>
Samnanger	<i>name</i><br><ol><li>A municipality of Hordaland, Norway</li></ol>
Sara	<i>name</i><br><ol><li>(biblical) Sarah.</li></ol>
Saturn	<i>name</i><br><ol><li>Saturn (planet)</li><li>Saturn (Roman god)</li></ol>
Seljord	<i>name</i><br><ol><li>A municipality of Telemark, Norway</li></ol>
Sigdal	<i>name</i><br><ol><li>A municipality of Buskerud, Norway</li></ol>
Sigurd	<i>name</i><br><ol><li>(Norse mythology) Sigurd.</li></ol>
Simon	<i>name</i><br><ol><li>Simon (biblical figure)</li></ol>
Sindre	<i>name</i><br><ol><li>(Norse mythology) Eitri or Sindri; the dwarf who, together with his brother Brokkr, made Gullinbursti, Draupnir and Mjolnir</li></ol>
Sirdal	<i>name</i><br><ol><li>A municipality of Vest-Agder, Norway</li></ol>
Skjervøy	<i>name</i><br><ol><li>A municipality of Troms, Norway</li></ol>
Skjåk	<i>name</i><br><ol><li>A municipality of Oppland, Norway</li></ol>
Skorpionen	<i>name</i><br><ol><li>Scorpius (constellation)</li></ol>
Skytten	<i>name</i><br><ol><li>(astronomy) Sagittarius (constellation)</li></ol>
Skånland	<i>name</i><br><ol><li>A municipality of Troms, Norway</li></ol>
Smøla	<i>name</i><br><ol><li>A municipality of Møre og Romsdal, Norway</li></ol>
Sogndal	<i>name</i><br><ol><li>A municipality of Sogn og Fjordane, Norway</li></ol>
Sokndal	<i>name</i><br><ol><li>A municipality of Rogaland, Norway</li></ol>
Sola	<i>name</i><br><ol><li>A municipality of Rogaland, Norway</li></ol>
Solund	<i>name</i><br><ol><li>A municipality of Sogn og Fjordane, Norway</li></ol>
Stefanus	<i>name</i><br><ol><li>(biblical) Stephen the protomartyr.</li></ol>
Steigen	<i>name</i><br><ol><li>A municipality of Nordland, Norway</li></ol>
Steinbukken	<i>name</i><br><ol><li>Capricornus (constellation)</li></ol>
Stor-Elvdal	<i>name</i><br><ol><li>A municipality of Hedmark, Norway</li></ol>
Storfjord	<i>name</i><br><ol><li>A municipality of Troms, Norway</li></ol>
Stranda	<i>name</i><br><ol><li>A municipality of Møre og Romsdal, Norway</li></ol>
Stryn	<i>name</i><br><ol><li>A municipality of Sogn og Fjordane, Norway</li></ol>
Sula	<i>name</i><br><ol><li>A municipality of Møre og Romsdal, Norway</li></ol>
Suldal	<i>name</i><br><ol><li>A municipality of Rogaland, Norway</li></ol>
Sumer	<i>name</i><br><ol><li>Sumer</li></ol>
Sunndal	<i>name</i><br><ol><li>A municipality of Møre og Romsdal, Norway</li></ol>
Susanna	<i>name</i><br><ol><li>(biblical) Susanna.</li></ol>
Sveio	<i>name</i><br><ol><li>A municipality of Hordaland, Norway</li></ol>
Sømna	<i>name</i><br><ol><li>A municipality of Nordland, Norway</li></ol>
Sør-Aurdal	<i>name</i><br><ol><li>A municipality of Oppland, Norway</li></ol>
Sør-Fron	<i>name</i><br><ol><li>A municipality of Oppland, Norway</li></ol>
Sør-Varanger	<i>name</i><br><ol><li>A municipality of Finnmark, Norway. The main town is Kirkenes.</li></ol>
Sørfold	<i>name</i><br><ol><li>A municipality of Nordland, Norway</li></ol>
Sørreisa	<i>name</i><br><ol><li>A municipality of Troms, Norway</li></ol>
Tana	<i>name</i><br><ol><li>A municipality of Finnmark, Norway</li></ol>
Teben	<i>name</i><br><ol><li>Thebes</li></ol>
Tellus	<i>name</i><br><ol><li>Earth</li><li>An ancient goddess of the Earth</li></ol>
Timoteus	<i>name</i><br><ol><li>Timothy. Given name form: Tim. (biblical character)</li></ol>
Tobias	<i>name</i><br><ol><li>Tobias (biblical character)</li></ol>
Tokke	<i>name</i><br><ol><li>A municipality of Telemark, Norway</li></ol>
Tolga	<i>name</i><br><ol><li>A municipality of Hedmark, Norway</li></ol>
Tomas	<i>name</i><br><ol><li>Thomas (biblical character)</li></ol>
Torsken	<i>name</i><br><ol><li>A municipality of Troms, Norway</li></ol>
Transilvania	<i>name</i><br><ol><li>Transylvania</li></ol>
Tranøy	<i>name</i><br><ol><li>A municipality of Troms, Norway</li></ol>
Trysil	<i>name</i><br><ol><li>A municipality of Hedmark, Norway</li></ol>
Træna	<i>name</i><br><ol><li>A municipality of Nordland, Norway</li></ol>
Trøgstad	<i>name</i><br><ol><li>A municipality of Østfold, Norway</li></ol>
Tungenes	<i>name</i><br><ol><li>A deanery in the central part of Rogaland county, Norway</li></ol>
Tustna	<i>name</i><br><ol><li>A municipality of Møre og Romsdal, Norway</li></ol>
Tynset	<i>name</i><br><ol><li>A municipality of Hedmark, Norway</li></ol>
Tysnes	<i>name</i><br><ol><li>A municipality of Hordaland, Norway</li></ol>
Tysvær	<i>name</i><br><ol><li>A municipality of Rogaland, Norway</li></ol>
UIB	<i>name</i><br><ol><li>Universitetet i Bergen - The University of Bergen</li></ol>
Ulriken	<i>name</i><br><ol><li>A mountain in Bergen, Hordaland district, Vestland, Western Norway, Norway</li></ol>
Ulvik	<i>name</i><br><ol><li>A municipality of Hordaland, Norway</li></ol>
Uranus	<i>name</i><br><ol><li>Uranus (planet)</li><li>Uranus (Greek god)</li></ol>
VG	<i>name</i><br><ol><li>Initialism of Verdens Gang, a Norwegian national newspaper</li></ol>
Vaksdal	<i>name</i><br><ol><li>A municipality of Hordaland, Norway</li></ol>
Valle	<i>name</i><br><ol><li>A municipality of Aust-Agder, Norway</li></ol>
Vang	<i>name</i><br><ol><li>A municipality of Oppland, Norway</li></ol>
Vanylven	<i>name</i><br><ol><li>A municipality of Møre og Romsdal, Norway</li></ol>
Vega	<i>name</i><br><ol><li>A municipality of Nordland, Norway</li></ol>
Vegårshei	<i>name</i><br><ol><li>A municipality of Aust-Agder,</li></ol>
Venus	<i>name</i><br><ol><li>Venus (planet)</li><li>Venus (Roman goddess)</li></ol>
Vest-Asia	<i>name</i><br><ol><li>West Asia</li></ol>
Vestnes	<i>name</i><br><ol><li>A municipality of Møre og Romsdal, Norway</li></ol>
Vestre Slidre	<i>name</i><br><ol><li>A municipality of Oppland, Norway</li></ol>
Vevelstad	<i>name</i><br><ol><li>A municipality of Nordland, Norway</li></ol>
Vik	<i>name</i><br><ol><li>A municipality of Sogn og Fjordane, Norway</li></ol>
Vikernes	<i>name</i><br><ol><li>a Norwegian surname</li></ol>
Vindafjord	<i>name</i><br><ol><li>A municipality of Rogaland, Norway</li></ol>
Vinje	<i>name</i><br><ol><li>A municipality of Telemark, Norway</li></ol>
Vågå	<i>name</i><br><ol><li>A municipality of Oppland, Norway</li></ol>
abaissement	<i>noun</i><br><ol><li>reduction</li></ol>
abaissere	<i>verb</i><br><ol><li>reduce</li></ol>
all right	<i>adj</i><br><ol><li>all right</li></ol>
almen	<i>adj</i><br><ol><li>which applies to all</li><li>public</li><li>common, ordinary, general</li><li>universal</li></ol><br><i>adv</i><br><ol><li>generally</li></ol>
amtmann	<i>noun</i><br><ol><li>county governor</li></ol>
anomal	<i>adj</i><br><ol><li>anomalous</li></ol>
artritisk|artritiske	<i>adj</i><br><ol><li>arthritic</li></ol>
avskyelig	<i>adj</i><br><ol><li>abominable</li></ol>
beredt	<i>adj</i><br><ol><li>ready, prepared</li></ol>
berte	<i>noun</i><br><ol><li>(slang) chick, girl</li></ol>
bla-bla	<i>noun</i><br><ol><li>blah</li></ol>
blu	<i>adj</i><br><ol><li>(obsolete) shy, unassuming</li></ol>
bm.	<i>noun</i><br><ol><li>Abbreviation of bokmål.</li></ol>
bomba	<i>adj</i><br><ol><li>(figuratively, slang, of a location) As if a bombshell had gone off; extremely untidy.</li></ol>
bombastisk	<i>adj</i><br><ol><li>bombastic</li></ol>
bondsk|mest bondsk|mer bondsk|meir bondsk|bondske	<i>adj</i><br><ol><li>churlish, hick</li></ol>
brekkekkel|brekkeklere|brekkekkelt|brekkekle|brekkeklest	<i>adj</i><br><ol><li>(dialectal) Nasty</li></ol>
brent barn skyr ilden	<i>proverb</i><br><ol><li>One remembers an unpleasant incident very well and makes note not to do the same in future.</li><li>once bitten, twice shy, a burnt child dreads the fire</li></ol>
bto.	<i>adv</i><br><ol><li>Abbreviation of brutto (“gross”).</li></ol>
busse	<i>verb</i><br><ol><li>bus (to transport via a motor bus)</li></ol>
cornish	<i>noun</i><br><ol><li>species of partridge</li></ol>
d	<i>character</i><br><ol><li>The fourth letter of the Norwegian alphabet, written in the Latin script.</li></ol>
d.d.	<i>noun</i><br><ol><li>Initialism of dags dato (“this day/date; today's date”).</li></ol>
d.m.	<i>phrase</i><br><ol><li>denne måned = this month</li></ol>
d.y.	<i>adj</i><br><ol><li>junior, jr.; Abbreviation of den yngre.</li></ol>
dekliv	<i>adj</i><br><ol><li>(medicine) declivial, low, towards the bottom</li></ol>
depesje	<i>noun</i><br><ol><li>dispatch</li></ol>
det golla meg rått	<i>phrase</i><br><ol><li>(slang) Idiomatic saying expressing gloating in someone else's misfortune. Slang phrase among adolescents from Oslo and nearby districts in the 1970s. Now obsoleted.</li></ol>
dex	<i>intj</i><br><ol><li>An expression used by some locals in Bergen (Norway) to emphasize that something is good, nice.</li></ol>
diskreditere	<i>verb</i><br><ol><li>to discredit</li></ol>
dit	<i>adv</i><br><ol><li>to that place; thither</li></ol>
div.	<i>adj</i><br><ol><li>diverse = various; miscellaneous</li></ol>
dunkel	<i>adj</i><br><ol><li>dark</li><li>unclear, uncertain</li><li>mysterious, obscure</li></ol>
dvs.	<i>adv</i><br><ol><li>Initialism of det vil si (“i.e.”).</li></ol>
e|e-ar|e-ene|e-en|e-er|e-ane	<i>character</i><br><ol><li>The fifth letter of the Norwegian alphabet</li></ol>
e.Kr.	<i>adv</i><br><ol><li>etter Kristus = AD</li></ol>
eg.	<i>adv</i><br><ol><li>Abbreviation of egentlig (“really; in reality; actually; originally; frankly”).</li></ol>
eh	<i>intj</i><br><ol><li>uh</li></ol>
el.	<i>conj</i><br><ol><li>Abbreviation of eller (“or”).</li></ol>
en gros	<i>adj</i><br><ol><li>in bulk, wholesale</li></ol><br><i>adv</i><br><ol><li>in bulk, wholesale</li></ol>
enkel maskin	<i>noun</i><br><ol><li>simple machine</li></ol>
f.eks.	<i>adv</i><br><ol><li>e.g.</li></ol>
faen i helvete	<i>intj</i><br><ol><li>(vulgar) god dammit (interjection) (literally Satan in Hell)</li></ol>
finfint	<i>intj</i><br><ol><li>excellent; very good</li><li>swell; ironic exclamation that something is fine, good</li></ol>
forkleine	<i>verb</i><br><ol><li>To disparage</li></ol>
få på|fikk på|fått på|får på	<i>verb</i><br><ol><li>(idiomatic, slang) smoke a cannabis joint</li></ol>
få ut fingeren av ræva	<i>verb</i><br><ol><li>get one's head out of one's ass</li></ol>
g	<i>character</i><br><ol><li>The seventh letter of the Norwegian alphabet, written in the Latin script.</li></ol>
gakk-gakk|gakk-gakkene|gakk-gakken|gakk-gakkane|gakk-gakker|gakk-gakkar	<i>intj</i><br><ol><li>The sound of a goose.</li></ol><br><i>noun</i><br><ol><li>Name for goose applied by young children. Also indiscriminately applied to other similar looking birds.</li><li>(derogatory) A Norwegian navy conscript.</li></ol>
god ettermiddag	<i>intj</i><br><ol><li>good afternoon</li></ol>
god kveld|god kveld!	<i>intj</i><br><ol><li>good evening</li></ol>
gutteprostituert	<i>noun</i><br><ol><li>A boy prostitute.</li></ol>
gå så det griner	<i>verb</i><br><ol><li>run well (literally “go in such a way that there's crying”)</li></ol>
h	<i>character</i><br><ol><li>The eighth letter of the Norwegian alphabet, written in the Latin script.</li></ol>
ha det bra|hadet bra	<i>intj</i><br><ol><li>goodbye, take care</li></ol>
hanndue	<i>noun</i><br><ol><li>he-dove (literally), (male) dove, cock (cock dove), cock bird</li><li>he-pigeon (literally), (male) pigeon, cock (cock pigeon), cock bird</li></ol>
har du røyka sokka dine	<i>phrase</i><br><ol><li>(slang, rhetorical) Idiomatic saying expressing disapproval and scorn at someone else's apparent pipe dream or overly vivid imagination. Slang phrase among adolescents from Oslo and nearby districts in the 1970s. Now less common. Literally translates to: "Have you been smoking your socks?"</li></ol>
har du sett på maken	<i>phrase</i><br><ol><li>Golly, well, I never (literally, "have you ever seen the like!")</li></ol>
heftig	<i>adj</i><br><ol><li>intense, fierce, violent</li><li>awesome, cool</li></ol>
hjelpe for	<i>verb</i><br><ol><li>(transitive) to help (be able to avoid)</li></ol>
hjelpe til	<i>verb</i><br><ol><li>(intransitive) to help (provide assistance), to lend a hand</li></ol>
huff|huffet|huffene|huffa	<i>intj</i><br><ol><li>Expression of minor revulsion; minor horror.</li></ol><br><i>noun</i><br><ol><li>An instance of uttering huff.</li></ol>
hva om	<i>noun</i><br><ol><li>what-if</li></ol>
hviss	<i>conj</i><br><ol><li>(mathematics) iff (if and only if)</li></ol>
hvorved	<i>adv</i><br><ol><li>(Riksmål) whereby</li></ol>
hysj	<i>intj</i><br><ol><li>shush, quiet, silence</li></ol>
håper det smaker	<i>intj</i><br><ol><li>bon appétit</li></ol>
hæ	<i>intj</i><br><ol><li>huh; Word expressing doubt or confusion.</li><li>Word used to express amusement or subtle surprise.</li><li>(informal) used to indicate that one did not hear what was said.</li></ol>
høyreregel|høyreregelen	<i>noun</i><br><ol><li>(transport, Mostly in definite singular: høyreregelen) priority to the right; a traffic rule that applies in chiefly Norway (as well as Sweden and Finland) and obliges a vehicle driver to give way for other vehicles oncoming from the right, mainly at a junction without priority signs and traffic signals</li></ol>
i lag med	<i>phrase</i><br><ol><li>together with</li></ol>
i like måte	<i>phrase</i><br><ol><li>the same to you; to you too</li></ol>
i mørket er alle katter grå	<i>proverb</i><br><ol><li>all cats are grey in the dark</li></ol>
i skapet	<i>adj</i><br><ol><li>(idiomatic, colloquial) in the closet</li></ol>
ifrit	<i>noun</i><br><ol><li>(Islamic mythology) ifrit</li></ol>
inklinere|inklinerer|inkliner	<i>verb</i><br><ol><li>to incline</li></ol>
innmari	<i>adv</i><br><ol><li>(informal) extremely</li></ol><br><i>adj</i><br><ol><li>extreme, crafty, sly, cunning, dreadful, awful, terrible, tricky, intricate</li></ol>
jada	<i>adv</i><br><ol><li>emphatic of ja: Yes, yes indeed, of course</li></ol>
jaja	<i>intj</i><br><ol><li>An exclamation of disappointed or reluctant agreement.</li></ol>
jammen	<i>adv</i><br><ol><li>certainly; indeed; to be sure</li></ol>
jemini	<i>intj</i><br><ol><li>(colloquial) good lord, for Christ's sake</li></ol>
jommen	<i>adv</i><br><ol><li>(intensive) indeed, really</li></ol>
jøss	<i>intj</i><br><ol><li>wow</li><li>(euphemistic) sheesh</li></ol>
jøssenavn	<i>intj</i><br><ol><li>gorblimey!</li></ol>
k	<i>character</i><br><ol><li>The eleventh letter of the Norwegian alphabet, written in the Latin script.</li></ol>
kabal	<i>noun</i><br><ol><li>patience (UK), solitaire (US)</li></ol>
kabaré	<i>noun</i><br><ol><li>floorshow; cabaret</li></ol>
karboksyl	<i>noun</i><br><ol><li>carboxylic acid</li></ol>
kl.	<i>adv</i><br><ol><li>o'clock</li></ol>
klein	<i>adj</i><br><ol><li>feeble, awkward</li></ol>
knagen	<i>adj</i><br><ol><li>troublesome, irksome or wearisome</li></ol>
l	<i>character</i><br><ol><li>The 12th letter of the Norwegian alphabet.</li></ol>
laiv|Laiv	<i>noun</i><br><ol><li>(colloquial) The Norwegian equivalent of LARP. Signifies the particular Norwegian LARP-tradition.</li></ol>
lasaron|lasaronene|lasaronane|lasaroner|lasaronen|lasaronar	<i>noun</i><br><ol><li>(obsolete, vulgar) homeless; bum</li></ol>
logion|logionet|logier|logia|logiene	<i>noun</i><br><ol><li>logion</li></ol>
lokalnummer	<i>noun</i><br><ol><li>extension number</li></ol>
lukke opp	<i>verb</i><br><ol><li>open (to make something accessible)</li></ol>
m	<i>character</i><br><ol><li>The thirteenth letter of the Norwegian alphabet, written in the Latin script.</li></ol>
ma.	<i>noun</i><br><ol><li>Abbreviation of mandag.</li></ol>
malmved	<i>noun</i><br><ol><li>heartwood</li></ol>
morrisdans	<i>noun</i><br><ol><li>morris dance</li></ol>
mudra|mudraene|mudraet|mudraer	<i>noun</i><br><ol><li>mudra</li></ol>
mva.	<i>noun</i><br><ol><li>Abbreviation of merverdiavgift (“VAT”).</li></ol>
mvh	<i>phrase</i><br><ol><li>Initialism of med vennlig hilsen.</li></ol>
mø	<i>intj</i><br><ol><li>moo (sound made by a cow or bull)</li></ol>
n	<i>character</i><br><ol><li>The fourteenth letter of the Norwegian alphabet, written in the Latin script.</li></ol>
na	<i>pron</i><br><ol><li>(dialectal, colloquial) her; object form of ho</li></ol>
nabb|nabbar|nabbane|nabben|nabber|nabbene	<i>noun</i><br><ol><li>(leetspeak, derogatory) newbie, noob</li></ol>
nedvurdere	<i>verb</i><br><ol><li>To undervalue</li></ol>
neida	<i>adv</i><br><ol><li>emphatic of nei: No, no way , of course not</li></ol>
neimen	<i>intj</i><br><ol><li>gee</li><li>indeed not</li></ol>
nkr	<i>noun</i><br><ol><li>Abbreviation of Norwegian krone.</li></ol>
nov.	<i>noun</i><br><ol><li>Abbreviation of november.</li></ol>
nr.	<i>noun</i><br><ol><li>No., no. Abbreviation of nummer.</li></ol>
nto.	<i>adv</i><br><ol><li>Abbreviation of netto.</li></ol>
nulte	<i>adj</i><br><ol><li>zeroth</li></ol>
nøff	<i>intj</i><br><ol><li>oink!, the sound of a pig</li></ol>
o	<i>character</i><br><ol><li>The fifteenth letter of the Norwegian alphabet, written in the Latin script.</li></ol>
o.s.fr.	<i>adv</i><br><ol><li>etc.</li></ol>
omm	<i>conj</i><br><ol><li>(mathematics) iff (if and only if)</li></ol>
ompa	<i>intj</i><br><ol><li>Used to reproduce the prominent bass rhythm of wind instrument music; oom-pah</li></ol>
ordekvilibrist|ordekvilibrister|ordekvilibristar|ordekvilibristen|ordekvilibristane|ordekvilibristene	<i>noun</i><br><ol><li>word equilibrist, master of words</li></ol>
orgelspill	<i>noun</i><br><ol><li>Organ playing.</li></ol>
osv	<i>adv</i><br><ol><li>Initialism of og så videre (“and so on”).</li></ol>
p	<i>character</i><br><ol><li>The sixteenth letter of the Norwegian alphabet, written in the Latin script.</li></ol>
paulinsk|paulinske|mest paulinsk|meir paulinsk|mer paulinsk	<i>adj</i><br><ol><li>Pauline (pertaining to the apostle Paul)</li></ol>
pode	<i>verb</i><br><ol><li>to graft ( 1. To insert (a graft) in a branch or stem of another tree; to propagate by insertion in another stock.)</li></ol>
poetiskt	<i>adj</i><br><ol><li>poetic</li></ol><br><i>adv</i><br><ol><li>poetically</li></ol>
pokka	<i>noun</i><br><ol><li>A christmas-ham, or pressed ham.</li></ol>
pokker|pokken|pokkane|pokkar|pokkene	<i>noun</i><br><ol><li>a mild oath or profanity; based on the disease smallpox ("kopper")</li></ol>
postei	<i>noun</i><br><ol><li>pâté</li></ol>
ptrooo	<i>intj</i><br><ol><li>Command given by a rider or coachman for the horse to stop.</li></ol>
purring|purringer|purringen|purringane|purringene|purringa|purringar	<i>noun</i><br><ol><li>reminder</li></ol>
på skøy	<i>adv</i><br><ol><li>in jest; not to be taken seriously.</li></ol>
q	<i>character</i><br><ol><li>The seventeenth letter of the Norwegian alphabet, written in the Latin script.</li></ol>
r	<i>character</i><br><ol><li>The eighteenth letter of the Norwegian alphabet, written in the Latin script.</li></ol>
raps	<i>noun</i><br><ol><li>colza, a variety of cabbage (Brassica oleracea)</li></ol>
rv.	<i>noun</i><br><ol><li>Abbreviation of riksvei.</li></ol>
s	<i>character</i><br><ol><li>The nineteenth letter of the Norwegian alphabet, written in the Latin script.</li></ol>
salikatt	<i>intj</i><br><ol><li>(dialectal, colloquial, euphemistic, chiefly in Stavanger) a lighter curse word used to express anger, irritation, disappointment, annoyance, contempt, etc., but also pleasant surprise</li></ol>
sambo	<i>noun</i><br><ol><li>roommate, typically with a romantic connotation</li></ol>
saud|saudì|sauda|saude|saudinnje|saudå|saudinnj	<i>noun</i><br><ol><li>(Sunnmøre, Nordfjord) a sheep</li><li>mutton</li></ol>
sek	<i>noun</i><br><ol><li>Abbreviation, shorthand and colloquial version of sekund; more frequently used non-literally than its full-length counterpart.</li></ol>
skarn	<i>noun</i><br><ol><li>skarn</li><li>rubbish, loss</li></ol>
skøti	<i>verb</i><br><ol><li>(dialectal) Alternative form of skote (“have shot”)</li></ol>
slu|sluast|slue|slueste|sluest|sluere|sluaste|sluare	<i>adj</i><br><ol><li>sly, cunning</li></ol>
sluk edderkopp	<i>noun</i><br><ol><li>a wolf spider</li></ol>
snuppe	<i>noun</i><br><ol><li>(slang) chick, girl</li></ol>
sotrør	<i>noun</i><br><ol><li>stovepipe</li><li>(vulgar) nigger (dark-skinned person)</li></ol>
spis godt	<i>intj</i><br><ol><li>bon appétit</li></ol>
stiftamt	<i>noun</i><br><ol><li>county</li></ol>
stønn	<i>noun</i><br><ol><li>(dialectal) a while (a period of time)</li></ol>
svartfot|svartføtter|svartfoten|svartføttene	<i>noun</i><br><ol><li>Blackfoot</li></ol>
svikk|svikken|svikkane|svikkar|svikker|svikkene	<i>noun</i><br><ol><li>spigot; a tap from the venting hole of a cask.</li></ol>
tetrahydrocannabinol	<i>noun</i><br><ol><li>tetrahydrocannabinol</li></ol>
tonelag|tonelagene|tonelaga|tonelaget	<i>noun</i><br><ol><li>toneme</li></ol>
tonem|tonemene|tonema|tonemet|tonemer	<i>noun</i><br><ol><li>toneme</li></ol>
tralala	<i>intj</i><br><ol><li>used to vocalize a melody or a cry to express joy</li></ol>
triol	<i>noun</i><br><ol><li>triplet (music)</li></ol>
trir|trjå|try	<i>num</i><br><ol><li>(Voss) three</li></ol>
u	<i>character</i><br><ol><li>The twenty-first letter of the Norwegian alphabet, written in the Latin script.</li></ol>
underamt	<i>noun</i><br><ol><li>subcounty</li></ol>
ups	<i>intj</i><br><ol><li>oops</li></ol>
v	<i>character</i><br><ol><li>The 22nd letter of the Norwegian alphabet.</li></ol>
voff	<i>intj</i><br><ol><li>woof (sound of a dog)</li></ol>
vurdere ned	<i>verb</i><br><ol><li>to undervalue</li></ol>
w	<i>character</i><br><ol><li>The 23rd letter of the Norwegian alphabet.</li></ol>
wiki|wikien|wikier|wikiane|wikiar|wikiene	<i>noun</i><br><ol><li>A wiki.</li></ol>
x	<i>character</i><br><ol><li>The 24th letter of the Norwegian alphabet.</li></ol>
y	<i>character</i><br><ol><li>The twenty-fifth letter of the Norwegian alphabet, written in the Latin script.</li></ol>
z	<i>character</i><br><ol><li>The twenty-sixth letter of the Norwegian alphabet, written in the Latin script.</li></ol>
Ål	<i>name</i><br><ol><li>A municipality of Buskerud, Norway</li></ol>
Åmli	<i>name</i><br><ol><li>A municipality of Aust-Agder, Norway</li></ol>
Åmot	<i>name</i><br><ol><li>A municipality of Hedmark, Norway</li></ol>
Årdal	<i>name</i><br><ol><li>A municipality of Sogn og Fjordane, Norway</li></ol>
Årstad	<i>name</i><br><ol><li>A borough of Bergen, Norway</li></ol>
Åseral	<i>name</i><br><ol><li>A municipality of Vest-Agder, Norway</li></ol>
Åsnes	<i>name</i><br><ol><li>A municipality of Hedmark, Norway</li></ol>
Æ|æ	<i>character</i><br><ol><li>The antepenultimate letter of the Norwegian alphabet.</li></ol>
Ølen	<i>name</i><br><ol><li>A municipality of Rogaland, Norway</li></ol>
Øyer	<i>name</i><br><ol><li>A municipality of Oppland, Norway</li></ol>
Øystre Slidre	<i>name</i><br><ol><li>A municipality of Oppland, Norway</li></ol>
ålreit	<i>adj</i><br><ol><li>all right</li></ol>
æ|Æ	<i>character</i><br><ol><li>Antepenultimate letter of the Norwegian alphabet, coming after Z and before Ø.</li></ol>
ø|Ø	<i>character</i><br><ol><li>The twenty-eighth letter of the Norwegian alphabet, written in the Latin script.</li></ol>
◌́	<i>character</i><br><ol><li>A diacritical mark of the Latin script, called akutt aksent (“acute accent”) in Norwegian, and found on É/é and Ó/ó.</li></ol>
