(H)ukšā́	<i>noun</i><br><ol><li>bull</li></ol>
(H)íšuš	<i>noun</i><br><ol><li>arrow.</li></ol>
(w)ŕ̥šā|(w)ŕ̥šā ~ * (w)r̥šnás	<i>noun</i><br><ol><li>virile man</li><li>male animal, stallion, bull</li></ol>
Ha	<i>pron</i><br><ol><li>this</li></ol>
HaHćúš|HáHćyas|HáHćištʰas	<i>adj</i><br><ol><li>quick, fast, swift</li></ol>
Habʰí	<i>prep</i><br><ol><li>to, against</li><li>for, on account of</li></ol>
Habʰítas	<i>adv</i><br><ol><li>around, all around</li><li>from all sides</li></ol>
Hadʰáras|Hadʰamás	<i>adj</i><br><ol><li>low</li><li>inferior</li></ol>
Hadʰás	<i>adv</i><br><ol><li>below, downwards</li></ol>
Hagníš	<i>noun</i><br><ol><li>fire</li></ol>
Hagʰás	<i>adj</i><br><ol><li>bad, evil</li></ol>
Hangúštʰas|Hangúštʰāns|HangúštʰānaHm|Hangúštʰānam|Hangúštʰāt|Hangúštʰayaw|Hangúštʰam|Hangúštʰay|Hangúštʰā|Hangúštʰayās|Hangúštʰaybʰyas|Hangúštʰasya|HangúštʰaybʰyaH|Hangúštʰāyš|Hangúštʰāy|Hangúštʰa|Hangúštʰayšu	<i>noun</i><br><ol><li>thumb</li><li>big toe</li><li>finger</li></ol>
Hantamás	<i>adj</i><br><ol><li>closest, nearest</li><li>intimate</li></ol>
Hantár	<i>adv</i><br><ol><li>between, into, within</li></ol>
Hanyás	<i>adj</i><br><ol><li>other</li></ol>
HanyátʰaH	<i>adv</i><br><ol><li>otherwise; or else</li></ol>
Hanćúš	<i>noun</i><br><ol><li>the soma plant</li></ol>
Hapá	<i>adv</i><br><ol><li>off, away, from</li></ol>
Haratníš	<i>noun</i><br><ol><li>elbow</li></ol>
Hargʰás|Hargʰā́nam|Hargʰā́y|Hargʰáyšu|Hargʰáybʰyas|Hargʰā́ns|HargʰáybʰyaH|Hargʰásya|Hargʰā́naHm|Hargʰáy|Hargʰáyās|Hargʰā́|Hargʰám|Hargʰā́yš|Hargʰáyaw|Hargʰā́t|Hargʰa	<i>noun</i><br><ol><li>price, worth, value</li></ol>
Harušás	<i>adj</i><br><ol><li>white, reddish-white, glowing</li></ol>
HastčiHwánts	<i>noun</i><br><ol><li>the shin, lower part of the leg</li></ol>
HayšHáyati	<i>verb</i><br><ol><li>to strengthen</li><li>to set in motion, animate</li></ol>
Haćwatarás	<i>noun</i><br><ol><li>mule</li></ol>
Haštā́	<i>num</i><br><ol><li>eight</li></ol>
Haȷ́ás|Haȷ́ay|Haȷ́āt|Haȷ́ānaHm|Haȷ́āns|Haȷ́ayšu|Haȷ́ayās|Haȷ́aybʰyas|Haȷ́ā|Haȷ́ānam|Haȷ́a|Haȷ́asya|Haȷ́āy|Haȷ́aybʰyaH|Haȷ́as|Haȷ́ayaw|Haȷ́am|Haȷ́āyš	<i>noun</i><br><ol><li>goat</li></ol>
Haȷ́ʰíH|Haȷ́ʰiHbʰiš|Haȷ́ʰyay|Haȷ́ʰiyās|Haȷ́ʰiHbʰyā|Haȷ́ʰiyaw|Haȷ́ʰyaHs|Haȷ́ʰyaH|Haȷ́ʰiHbʰyām|Haȷ́ʰiHs|Haȷ́ʰiHbʰyas|Haȷ́ʰiH|Haȷ́ʰiHnām|Haȷ́ʰiHsu|Haȷ́ʰiHm	<i>noun</i><br><ol><li>heifer, cow</li></ol>
HbʰrúHs|Hbʰru|HbʰruHnaHm|HbʰruHs|HbʰruHbʰiš|Hbʰruwi|HbʰruwaH|Hbʰruwam|HbʰruHnam|HbʰruHbʰyas|Hbʰruwas|HbʰruHsu|Hbʰruway	<i>noun</i><br><ol><li>eyebrow</li></ol>
Hdánts|Hdát	<i>noun</i><br><ol><li>tooth</li></ol>
Hidʰá	<i>adv</i><br><ol><li>here</li></ol>
Hišćáti	<i>verb</i><br><ol><li>to wish, desire, seek</li></ol>
Hlagʰúš|Hlágʰištʰas|Hlágʰyas	<i>adj</i><br><ol><li>lightweight, swift, agile</li></ol>
HlawpaHćás|HlawpaHćáyaw|HlawpaHćā́naHm|HlawpaHćáybʰyaH|HlawpaHćā́y|HlawpaHćáy|HlawpaHćáybʰyas|HlawpaHćáyās|HlawpaHćā́nam|HlawpaHćásya|HlawpaHćā́|HlawpaHća|HlawpaHćā́yš|HlawpaHćā́ns|HlawpaHćā́t|HlawpaHćáyšu|HlawpaHćám	<i>noun</i><br><ol><li>jackal, fox</li></ol>
Hláwpiš	<i>noun</i><br><ol><li>fox</li></ol>
Hmaygʰás|Hmaygʰáybʰyas|Hmaygʰā́y|Hmaygʰásya|Hmaygʰáyšu|Hmaygʰám|Hmaygʰáyaw|Hmaygʰáyās|HmaygʰáybʰyaH|Hmaygʰā́t|Hmaygʰā́naHm|Hmaygʰā́nam|Hmaygʰáy|Hmaygʰā́|Hmaygʰā́yš|Hmaygʰa|Hmaygʰā́ns	<i>noun</i><br><ol><li>cloud</li></ol>
Hmíčš|Hmíčš ~ *Hmiǰʰás	<i>noun</i><br><ol><li>mist, cloud</li></ol>
Hnawatí	<i>num</i><br><ol><li>ninety</li></ol>
HnidráH|HnidráHsu|HnidráHbʰyām|HnidráyaHm|Hnidrā́s|HnidráyaH́|Hnidráy|HnidráyaHs|HnidráHbʰyas|HnidráHbʰiš|Hnidrāyās|HnidráHbʰyā|Hnidrāyaw|HnidráyaHy|Hnidrā́m|HnidráyaH|HnidráHnām|Hnidray	<i>noun</i><br><ol><li>sleep, slumber</li></ol>
Hnáwa	<i>num</i><br><ol><li>nine</li></ol>
Hnā́|Hnráy|Hnŕ̥bʰyā|Hnáram|HnáraH|Hnáras|Hnŕ̥bʰyām|Hnrā́m|Hnŕ̥šu|Hnar|Hnŕ̥bʰyas|Hnŕ̥š|Hnári|Hnŕ̥bʰiš|HnráH|Hnráw|Hnŕ̥Nš	<i>noun</i><br><ol><li>man</li></ol>
Hnā́kš|Hnā́kš ~ Hnakʰás	<i>noun</i><br><ol><li>(anatomy) nail</li></ol>
Hnā́ma	<i>noun</i><br><ol><li>name</li></ol>
Hnā́riš	<i>noun</i><br><ol><li>woman</li></ol>
Hrawdʰás|Hrawdʰā́t|Hrawdʰā́nam|Hrawdʰáybʰyas|Hrawdʰám|Hrawdʰā́ns|Hrawdʰā́|Hrawdʰáyaw|Hrawdʰáyās|Hrawdʰā́y|Hrawdʰáy|Hrawdʰā́naHm|Hrawdʰáyšu|HrawdʰáybʰyaH|Hrawdʰa|Hrawdʰásya|Hrawdʰā́yš	<i>noun</i><br><ol><li>red metal, copper, brass</li></ol>
Hraštás	<i>adj</i><br><ol><li>right</li></ol>
HriHyáti	<i>verb</i><br><ol><li>to flow, stream</li></ol>
Hrámati	<i>verb</i><br><ol><li>to rest, relax</li></ol>
Hrátʰas|Hrátʰā|Hrátʰam|Hrátʰānam|HrátʰaybʰyaH|Hrátʰay|Hrátʰāns|Hrátʰayās|Hrátʰāy|Hrátʰa|Hrátʰayaw|Hrátʰaybʰyas|HrátʰānaHm|Hrátʰayšu|Hrátʰāt|Hrátʰasya|Hrátʰāyš	<i>noun</i><br><ol><li>chariot</li></ol>
HráwdHti|HráwdHti ~ *Hrúdʰanti	<i>verb</i><br><ol><li>to cry, weep.</li></ol>
Hráwdʰitas	<i>adj</i><br><ol><li>red</li></ol>
Hráwma|HráwmbʰyáH|Hráwmáy|Hráwmám|Hráwmsu|Hráwm|Hráwmām|HráwmáH|Hráwmbʰíš|Hráwmáwš|Hráwmás|Hráwmā́w|Hráwmí	<i>noun</i><br><ol><li>hair, body hair</li></ol>
Hrā́ćš	<i>noun</i><br><ol><li>king, ruler</li></ol>
Hr̥náwti	<i>verb</i><br><ol><li>to move</li></ol>
Hr̥tás|Hr̥táybʰyaH|Hr̥tásya|Hr̥tā́t|Hr̥táyās|Hr̥táyšu|Hr̥táy|Hr̥ta|Hr̥tā́yš|Hr̥tā́y|Hr̥tā́ns|Hr̥tā́naHm|Hr̥tám|Hr̥tā́|Hr̥táyaw|Hr̥táybʰyas|Hr̥tā́nam	<i>noun</i><br><ol><li>truth</li></ol>
Hr̥túš	<i>noun</i><br><ol><li>fixed point of time, period, epoch</li><li>fixed order, rule</li></ol>
Hr̥šwás	<i>adj</i><br><ol><li>high, elevated</li></ol>
Hr̥ȷ́ipyás	<i>adj</i><br><ol><li>straight-flying</li><li>(substantive) something straight-flying, falcon, eagle</li></ol>
Hr̥ȷ́úš|Hráȷ́ištʰas	<i>adj</i><br><ol><li>just, right</li></ol><br><i>adv</i><br><ol><li>correctly; in a straight manner</li></ol>
Hsatyás|Hsatyā́|Hsatyā́y|Hsatyáyaw|Hsatyáyšu|Hsatyā́nam|Hsatyáybʰyas|Hsatyā́naHm|Hsatya|Hsatyā́yš|Hsatyáy|Hsatyásya|Hsatyā́t|Hsatyám|Hsatyā́ns|HsatyáybʰyaH|Hsatyáyās	<i>adj</i><br><ol><li>true, real</li></ol><br><i>noun</i><br><ol><li>truth</li></ol>
Hstā́	<i>noun</i><br><ol><li>star</li></ol>
HsuHápas	<i>adj</i><br><ol><li>well created</li><li>artistic</li><li>doing good work</li></ol>
Hsućráwas	<i>adj</i><br><ol><li>famous</li></ol>
Hsúškas	<i>adj</i><br><ol><li>dry, dried out</li></ol>
HuHnás	<i>adj</i><br><ol><li>empty</li></ol>
Hugrás|Háwǰyas|Háwǰištʰas	<i>adj</i><br><ol><li>powerful, mighty, strong</li></ol>
Hušā́s|Hušā́sáy|Hušā́ssu|Hušā́sbʰyáH|Hušā́sáwš|Hušā́sām|Hušā́sáH|Hušā́sbʰíš|Hušā́sā́w|Hušā́sám|Hušā́sás|Hušā́sí	<i>name</i><br><ol><li>dawn</li><li>Ushas, goddess of dawn</li></ol>
HwaHyúš	<i>noun</i><br><ol><li>wind, air</li></ol>
HwiHćati	<i>num</i><br><ol><li>twenty</li></ol>
HwidʰáwaH|HwidʰáwayaHm|HwidʰáwayaHs|HwidʰáwayaH|HwidʰáwaHbʰyas|HwidʰáwaHbʰyā|HwidʰáwaHbʰyām|Hwidʰáwāyaw|HwidʰáwaHsu|HwidʰáwaHbʰiš|Hwidʰáwās|HwidʰáwayaHy|HwidʰáwaHnām|Hwidʰáway|Hwidʰáwāyās|Hwidʰáwām	<i>noun</i><br><ol><li>widow</li></ol>
HwáHatas	<i>noun</i><br><ol><li>wind</li></ol>
HwáHyati	<i>verb</i><br><ol><li>to lack, be deficient</li></ol>
Hwárunas|Hwárunāt|Hwárunay|Hwárunā|HwárunaybʰyaH|Hwárunaybʰyas|Hwárunāns|Hwárunāy|Hwárunasya|HwárunānaHm|Hwárunāyš|Hwárunayās|Hwárunayaw|Hwárunam|Hwáruna|Hwárunānam|Hwárunayšu	<i>name</i><br><ol><li>Varuna</li></ol>
Hwásati	<i>verb</i><br><ol><li>to dwell, live</li><li>to stay, spend the night</li></ol>
Hwásuš|Hwásyas|Hwásištʰas	<i>adj</i><br><ol><li>good, excellent</li></ol>
Hwíš|Hwā́w|Hwáyām?|Hwáyay|Hwyā́|Hwyáwš|Hwáy|HwíH|Hwíbʰyām|Hwíšu|Hwíbʰiš|Hwáyas|Hwištyā́|Hwíbʰyas|Hwím|Hwáyš|Hwī́n	<i>noun</i><br><ol><li>bird</li></ol>
Hwŕ̥HnaH|Hwŕ̥HnaHbʰyām|Hwŕ̥HnayaHy|Hwŕ̥HnayaHs|Hwŕ̥HnayaH|Hwŕ̥HnaHsu|Hwŕ̥Hnay|Hwŕ̥Hnās|Hwŕ̥Hnām|Hwŕ̥HnaHbʰiš|Hwŕ̥HnaHnām|Hwŕ̥Hnāyaw|Hwŕ̥Hnāyās|Hwŕ̥HnayaHm|Hwŕ̥HnaHbʰyas|Hwŕ̥HnaHbʰyā	<i>noun</i><br><ol><li>wool</li></ol>
Hyaȷ́atás|Hyaȷ́atas|Hyaȷ́atānam|Hyaȷ́ataybʰyas|Hyaȷ́atayaw|Hyaȷ́atayšu|Hyaȷ́atayās|Hyaȷ́atay|Hyaȷ́ataybʰyaH|Hyaȷ́atā|Hyaȷ́atāns|Hyaȷ́ata|Hyaȷ́atasya|Hyaȷ́atānaHm|Hyaȷ́atāt|Hyaȷ́atāy|Hyaȷ́atam|Hyaȷ́atāyš	<i>noun</i><br><ol><li>worshiped</li><li>god</li></ol>
Hyaȷ́nás|Hyaȷ́nāyš|Hyaȷ́nāt|Hyaȷ́nam|Hyaȷ́nāy|Hyaȷ́nasya|Hyaȷ́nā|Hyaȷ́nayās|Hyaȷ́nayaw|Hyaȷ́nay|Hyaȷ́nayšu|Hyaȷ́naybʰyas|Hyaȷ́nas|Hyaȷ́naybʰyaH|Hyaȷ́na|Hyaȷ́nānam|Hyaȷ́nāns|Hyaȷ́nānaHm	<i>noun</i><br><ol><li>worship</li><li>sacrifice</li></ol>
HyuHatáH|HyuHatáyaHs|HyuHatáyaHm|HyuHatáyaH́|HyuHatay|HyuHatā́s|HyuHatāyās|HyuHatāyaw|HyuHatáHbʰyām|HyuHatáyaHy|HyuHatáy|HyuHatáyaH|HyuHatáHsu|HyuHatáHbʰyas|HyuHatā́m|HyuHatáHnām|HyuHatáHbʰyā|HyuHatáHbʰiš	<i>noun</i><br><ol><li>youth</li></ol>
Hyákr̥	<i>noun</i><br><ol><li>liver</li></ol>
Hyás	<i>pron</i><br><ol><li>that, who, which (relative pronoun)</li></ol>
Hyátra|HyátraH	<i>adv</i><br><ol><li>wherever, whither</li></ol>
HyátʰaH	<i>adv</i><br><ol><li>in which way, as, in which manner</li></ol>
Hyáȷ́ati	<i>verb</i><br><ol><li>to worship, sacrifice</li></ol>
HyúHā	<i>adj</i><br><ol><li>youthful, young</li></ol>
HáHtmā|HáHtmā ~ *Htmáns	<i>noun</i><br><ol><li>breath</li><li>soul, self</li></ol>
Hádʰwā	<i>noun</i><br><ol><li>a road</li></ol>
Hádᶻgas|Hádᶻgaybʰyas|Hádᶻgayās|Hádᶻgāt|Hádᶻgānam|Hádᶻgāy|Hádᶻgam|Hádᶻgay|Hádᶻgāyš|Hádᶻgā|Hádᶻgasya|HádᶻgānaHm|Hádᶻgayšu|Hádᶻga|Hádᶻgāns|Hádᶻgayaw|HádᶻgaybʰyaH	<i>noun</i><br><ol><li>knot (in a tree, branch, etc.)</li><li>branch, twig</li></ol>
Hákart|kr̥tás|Hákart ~ Hákrant	<i>verb</i><br><ol><li>to do, make</li></ol>
Hákši	<i>noun</i><br><ol><li>(anatomy) eye</li></ol>
Hámsas|Hámsasya|Hámsaybʰyas|Hámsāns|Hámsānam|Hámsā|Hámsa|Hámsāt|Hámsayās|HámsānaHm|Hámsay|Hámsayaw|HámsaybʰyaH|Hámsam|Hámsayšu|Hámsāy|Hámsāyš	<i>noun</i><br><ol><li>shoulder</li></ol>
Hánu	<i>adv</i><br><ol><li>along</li><li>after, afterwards</li></ol>
Hánćas|Hánća|Hánćāyš|Hánćāns|HánćānaHm|Hánćā|Hánćānam|Hánćaybʰyas|Hánćayaw|Hánćasya|Hánćam|Hánćayās|Hánćāt|Hánćay|HánćaybʰyaH|Hánćayšu|Hánćāy	<i>noun</i><br><ol><li>part, portion, share</li></ol>
Hánȷ́ʰas	<i>noun</i><br><ol><li>distress, anxiety, fear</li><li>trouble</li></ol>
Hápi	<i>adv</i><br><ol><li>near</li></ol>
Hárbʰas|Hárbʰāy|Hárbʰaybʰyas|Hárbʰam|Hárbʰāns|Hárbʰayās|HárbʰānaHm|Hárbʰay|Hárbʰayaw|HárbʰaybʰyaH|Hárbʰa|Hárbʰasya|Hárbʰāyš|Hárbʰāt|Hárbʰayšu|Hárbʰā|Hárbʰānam	<i>noun</i><br><ol><li>orphan; child</li></ol>
Hárdʰas|Hárdʰaybʰyas|Hárdʰāy|Hárdʰam|Hárdʰa|Hárdʰā|Hárdʰānam|Hárdʰāt|HárdʰānaHm|Hárdʰāyš|Hárdʰayšu|Hárdʰayaw|Hárdʰayās|HárdʰaybʰyaH|Hárdʰāns|Hárdʰay|Hárdʰasya	<i>noun</i><br><ol><li>division, half</li></ol>
Hártʰam|HártʰaH|Hártʰay|Hártʰām|Hártʰāš|HártʰayH|Hártʰasya|Hártʰamas|Hártʰayšu|Hártʰāt|Hártʰāy	<i>noun</i><br><ol><li>affair, occurrence</li><li>object, thing</li><li>purpose</li></ol>
Hárćas	<i>noun</i><br><ol><li>ulcer, sore</li><li>haemorrhoids, piles</li></ol>
Hárǰʰati	<i>verb</i><br><ol><li>to be worth, have value; to cost</li></ol>
HásHr̥	<i>noun</i><br><ol><li>blood</li></ol>
Hásti|Hstás|áHaswa|3rd|áHasiHt|áHastām|Hsántu|HsyáHta|áHasant|HásaHwa|HsyáHs|áHasam|Hstʰás|HsyáHma|1st|Hswás|2nd|HsyáHt|áHasiHs|HásaHni|HsyáHtam|áHasma|Hásmi|Hstám|Hstʰá|Hstá|áHasta|Hsánt|Hsánti|Hsyúnt|Hási|áHastam|HsyáHtām|Hsmás|Hsdʰí|Hstā́m|Hstú|HsyáHwa|HásaHma|HsyáHm	<i>verb</i><br><ol><li>to be</li></ol>
Hásuras|Hásurayšu|Hásurāns|Hásurāy|Hásura|Hásurānam|Hásuray|Hásurāt|HásurānaHm|Hásurayās|Hásurā|Hásurasya|HásuraybʰyaH|Hásurāyš|Hásuram|Hásuraybʰyas|Hásurayaw	<i>noun</i><br><ol><li>(religion) deity</li></ol>
Hásuš	<i>noun</i><br><ol><li>life, existence, being</li></ol>
Háti	<i>adv</i><br><ol><li>over</li></ol>
Hátˢti	<i>verb</i><br><ol><li>to eat</li></ol>
Háwa	<i>adv</i><br><ol><li>away from, off</li><li>down</li></ol>
Háwiš|Háwibʰyas|Háwyawš|Háwyā|Háwištyā|HáwiH|Háwibʰiš|Háwišu|Háwibʰyām|Háwayay|Háwim|Háwayas|Háwāw|Háwayām?|Háwayš|Háwīn|Háway	<i>noun</i><br><ol><li>sheep</li></ol>
Háwǰas	<i>noun</i><br><ol><li>might, bodily strength, vigour</li></ol>
Háwǰʰati	<i>verb</i><br><ol><li>to say</li></ol>
Háyas	<i>noun</i><br><ol><li>a metal, copper</li></ol>
Háykas	<i>num</i><br><ol><li>one</li></ol>
Háyti	<i>verb</i><br><ol><li>to go</li></ol>
Háywas	<i>num</i><br><ol><li>one</li></ol>
Háyxam|HáyxaH|Háyxayaw|Háyxāy|Háyxayāh|Háyxā|Háyxay|Háyxāt|Háyxānam|HáyxaybyaH|Háyxaybyah|Háyxahya|Háyxayšu|Háyxāyš	<i>noun</i><br><ol><li>ice, frost</li></ol>
Háćmā	<i>noun</i><br><ol><li>stone, thunderstone?</li><li>thunderbolt, sky?</li></ol>
Háćru	<i>noun</i><br><ol><li>tear</li></ol>
Háćwapatiš|Háćwapatayas|Háćwapatay|Háćwapatim|Háćwapatibʰiš|Háćwapatayš|Háćwapatyawš|Háćwapatīn|Háćwapatāw?|Háćwapatayām?|Háćwapatišu|Háćwapatayay|Háćwapatibʰyām|HáćwapatiH|Háćwapatā?|Háćwapatibʰyas	<i>noun</i><br><ol><li>master of horses, chief of cavalry</li></ol>
Háćwas|Háćwaybʰyas|Háćway|Háćwayaw|Háćwāy|Háćwānam|Háćwāt|Háćwa|Háćwayās|Háćwam|Háćwasya|HáćwānaHm|Háćwayšu|Háćwāns|Háćwā|Háćwāyš|HáćwaybʰyaH	<i>noun</i><br><ol><li>horse</li></ol>
Háćšas|Háćšam|Háćšay|HáćšānaHm|Háćšayaw|Háćša|Háćšayšu|Háćšānam|Háćšā|Háćšāyš|Háćšāy|Háćšāns|Háćšaybʰyas|HáćšaybʰyaH|Háćšasya|Háćšayās|Háćšāt	<i>noun</i><br><ol><li>axle</li></ol>
HáštraH|Háštrāyās|HáštraHbʰyām|HáštrayaHm|HáštraHbʰyas|Háštrās|HáštrayaHy|HáštraHsu|Háštrām|HáštraHbʰiš|Háštray|Háštrāyaw|HáštrayaHs|HáštrayaH|HáštraHnām|HáštraHbʰyā	<i>noun</i><br><ol><li>whip (for driving cattle)</li><li>goad</li></ol>
Háǰʰiš|Háǰʰā?|Háǰʰim|Háǰʰyawš|Háǰʰibʰiš|HáǰʰiH|Háǰʰayām?|Háǰʰayš|Háǰʰayas|Háǰʰayay|Háǰʰīn|Háǰʰāw?|Háǰʰišu|Háǰʰibʰyas|Háǰʰibʰyām|Háǰʰay	<i>noun</i><br><ol><li>snake</li></ol>
Háȷ́ati	<i>verb</i><br><ol><li>to drive, lead</li></ol>
Háȷ́ras|Háȷ́ray|Háȷ́raybʰyaH|Háȷ́rayšu|Háȷ́rānaHm|Háȷ́rānam|Háȷ́ra|Háȷ́rayās|Háȷ́rasya|Háȷ́raybʰyas|Háȷ́rāyš|Háȷ́rā|Háȷ́rāt|Háȷ́rāns|Háȷ́rāy|Háȷ́ram|Háȷ́rayaw	<i>noun</i><br><ol><li>field, pasture</li></ol>
Hítaras	<i>adj</i><br><ol><li>other, another</li></ol>
HíšHyati	<i>verb</i><br><ol><li>to speed forward</li><li>to send forth</li></ol>
Hā́ps	<i>noun</i><br><ol><li>water</li></ol>
Hā́yu	<i>noun</i><br><ol><li>lifetime, life</li></ol>
Hŕ̥ćšas|Hŕ̥ćšāt|Hŕ̥ćšasya|Hŕ̥ćšayās|Hŕ̥ćšāns|Hŕ̥ćšaybʰyas|Hŕ̥ćšay|Hŕ̥ćšānam|Hŕ̥ćšayaw|Hŕ̥ćša|Hŕ̥ćšam|Hŕ̥ćšayšu|Hŕ̥ćšāyš|Hŕ̥ćšā|Hŕ̥ćšāy|Hŕ̥ćšānaHm|Hŕ̥ćšaybʰyaH	<i>noun</i><br><ol><li>bear</li></ol>
SáraswatiH	<i>name</i><br><ol><li>Sarasvati (a mythical river, perhaps identified with the Helmand river in Afghanistan)</li></ol>
Wr̥tragʰnás|Wr̥tragʰnā́y|Wr̥tragʰnā́naHm|Wr̥tragʰnā́ns|Wr̥tragʰnáyaw|Wr̥tragʰnā́nam|Wr̥tragʰna|Wr̥tragʰnásya|Wr̥tragʰnáybʰyas|Wr̥tragʰnáybʰyaH|Wr̥tragʰnā́|Wr̥tragʰnáy|Wr̥tragʰnā́yš|Wr̥tragʰnā́t|Wr̥tragʰnám|Wr̥tragʰnáyās|Wr̥tragʰnáyšu	<i>name</i><br><ol><li>the name of a god of victory</li></ol>
Yámas|Yámā|YámānaHm|Yámayšu|Yámayaw|Yámay|Yáma|YámaybʰyaH|Yámāns|Yámāt|Yámānam|Yámayās|Yámāyš|Yámam|Yámaybʰyas|Yámasya|Yámāy	<i>name</i><br><ol><li>(religion) Yama, god of the underworld</li></ol>
abʰrás|abʰrā́yš|abʰrásya|abʰráyšu|abʰrám|abʰrā́naHm|abʰráy|abʰrā́y|abʰrā́|abʰráybʰyas|abʰrā́ns|abʰrā́nam|abʰra|abʰráyās|abʰráyaw|abʰráybʰyaH|abʰrā́t	<i>noun</i><br><ol><li>cloud, raincloud</li></ol>
adᶻdʰáH	<i>adj</i><br><ol><li>known, true</li></ol>
agrúH	<i>noun</i><br><ol><li>an unmarried girl; a virgin</li></ol>
agʰnyáH|agʰnyā́m|agʰnyáHsu|agʰnyáyaH|agʰnyáHnām|agʰnyáyaHm|agʰnyáyaHs|agʰnyáHbʰyā|agʰnyáy|agʰnyāyās|agʰnyāyaw|agʰnyáyaH́|agʰnyáyaHy|agʰnyáHbʰyām|agʰnyay|agʰnyáHbʰiš|agʰnyā́s|agʰnyáHbʰyas	<i>noun</i><br><ol><li>milch cow</li></ol>
amŕ̥tas	<i>adj</i><br><ol><li>immortal</li></ol>
andʰás|(H)andʰás	<i>adj</i><br><ol><li>blind</li></ol>
aryamā́|Aryamā́	<i>noun</i><br><ol><li>fellow, companion</li><li>member of one's tribe or clan</li></ol><br><i>name</i><br><ol><li>name of a deity: Aryaman, Aryomen</li></ol>
ayám	<i>pron</i><br><ol><li>he, this (proximal)</li></ol>
aśćaHyás	<i>adj</i><br><ol><li>shadowless</li></ol>
aštamás	<i>adj</i><br><ol><li>eighth</li></ol>
aȷ́ʰám|wayám|máHi|mád|wáyawš|Dative|mábʰyam|Instrumental|asmáHbʰiš|Nominative|wáHbʰyaH|Ablative|máyaH|Locative|máHm|asmā́ns|asmáy|asmā́kam|Genitive|asmád|Vocative|wáHm|Accusative|mána	<i>pron</i><br><ol><li>I, we</li></ol>
bálam|bálaybʰyas|bálayās|bálaH|bálānaHm|bálayaw|bálā|bálaybʰyaH|bálāt|bálasya|bálāyš|bálāy|bálānam|bálayšu|bálay	<i>noun</i><br><ol><li>strength</li></ol>
bálas	<i>adj</i><br><ol><li>strong, forceful</li></ol>
bíHȷ́am|bíHȷ́aH|bíHȷ́āyš|bíHȷ́āt|bíHȷ́aybʰyas|bíHȷ́ayšu|bíHȷ́aybʰyaH|bíHȷ́āy|bíHȷ́ānaHm|bíHȷ́ayaw|bíHȷ́ayās|bíHȷ́ā|bíHȷ́ānam|bíHȷ́ay|bíHȷ́asya	<i>noun</i><br><ol><li>seed</li><li>semen</li></ol>
bʰaHnúš|bʰaHnúáwš|bʰaHnúáy|bʰaHnúsu|bʰaHnúbʰíš|bʰaHnúám|bʰaHnúbʰyáH|bʰaHnúām|bʰaHnúás|bʰaHnú|bʰaHnúáH|bʰaHnúí|bʰaHnúā́w	<i>noun</i><br><ol><li>ray of light</li></ol>
bʰaHȷ́ʰúš|bʰaHȷ́ʰúáH|bʰaHȷ́ʰúbʰíš|bʰaHȷ́ʰúsu|bʰaHȷ́ʰúbʰyáH|bʰaHȷ́ʰúás|bʰaHȷ́ʰúām|bʰaHȷ́ʰúā́w|bʰaHȷ́ʰúáy|bʰaHȷ́ʰú|bʰaHȷ́ʰúám|bʰaHȷ́ʰúí|bʰaHȷ́ʰúáwš	<i>noun</i><br><ol><li>arm</li></ol>
bʰadrás	<i>adj</i><br><ol><li>auspicious, blessed, fortunate</li></ol>
bʰadᶻdʰás	<i>adj</i><br><ol><li>tied, bound</li></ol>
bʰagás|bʰagā́y|bʰagám|bʰagáybʰyaH|bʰagā́t|bʰagáyās|bʰagáyaw|bʰagáyšu|bʰagā́nam|bʰagásya|bʰaga|bʰagáy|bʰagáybʰyas|bʰagā́yš|bʰagā́naHm|bʰagā́|bʰagā́ns	<i>noun</i><br><ol><li>portion, part, share, allotment</li><li>fate, destiny</li><li>(religion) "the dispenser"; a god</li></ol>
bʰaktás|bʰaktáyaw|bʰaktáybʰyaH|bʰaktā́|bʰaktā́ns|bʰaktáyās|bʰaktásya|bʰaktā́yš|bʰaktáyšu|bʰaktáy|bʰakta|bʰaktā́nam|bʰaktā́t|bʰaktáybʰyas|bʰaktā́naHm|bʰaktā́y|bʰaktám	<i>adj</i><br><ol><li>distributed, allotted, assigned</li></ol><br><i>noun</i><br><ol><li>share, lot, portion</li><li>fortune</li></ol>
bʰarȷ́ʰíš|bʰarȷ́ʰay|bʰarȷ́ʰim|bʰarȷ́ʰyawš|bʰarȷ́ʰā?|bʰarȷ́ʰiH|bʰarȷ́ʰāw?|bʰarȷ́ʰibʰyas|bʰarȷ́ʰibʰyām|bʰarȷ́ʰayš|bʰarȷ́ʰišu|bʰarȷ́ʰayas|bʰarȷ́ʰayay|bʰarȷ́ʰīn|bʰarȷ́ʰiš|bʰarȷ́ʰayām?|bʰarȷ́ʰibʰiš	<i>noun</i><br><ol><li>pillow</li><li>bed or layer of grass</li></ol>
bʰayšaȷ́ás	<i>adj</i><br><ol><li>healing, curative</li></ol>
bʰaȷ́ʰúš|bʰánȷ́ʰyas|bʰánȷ́ʰištʰas	<i>adj</i><br><ol><li>thick</li><li>abundant</li></ol>
bʰinátˢti	<i>verb</i><br><ol><li>to split, break</li></ol>
bʰráHtā	<i>noun</i><br><ol><li>brother</li></ol>
bʰr̥ȷ́ʰáns|bʰárȷ́ʰyas|bʰárȷ́ʰištʰas	<i>adj</i><br><ol><li>high, tall</li></ol>
bʰuHtás	<i>adj</i><br><ol><li>become, been</li></ol>
bʰudʰnás|bʰudʰnáyaw|bʰudʰnám|bʰudʰnáyās|bʰudʰnásya|bʰudʰna|bʰudʰnā́y|bʰudʰnáy|bʰudʰnā́nam|bʰudʰnā́naHm|bʰudʰnáybʰyas|bʰudʰnā́t|bʰudʰnā́yš|bʰudʰnáyšu|bʰudʰnā́ns|bʰudʰnā́|bʰudʰnáybʰyaH	<i>noun</i><br><ol><li>bottom, ground</li></ol>
bʰuȷ́ás|bʰuȷ́ānam|bʰuȷ́āt|bʰuȷ́am|bʰuȷ́as|bʰuȷ́ay|bʰuȷ́āyš|bʰuȷ́aybʰyaH|bʰuȷ́a|bʰuȷ́āy|bʰuȷ́asya|bʰuȷ́ayaw|bʰuȷ́ayās|bʰuȷ́ā|bʰuȷ́aybʰyas|bʰuȷ́āns|bʰuȷ́ayšu|bʰuȷ́ānaHm	<i>noun</i><br><ol><li>goat</li></ol>
bʰáHas	<i>noun</i><br><ol><li>light</li></ol>
bʰáHmas|bʰáHmā|bʰáHmāy|bʰáHmāyš|bʰáHmayās|bʰáHmānaHm|bʰáHmasya|bʰáHmānam|bʰáHmayšu|bʰáHmay|bʰáHma|bʰáHmāns|bʰáHmāt|bʰáHmayaw|bʰáHmaybʰyas|bʰáHmam|bʰáHmaybʰyaH	<i>noun</i><br><ol><li>light, splendor, radiance</li></ol>
bʰáHti|3rd|2nd|1st	<i>verb</i><br><ol><li>to shine</li></ol>
bʰábʰruš|bʰábʰrā?|bʰábʰrubʰyaH|bʰábʰrunām?|bʰábʰrubʰiš|bʰábʰraw|bʰábʰrušu|bʰábʰrāw?|bʰábʰraway|bʰábʰrum|bʰábʰrubʰyas|bʰábʰruwaHs|bʰábʰrunš|bʰábʰrawš|bʰábʰruH|bʰábʰrawas|bʰábʰruwaw	<i>adj</i><br><ol><li>reddish-brown, deep-brown, tawny</li></ol><br><i>noun</i><br><ol><li>beaver, mongoose</li><li>reddish-brown animal</li><li>one of the ten species of dogs of Indo-Iranian creation myth</li></ol>
bʰárati|bʰáratʰas|3rd|bʰaryáytʰās|bʰaráyHātām|bʰáratu|bʰaryádʰHway|bʰáraHma|bʰáratay|abʰaryáytʰām|bʰárant|abʰáraytām|abʰaryátʰās|bʰartás|bʰáradʰHwam|bʰaryáHmadʰHay|bʰaryásay|bʰartwáH|abʰáratʰās|bʰaryáyHātām|abʰaryáHwadʰHi|abʰáraytʰām|bʰáraHni|abʰaryáytām|bʰáraHmas|abʰaryáHmadʰHi|bʰárays|bʰárata|bʰaryámHnas|abʰaráHwadʰHi|bʰaryáymadʰHi|bʰaryáytām|abʰaryáy|bʰáraytʰay|bʰáraHmi|bʰárayHam|bʰaryáswa|bʰárayta|bʰáraHy|bʰaryádʰHwam|bʰáranti|bʰaryáyrant|bʰáraytʰām|bʰáraytʰās|abʰáraHma|bʰáraydʰHwam|ábʰaram|bʰárayrant|ábʰarant|bʰaryáHmadʰHaHy|bʰaryáy|bʰaryáHwadʰHay|bʰáraswa|bʰára|bʰaráyHātʰām|bʰaryátay|abʰáradʰHwam|bʰáratām|abʰárata|bʰaráHwadʰHay|bʰáraywa|bʰaryáyHātʰām|bʰárantam|bʰaryáytʰām|bʰáraytām|bʰáray|2nd|bʰaryántay|bʰaryáytay|abʰáratam|ábʰarat|bʰaryátām|bʰárantu|bʰaryáHwadʰHaHy|abʰáratām|bʰaryáywadʰHi|bʰaráHmadʰHay|bʰáramHnas|bʰaryántam|bʰaráHmadʰHaHy|bʰáraymas|bʰaryáydʰHwam|bʰaryáytʰay|bʰaryáHy|bʰáryas|bʰáraytay|bʰaráHwadʰHaHy|bʰaryáyta|bʰáratas|bʰaráywadʰHi|bʰártum|1st|bʰárasi|bʰáraHwas|bʰaryáyHa|bʰáratʰa|abʰáraHwa|bʰáraHwa|bʰaráymadʰHi|bʰárayHunt|ábʰaray|bʰáraytam|abʰáranta|bʰáratam|ábʰaras|bʰárasay|bʰárantay|bʰárayt|abʰaryáta|abʰaryánta|abʰaryádʰHwam|bʰárayHa|abʰaráHmadʰHi	<i>verb</i><br><ol><li>to bear</li><li>to carry</li><li>to take (away)</li></ol>
bʰáwdʰati|3rd|bʰudʰyántam|bʰáwdʰaytay|bʰudʰyáyta|bʰáwdʰaHwas|abʰudʰyátʰās|abʰáwdʰaytʰām|bʰudʰyáHmadʰHay|bʰáwdʰayHam|bʰáwdʰaydʰwam|bʰáwdʰaytʰay|bʰáwdʰatu|bʰawdʰáymadʰHi|bʰawdʰáHwadʰHaHy|bʰáwdʰaywa|ábʰawdʰat|bʰudʰyáyrant|bʰudʰyásay|bʰawdʰáyHātām|abʰudʰyáHmadʰHi|ábʰawdʰay|bʰudʰyáy|bʰáwdʰatʰa|bʰudʰyáymadʰHi|bʰáwdʰasay|bʰáwdʰa|bʰáwdʰaHmi|bʰudʰyátām|bʰudʰyáHmadʰHaHy|bʰudʰyáHwadʰHaHy|bʰudʰyáytʰay|bʰudʰyáyHātʰām|bʰudʰyáyHātām|bʰáwdʰays|abʰudʰyáy|bʰáwdʰaytām|bʰawdʰáHmadʰHay|bʰudʰyáydʰwam|bʰáwdʰaHy|bʰáwdʰay|bʰáwdʰaswa|bʰudʰyáHy|bʰáwdᶻdʰum|abʰáwdʰaHwa|bʰudʰyáytay|bʰáwdʰatām|bʰáwdʰaymas|bʰudʰyántay|bʰudᶻdʰás|bʰudʰyádʰway|bʰáwdʰaHma|abʰáwdʰanta|bʰudᶻdʰwáH|bʰáwdʰasi|ábʰawdʰant|abʰudʰyánta|bʰáwdʰamHnas|abʰáwdʰatam|bʰawdʰáyHātʰām|abʰawdʰáHwadʰHi|abʰudʰyáHwadʰHi|abʰudʰyáta|bʰáwdʰayta|bʰáwdʰatam|2nd|bʰáwdʰáytʰām|bʰáwdʰanti|bʰáwdʰantay|bʰudʰyáyHa|bʰudʰyádʰwam|ábʰawdʰas|bʰáwdʰadʰway|bʰudʰyáytām|bʰáwdʰant|bʰáwdʰatay|bʰáwdʰayrant|abʰáwdʰaHma|bʰudʰyáswa|bʰáwdʰayHunt|abʰáwdʰata|bʰudʰyáytʰās|bʰudʰyáytʰām|bʰáwdʰayt|bʰáwdʰantu|bʰawdʰáywadʰHi|bʰáwdʰaytʰās|abʰudʰyádʰwam|bʰáwdʰyas|bʰáwdʰaHmas|abʰawdʰáHmadʰHi|abʰáwdʰaytām|1st|abʰudʰyáytʰām|bʰawdʰáHwadʰHay|ábʰawdʰam|abʰáwdʰadʰwam|bʰudʰyáHwadʰHay|bʰáwdʰadʰwam|bʰáwdʰaytam|bʰudʰyámHnas|bʰudʰyátay|bʰáwdʰatʰas|abʰudʰyáytām|bʰáwdʰatas|bʰáwdʰata|bʰáwdʰayHa|bʰáwdʰaHni|abʰáwdʰatʰās|abʰáwdʰatām|bʰudʰyáywadʰHi|bʰáwdʰantam|bʰáwdʰaHwa|bʰawdʰáHmadʰHaHy	<i>verb</i><br><ol><li>to be awake</li></ol>
bʰáydati	<i>verb</i><br><ol><li>to split</li></ol>
bʰúHmiš|bʰúHmīn|bʰúHmiH|bʰúHmayām?|bʰúHmayay|bʰúHmayas|bʰúHmyā|bʰúHmay|bʰúHmayš|bʰúHmišu|bʰúHmim|bʰúHmyawš|bʰúHmibʰyām|bʰúHmāw|bʰúHmibʰiš|bʰúHmištyā|bʰúHmibʰyas	<i>noun</i><br><ol><li>earth, land</li></ol>
bʰúHriš|bʰúHrištʰas|bʰáwHyas	<i>adj</i><br><ol><li>abundant, plentiful, numerous</li></ol>
bʰāgás|bʰāgam|bʰāgānam|bʰāgā|bʰāgaybʰyas|bʰāgayšu|bʰāgāy|bʰāgayās|bʰāgaybʰyaH|bʰāgānaHm|bʰāgay|bʰāgāns|bʰāgāyš|bʰāga|bʰāgasya|bʰāgāt|bʰāgas|bʰāgayaw	<i>noun</i><br><ol><li>division</li><li>allotment</li></ol>
daHiwā́	<i>noun</i><br><ol><li>husband's brother</li></ol>
dasrás	<i>adj</i><br><ol><li>skillful, capable, masterful</li></ol>
daywás|daywā́nam|daywáy|daywā́ns|daywáybʰyaH|daywáyās|daywásya|daywa|daywáyšu|daywā́yš|daywā́t|daywā́|daywáyaw|daywáybʰyas|daywám|daywā́y|daywā́naHm	<i>noun</i><br><ol><li>(religion) god</li></ol>
daćamás	<i>adj</i><br><ol><li>tenth</li></ol>
dmáHnas|dmáHna|dmáHnayšu|dmáHnā|dmáHnaybʰyas|dmáHnam|dmáHnaybʰyaH|dmáHnāyš|dmáHnay|dmáHnasya|dmáHnānaHm|dmáHnayaw|dmáHnānam|dmáHnayās|dmáHnāy|dmáHnāt|dmáHnāns	<i>noun</i><br><ol><li>building, dwelling, house</li></ol>
dráwnam|dráwnāyš|dráwnānaHm|dráwnayaw|dráwnaybʰyas|dráwnayšu|dráwnaybʰyaH|dráwnaH|dráwnāt|dráwnā|dráwnānam|dráwnay|dráwnayās|dráwnasya|dráwnāy	<i>noun</i><br><ol><li>wooden object</li></ol>
dr̥Hgʰás|dráHǰʰyas|dráHǰʰištʰas	<i>adj</i><br><ol><li>long, lengthy</li></ol>
dr̥štás	<i>adj</i><br><ol><li>seen, visible, apparent</li></ol>
duHrás	<i>adj</i><br><ol><li>distant, far</li><li>long, remote</li></ol>
dušmánas	<i>adj</i><br><ol><li>ill-dispositioned</li><li>perverse-minded</li></ol><br><i>noun</i><br><ol><li>ill-disposition</li><li>perversity of the mind</li></ol>
dwitī́yas	<i>num</i><br><ol><li>second</li></ol><br><i>adj</i><br><ol><li>second</li></ol>
dwáH	<i>num</i><br><ol><li>two</li></ol>
dwáyšas	<i>noun</i><br><ol><li>hatred, hostility, enmity</li></ol>
dyáti|3rd|2nd|1st	<i>verb</i><br><ol><li>to bind</li></ol>
dyā́wš	<i>noun</i><br><ol><li>sky, heaven</li></ol>
dáHnam|dáHnāyš|dáHnāt|dáHnayās|dáHnaybʰyaH|dáHnaH|dáHnaybʰyas|dáHnānaHm|dáHnayaw|dáHnayšu|dáHnānam|dáHnay|dáHnā|dáHnasya|dáHnāy	<i>noun</i><br><ol><li>gift</li></ol>
dáHtā	<i>noun</i><br><ol><li>giver</li></ol>
dádaHti|3rd|2nd|1st	<i>verb</i><br><ol><li>to give</li></ol>
dáwš	<i>noun</i><br><ol><li>forearm, arm</li></ol>
dáća	<i>num</i><br><ol><li>ten</li></ol>
dáćšinas|dáćšinānam|dáćšinayšu|dáćšina|dáćšinay|dáćšinasya|dáćšināt|dáćšināy|dáćšinānaHm|dáćšināns|dáćšināyš|dáćšinā|dáćšinaybʰyaH|dáćšinayās|dáćšinayaw|dáćšinam|dáćšinaybʰyas	<i>noun</i><br><ol><li>right (side)</li><li>south</li></ol>
dā́ru|dā́rubʰiš|dā́raway|dā́rā?|dā́ruwaw|dā́runām?|dā́rāw?|dā́rušu|dā́rawš|dā́ruH|dā́rubʰyas|dā́ruwaHs|dā́raw|dā́rubʰyaH	<i>noun</i><br><ol><li>tree</li><li>wood</li></ol>
dʰa(H)inúš|dʰaHinúáH|dʰaHinúām|dʰaHinúsu|dʰa (H)inúš|dʰaHinúám|dʰaHinúás|dʰainú|dʰaHinúáy|dʰainúbʰíš|dʰaHinúí|dʰainúš|dʰaHinúbʰíš|dʰainúáy|dʰainúí|dʰaHinúā́w|dʰaHinúš|dʰaHinúbʰyáH|dʰainúbʰyáH|dʰainúām|dʰainúsu|dʰainúás|dʰainúā́w|dʰainúáH|dʰaHinúáwš|dʰainúáwš|dʰainúám|dʰaHinú	<i>noun</i><br><ol><li>milch cow</li></ol>
dʰaHtā́	<i>noun</i><br><ol><li>creator</li></ol>
dʰruwás	<i>adj</i><br><ol><li>fixed, firm</li></ol>
dʰruǰʰyáti|3rd|2nd|1st	<i>verb</i><br><ol><li>to deceive</li></ol>
dʰráwgʰas	<i>noun</i><br><ol><li>lie, deception</li><li>treachery</li><li>offence</li></ol>
dʰrúkš|dʰrúǰ|dʰrúǰʰām|dʰrúǰʰáH|dʰrúǰʰáwš|dʰrúǰʰám|dʰrúǰʰás|dʰrúkšu|dʰrúǰʰí|dʰrúgbʰyaH|dʰrúgbʰiš|dʰrúǰʰáy	<i>noun</i><br><ol><li>lie, falsehood, deceit</li><li>injury, harm</li></ol>
dʰr̥ždʰás	<i>adj</i><br><ol><li>firm, steadfast</li></ol>
dʰuHmás|dʰuHmásya|dʰuHmā́ns|dʰuHmáybʰyas|dʰuHmám|dʰuHmáy|dʰuHmáyās|dʰuHmā́|dʰuHmáybʰyaH|dʰuHmā́nam|dʰuHmā́yš|dʰuHmā́t|dʰuHmā́y|dʰuHmā́naHm|dʰuHma|dʰuHmáyaw|dʰuHmáyšu	<i>noun</i><br><ol><li>mist, fog</li><li>smoke</li></ol>
dʰugʰdʰā|dʰúǰʰitā	<i>noun</i><br><ol><li>daughter</li></ol>
dʰádʰaHti|3rd|2nd|1st	<i>verb</i><br><ol><li>to put, place</li></ol>
dʰárati|dʰāráyati|3rd|2nd|1st	<i>verb</i><br><ol><li>to hold, have</li></ol>
dʰáwgdʰi|dʰáwgdʰi ~ *duȷ́ʰánti|3rd|2nd|1st	<i>verb</i><br><ol><li>to milk</li></ol>
dʰáǰʰati|3rd|2nd|1st	<i>verb</i><br><ol><li>to burn</li></ol>
gaHtʰás|gaHtʰáybʰyaH|gaHtʰā́y|gaHtʰásya|gaHtʰa|gaHtʰā́yš|gaHtʰáy|gaHtʰā́naHm|gaHtʰā́|gaHtʰā́nam|gaHtʰā́ns|gaHtʰáyās|gaHtʰáyaw|gaHtʰā́t|gaHtʰáyšu|gaHtʰáybʰyas|gaHtʰám	<i>noun</i><br><ol><li>song</li></ol>
gadaH|gadáH|gádaH	<i>noun</i><br><ol><li>club, mace</li></ol>
gatás	<i>adj</i><br><ol><li>gone</li><li>come</li></ol>
gnáHs	<i>noun</i><br><ol><li>woman</li><li>wife</li></ol>
griHwáH|griHwāyaw|griHwáyaH|griHwáHbʰyā|griHwáHbʰiš|griHwáyaHs|griHwáyaHm|griHwáy|griHway|griHwā́m|griHwáyaHy|griHwáHsu|griHwāyās|griHwáHnām|griHwáyaH́|griHwā́s|griHwáHbʰyām|griHwáHbʰyas	<i>noun</i><br><ol><li>neck, throat</li></ol>
grā́mas|grā́māt|grā́mam|grā́may|grā́māyš|(H)grā́mas|grā́mānaHm|grā́maybʰyas|grā́mā|grā́maybʰyaH|grā́mayaw|grā́mayšu|grā́māy|grā́mayās|grā́māns|grā́ma|grā́masya|grā́mānam	<i>noun</i><br><ol><li>village, town</li><li>community</li></ol>
gr̥Híš	<i>noun</i><br><ol><li>mountain</li></ol>
gr̥Húš|gárHyas|gárištʰas	<i>adj</i><br><ol><li>heavy</li></ol>
guHtʰás	<i>noun</i><br><ol><li>excrement</li></ol>
gárbʰas|gárbʰayaw|gárbʰam|gárbʰā|gárbʰaybʰyaH|gárbʰānaHm|gárbʰānam|gárbʰasya|gárbʰaybʰyas|gárbʰa|gárbʰayšu|gárbʰayās|gárbʰay|gárbʰāt|gárbʰāns|gárbʰāyš|gárbʰāy	<i>noun</i><br><ol><li>the womb</li><li>fetus, embryo</li></ol>
gátiš	<i>noun</i><br><ol><li>going, motion</li></ol>
gā́wš	<i>noun</i><br><ol><li>cow</li></ol>
gʰr̥dʰás|gʰr̥dʰáy|gʰr̥dʰásya|gʰr̥dʰáybʰyas|gʰr̥dʰám|gʰr̥dʰā́|gʰr̥dʰā́naHm|gʰr̥dʰáyās|gʰr̥dʰā́yš|gʰr̥dʰáyaw|gʰr̥dʰā́nam|gʰr̥dʰā́y|gʰr̥dʰáyšu|gʰr̥dʰā́ns|gʰr̥dʰa|gʰr̥dʰáybʰyaH|gʰr̥dʰā́t	<i>noun</i><br><ol><li>enclosure</li><li>house</li></ol>
gʰáwšas|gʰáwšaybʰyas|gʰáwšāt|gʰáwšay|gʰáwšasya|gʰáwšam|gʰáwšāyš|gʰáwšānaHm|gʰáwšaybʰyaH|gʰáwšayaw|gʰáwšā|gʰáwšāns|gʰáwša|gʰáwšāy|gʰáwšānam|gʰáwšayšu|gʰáwšayās	<i>noun</i><br><ol><li>noise, sound</li></ol>
gʰáwšati	<i>verb</i><br><ol><li>to hear, listen</li><li>to shout</li></ol>
iyám	<i>pron</i><br><ol><li>she (proximal)</li></ol>
kanyáH	<i>noun</i><br><ol><li>young girl, maiden</li></ol>
kapáwtas|kapáwtā|kapáwtānam|kapáwtāt|kapáwtam|kapáwtayšu|kapáwtayaw|kapáwtasya|kapáwtāns|kapáwta|kapáwtānaHm|kapáwtay|kapáwtaybʰyaH|kapáwtaybʰyas|kapáwtayās|kapáwtāyš|kapáwtāy	<i>adj</i><br><ol><li>grey-blue</li></ol><br><i>noun</i><br><ol><li>pigeon, dove</li></ol>
kapā́las|kapā́lāy|kapā́lāt|kapā́lāns|kapā́lānam|kapā́layaw|kapā́lānaHm|kapā́laybʰyas|kapā́la|kapā́lāyš|kapā́lā|kapā́layšu|kapā́lam|kapā́laybʰyaH|kapā́lasya|kapā́layās|kapā́lay	<i>noun</i><br><ol><li>(anatomy) skull</li></ol>
kapʰas|kápʰas|kapʰáybʰyaH|kapʰáyās|kapʰā́nam|kapʰā́ns|kapʰā́y|kapʰā́naHm|kapʰáy|kapʰáyšu|kapʰā́t|kapʰáyaw|kapʰā́|kapʰám|kapʰásya|kapʰáybʰyas|kapʰás|kapʰā́yš|kapʰa	<i>noun</i><br><ol><li>mucus, phlegm</li></ol>
kaćyápas|kaćyápā|kaćyápāyš|kaćyápāns|kaćyápaybʰyas|kaćyápānam|kaćyápam|kaćyápay|kaćyápayaw|kaćyápasya|kaćyápāt|kaćyápānaHm|kaćyápaybʰyaH|kaćyápayās|kaćyápayšu|kaćyápāy|kaćyápa	<i>noun</i><br><ol><li>turtle</li></ol>
kaćúš	<i>adj</i><br><ol><li>small</li><li>less</li></ol>
krátuš|krátawas|krátuH|krátawš|krátum|krátuwaHs|krátubʰyas|krátāw?|krátubʰyaH|krátušu|krátubʰiš|krátā?|krátaway|krátaw|krátuwaw|krátunš|krátunām?	<i>noun</i><br><ol><li>intelligence, mental power</li></ol>
krā́mHati	<i>verb</i><br><ol><li>to tread, stride, go</li><li>to thresh</li></ol>
krā́mHti	<i>verb</i><br><ol><li>to stride, go</li></ol>
kr̥dʰHúš|krádʰHištʰas|krádʰHyas	<i>adj</i><br><ol><li>short</li><li>crooked, defective</li></ol>
kr̥náwti	<i>verb</i><br><ol><li>to do, make</li></ol>
kr̥tás	<i>adj</i><br><ol><li>done, made</li></ol>
kr̥ćás	<i>adj</i><br><ol><li>thin, emaciated</li><li>lean</li></ol>
kr̥šnás	<i>adj</i><br><ol><li>black, dark</li></ol>
káHmas|káHmaybʰyaH|káHmāy|káHmayaw|káHmaybʰyas|káHmayšu|káHmāyš|káHmā|káHmay|káHmāns|káHmayās|káHmam|káHmānam|káHmānaHm|káHma|káHmasya|káHmāt	<i>noun</i><br><ol><li>wish, desire</li></ol>
kádruš	<i>adj</i><br><ol><li>brown, tan</li></ol>
kás|kád|káH	<i>pron</i><br><ol><li>(interrogative) who</li></ol>
káti	<i>det</i><br><ol><li>how many?</li></ol>
káwHiš|káwHay|káwHā?|káwHayas|káwHiH|káwHibʰyām|káwHayš|káwHayām?|káwHayay|káwHibʰyas|káwHyawš|káwHāw?|káwHim|káwHīn|káwHišu|káwHibʰiš	<i>noun</i><br><ol><li>seer, poet</li><li>institutor of religious rites</li></ol><br><i>adj</i><br><ol><li>insightful, wise</li></ol>
káćšas|káćšāyš|káćšaybʰyas|káćšayaw|káćšāns|káćšay|káćša|káćšasya|káćšāt|káćšāy|káćšayšu|káćšayās|káćšam|káćšā|káćšānaHm|káćšānam|káćšaybʰyaH	<i>noun</i><br><ol><li>(anatomy) armpit</li></ol>
kŕ̥miš|kŕ̥miH|kŕ̥mayām?|kŕ̥māw?|kŕ̥myawš|kŕ̥mibʰyām|kŕ̥mayš|kŕ̥mayay|kŕ̥mā?|kŕ̥mibʰiš|kŕ̥mišu|kŕ̥mayas|kŕ̥mibʰyas|kŕ̥mīn|kŕ̥mim|kŕ̥may	<i>noun</i><br><ol><li>worm</li></ol>
kšatrám	<i>noun</i><br><ol><li>kingdom, dominion, empire</li><li>rule, reign</li></ol>
kšiHrám|kšiHrā́|kšiHráH|kšiHrā́naHm|kšiHrásya|kšiHrā́nam|kšiHrā́yš|kšiHráy|kšiHráybʰyaH|kšiHráyšu|kšiHrā́t|kšiHráyaw|kšiHrā́y|kšiHráyās|kšiHráybʰyas	<i>noun</i><br><ol><li>milk</li></ol>
kšnáwti	<i>verb</i><br><ol><li>to whet, sharpen</li></ol>
kšudrás	<i>adj</i><br><ol><li>minute, small</li><li>dispersed</li></ol>
kšurás|kšurā́nam|kšuráybʰyaH|kšuráy|kšuráybʰyas|kšurā́y|kšuráyās|kšurā́naHm|kšurā́|kšuráyaw|kšurā́yš|kšurā́t|kšurám|kšura|kšurásya|kšuráyšu|kšurā́ns	<i>noun</i><br><ol><li>dagger, razor, sharp knife</li></ol>
kšáps	<i>noun</i><br><ol><li>night</li></ol>
kšáwdas	<i>noun</i><br><ol><li>swell of the sea</li></ol>
kʰumbʰás|kʰumbʰas	<i>noun</i><br><ol><li>pot</li></ol>
kʰáras|kʰárānam|kʰárāns|kʰárāy|kʰáraybʰyas|kʰárayšu|kʰárayās|kʰárasya|kʰárāt|kʰárāyš|kʰárānaHm|kʰárayaw|kʰárā|kʰára|kʰáray|kʰáraybʰyaH|kʰáram	<i>noun</i><br><ol><li>donkey</li></ol>
kʰā́	<i>noun</i><br><ol><li>well, spring, source</li></ol>
maH	<i>particle</i><br><ol><li>prohibitive particle: do not</li></ol>
makáćas	<i>noun</i><br><ol><li>fly, gnat, mosquito</li></ol>
manzdʰHrás	<i>adj</i><br><ol><li>wise</li></ol>
marwíš|marwáyām?|marwáy|marwíbʰyām|marwáyas|marwáyš|marwíbʰiš|marwíšu|marwíbʰyas|marwáyay|marwím|marwíH|marwyáwš|marwā́(w)?|marwíH́|marwī́n	<i>noun</i><br><ol><li>ant</li></ol>
matíš|matíbʰyām|matáyām?|matíH|matíbʰyas|matíbʰiš|matā́w|matím|matyáwš|matáy|matáyš|matī́n|matištyā́|matíšu|matáyay|matáyas|matyā́	<i>noun</i><br><ol><li>thought</li></ol>
matˢtás	<i>adj</i><br><ol><li>drunk, intoxicated</li></ol>
mayšás|mayšā́|mayšáy|mayšáyaw|mayša|mayšám|mayšā́nam|mayšā́t|mayšā́yš|mayšā́ns|mayšásya|mayšáyās|mayšáybʰyaH|mayšā́y|mayšáyšu|mayšáybʰyas|mayšā́naHm	<i>noun</i><br><ol><li>ram</li></ol>
mayū́kʰas|mayū́kʰāt|mayū́kʰasya|mayū́kʰaybʰyas|mayū́kʰāyš|mayū́kʰā|mayū́kʰānam|mayū́kʰāns|mayū́kʰayaw|mayū́kʰayšu|mayū́kʰa|mayū́kʰaybʰyaH|mayū́kʰānaHm|mayū́kʰay|mayū́kʰam|mayū́kʰāy|mayū́kʰayās	<i>noun</i><br><ol><li>peg, nail</li></ol>
mazdʰáH|mazdʰáyaH|mazdʰáyaHm|mazdʰā́m|mazdʰay|mazdʰáyaHs|mazdʰā́s|mazdʰáHbʰyas|mazdʰáHsu|mazdʰáHnām|mazdʰáHbʰyā|mazdʰāyās|mazdʰáyaH́|mazdʰáHbʰyām|mazdʰáHbʰiš|mazdʰáyaHy|mazdʰāyaw|mazdʰáy	<i>noun</i><br><ol><li>wisdom, intelligence</li></ol>
mazgʰás|mazgʰáy|mazgʰásya|mazgʰáybʰyas|mazgʰā́ns|mazgʰā́t|mazgʰā́naHm|mazgʰám|mazgʰáyās|mazgʰáyšu|mazgʰā́nam|mazgʰa|mazgʰā́yš|mazgʰáyaw|mazgʰā́|mazgʰáybʰyaH|mazgʰā́y	<i>noun</i><br><ol><li>marrow, pith</li><li>brain</li></ol>
mazǰʰā́	<i>noun</i><br><ol><li>marrow, pith</li><li>brain</li></ol>
maćšúš	<i>adv</i><br><ol><li>quickly, rapidly</li></ol>
maȷ́ʰā́	<i>adj</i><br><ol><li>big, great</li></ol>
mitrás|mitra|mitrā́t|mitráyās|mitrā́nam|mitráyaw|mitráybʰyaH|mitrā́naHm|mitrám|mitráyšu|mitrā́yš|mitrā́ns|mitráybʰyas|mitrásya|mitrā́y|mitráy|mitrā́	<i>noun</i><br><ol><li>covenant</li><li>treaty</li><li>agreement</li><li>promise</li></ol>
mićrás	<i>adj</i><br><ol><li>mixed</li></ol>
miždʰám|miždʰáybʰyas|miždʰā́y|miždʰásya|miždʰáyšu|miždʰáybʰyaH|miždʰáyaw|miždʰáyās|miždʰā́nam|miždʰáy|miždʰā́naHm|miždʰáH|miždʰā́yš|miždʰā́t|miždʰā́	<i>noun</i><br><ol><li>reward</li></ol>
mriyátay	<i>verb</i><br><ol><li>to die</li></ol>
mráwHti	<i>verb</i><br><ol><li>to say, talk</li></ol>
mr̥Hdʰā́	<i>noun</i><br><ol><li>forehead, head</li></ol>
mr̥dúš|mrádištʰas|mrádyas	<i>adj</i><br><ol><li>soft, mild, weak</li></ol>
mr̥gás|mr̥ga|mr̥gám|mr̥gā́yš|mr̥gásya|mr̥gā́naHm|mr̥gā́y|mr̥gáybʰyas|mr̥gáyšu|mr̥gā́nam|mr̥gā́ns|mr̥gáyās|mr̥gáyaw|mr̥gā́t|mr̥gáy|mr̥gáybʰyaH|mr̥gā́	<i>noun</i><br><ol><li>a forest animal</li></ol>
mr̥tyúš	<i>noun</i><br><ol><li>death</li></ol>
mr̥tás	<i>adj</i><br><ol><li>dead</li><li>mortal</li></ol>
mr̥ȷ́ʰúš|mráȷ́ʰištʰas|mráȷ́ʰyas	<i>adj</i><br><ol><li>short</li><li>brief</li></ol>
muštíš|muštáyš|muštíH|muštíbʰyas|muštā́(w)?|muštíbʰiš|muštáyas|muštyáwš|muštáyām?|muštíbʰyām|muštáyay|muštī́n|muštíH́|muštíšu|muštím|muštáy	<i>noun</i><br><ol><li>fist</li></ol>
máHtā	<i>noun</i><br><ol><li>mother</li></ol>
mádu	<i>noun</i><br><ol><li>honey</li><li>wine</li></ol>
mádʰu	<i>noun</i><br><ol><li>honey</li><li>wine</li></ol>
mádʰyas	<i>adj</i><br><ol><li>middle</li></ol>
mákš|mákš ~ *makás	<i>noun</i><br><ol><li>midge, fly, bee</li></ol>
mákšiH	<i>noun</i><br><ol><li>midge, fly, bee</li></ol>
mánas|mánam|mánayšu|mánasya|mánāyš|mánāt|mánānam|mánaybʰyas|mánayās|mánānaHm|mánāns|mánaybʰyaH|mánā|mána|mánay|mánayaw|mánāy	<i>noun</i><br><ol><li>mind, intellect, thought</li></ol>
mántram|mántraH|mántrāt|mántray|mántrasya|mántraybʰyaH|mántraybʰyas|mántrāy|mántrānaHm|mántrānam|mántrā|mántrayšu|mántrāyš|mántrayās|mántrayaw	<i>noun</i><br><ol><li>meditation, chanting</li></ol>
mányatay	<i>verb</i><br><ol><li>to think, consider</li></ol>
mártyas|mártyasya|mártyā|mártyānam|mártyāyš|mártyayās|mártyay|mártyāns|mártyānaHm|mártyaybʰyaH|mártyayaw|mártyayšu|mártyaybʰyas|mártyam|mártyāt|mártyāy|mártya	<i>noun</i><br><ol><li>mortal, man</li></ol>
máryas|máryānaHm|máryayās|máryay|máryasya|máryāy|máryayšu|máryā|máryam|máryānam|máryaybʰyas|márya|máryāns|máryaybʰyaH|máryāyš|máryayaw|máryāt	<i>noun</i><br><ol><li>young man</li></ol>
mátsyas|mátsyayās|mátsyāns|mátsyam|mátsyasya|mátsyayšu|mátsyaybʰyaH|mátsyay|mátsyā|mátsyāy|mátsyānam|mátsyāt|mátsyayaw|mátsyāyš|mátsyānaHm|mátsya|mátsyaybʰyas	<i>noun</i><br><ol><li>fish</li></ol>
múHs	<i>noun</i><br><ol><li>mouse</li></ol>
múHtram|múHtrayšu|múHtrāyš|múHtraybʰyaH|múHtrayās|múHtraH|múHtraybʰyas|múHtrāy|múHtrayaw|múHtray|múHtrānaHm|múHtrāt|múHtrānam|múHtrasya|múHtrā	<i>noun</i><br><ol><li>excrement, urine</li></ol>
māmsám|māmsā|māmsasya|māmsam|māmsay|māmsāyš|māmsayšu|māmsānaHm|māmsaybʰyas|māmsāy|māmsayaw|māmsayās|māmsāt|māmsaybʰyaH|māmsaH|māmsānam	<i>noun</i><br><ol><li>flesh, meat</li></ol>
mā́Has	<i>noun</i><br><ol><li>moon</li><li>month</li></ol>
mŕ̥tas	<i>noun</i><br><ol><li>mortal, man</li></ol>
naHuHaȷ́ás|naHuHaȷ́āns|naHuHaȷ́āyš|naHuHaȷ́ay|naHuHaȷ́ayās|naHuHaȷ́a|naHuHaȷ́āt|naHuHaȷ́asya|naHuHaȷ́ānam|naHuHaȷ́aybʰyaH|naHuHaȷ́aybʰyas|naHuHaȷ́ayšu|naHuHaȷ́am|naHuHaȷ́ayaw|naHuHaȷ́āy|naHuHaȷ́as|naHuHaȷ́ānaHm|naHuHaȷ́ā	<i>noun</i><br><ol><li>navigator, captain, skipper.</li></ol>
naHwiyás	<i>adj</i><br><ol><li>boatable, navigable</li></ol>
nadíH|nadíHbʰyas|nadíHsu|nadíHbʰiš|nadíHnām|nadyáHs|nadíHbʰyām|nadíyaw|nadíHbʰyā|nadíHm|nadíH́s|nadyáH|nadyáy|nadíyās	<i>noun</i><br><ol><li>river</li></ol>
nagnás	<i>adj</i><br><ol><li>naked, nude</li></ol>
namrás	<i>adj</i><br><ol><li>submissive, humble</li></ol>
niždás|niždā́nam|niždáyaw|niždā́t|niždáybʰyaH|niždáyās|niždásya|niždā́naHm|niždáy|niždā́ns|niždám|niždā́yš|niždā́|nižda|niždáyšu|niždā́y|niždáybʰyas	<i>noun</i><br><ol><li>nest</li></ol>
ná	<i>adv</i><br><ol><li>no, not</li></ol>
náHsaH|náHsayaHs|náHsāyās|náHsayaHy|náHsay|náHsām|náHsās|náHsaHbʰyā|náHsaHnām|náHsāyaw|náHsayaHm|náHsaHbʰiš|náHsaHbʰyām|náHsaHsu|náHsaHbʰyas|náHsayaH	<i>noun</i><br><ol><li>nose</li></ol>
náHuš|náHušu|náHum|náHunām?|náHunš|náHawš|náHuwaHs|náHaw|náHubʰyaH|náHā?|náHaway|náHubʰyas|náHuH|náHāw?|náHubʰiš|náHuwaw|náHawas	<i>noun</i><br><ol><li>boat</li></ol>
nábʰas	<i>noun</i><br><ol><li>cloud, mist moisture</li></ol>
námas	<i>noun</i><br><ol><li>deference, respect, homage</li></ol>
námati|namyádʰway|3rd|námaHni|námatay|ánamat|námyas|namyáHmadʰHaHy|namyátām|namyámHnas|anámadʰwam|natás|namyáy|námaytʰās|namáHmadʰHaHy|namyáHwadʰHaHy|námantay|anamyáHwadʰHi|námaHwa|námatʰa|námatu|anamyánta|anámaytām|námasay|nántum|námatʰas|anamyáta|namyántay|námaytʰay|námadʰwam|anámaHma|anámatām|anámaytʰām|anamyáytʰām|námasi|namyántam|námays|námaydʰwam|námanti|anamáHwadʰHi|namyáytām|namáywadʰHi|anamyáy|náma|namáHmadʰHay|námayHunt|namáHwadʰHay|namyáyta|ánamay|namyátay|námatas|námantu|námadʰway|námata|namyáHwadʰHay|námamHnas|anámatam|namyáytʰām|námayt|anámatʰās|namyáHy|namáymadʰHi|námayrant|námaytay|natwáH|námaytʰām|ánamant|namáHwadʰHaHy|namyáHmadʰHay|námaHy|anamáHmadʰHi|námayHa|namyáyHātām|anamyátʰās|anamyáytām|2nd|namyáytay|ánamam|namáyHātām|námaHmi|námatam|namyáytʰās|namyáyHa|namyáydʰwam|anámanta|namyáyrant|namyáyHātʰām|námantam|namyádʰwam|námant|anámata|námaswa|námaytam|1st|anámaHwa|námaHwas|namyáytʰay|námayHam|namyáywadʰHi|anamyáHmadʰHi|namáyHātʰām|námaHmas|ánamas|namyáswa|námayta|anamyádʰwam|námatām|námaHma|namyásay|namyáymadʰHi|námay|námaywa|námaymas|námaytām	<i>verb</i><br><ol><li>to bend, bow</li></ol>
nápāts	<i>noun</i><br><ol><li>descendant</li><li>grandson</li></ol>
násatay	<i>verb</i><br><ol><li>to approach, join</li></ol>
náwas	<i>adj</i><br><ol><li>new</li></ol>
náyHati|aniHyáta|3rd|niHyáHwadʰHaHy|niHyádʰway|náyHadʰwam|náyHatʰas|niHyáHwadʰHay|anáyHatam|nayHáHmadʰHay|anáyHatām|nayHáymadʰHi|náyHatam|náyHaswa|niHyántam|niHyáHy|niHyáyHātām|náyHayHa|nayHáyHātʰām|náyHaytʰās|ánayHant|ánayHat|náyHaydʰwam|náyHaHwa|niHtás|náyHayrant|niHyásay|náyHays|náyHaytam|anayHáHmadʰHi|aniHyáytʰām|ánayHas|niHyáHmadʰHaHy|niHyáyrant|náyHantay|niHyádʰwam|náyHanti|náyHtum|anáyHaHma|ánayHay|anáyHaHwa|nayHáywadʰHi|niHyáydʰwam|nayHyás|náyHasay|náyHaHwas|niHyátay|aniHyátʰās|niHyáHmadʰHay|náyHaytʰay|niHyáytām|nayHáyHātām|náyHamHnas|niHyámHnas|niHyáswa|niHyáy|niHyáytʰās|anayHáHwadʰHi|náyHaymas|aniHyádʰwam|aniHyánta|náyHatas|náyHaHy|náyHasi|nayHáHwadʰHaHy|náyHata|náyHadʰway|náyHantu|anáyHata|ánayHam|niHyáyta|náyHaHmas|niHyántay|niHyáywadʰHi|2nd|aniHyáHmadʰHi|náyHantam|náyHayta|anáyHatʰās|náyHayt|niHyáytay|niHyáymadʰHi|náyHaHmi|náyHatām|anáyHadʰwam|náyHa|niHyátām|náyHaHni|nayHáHmadʰHaHy|náyHatʰa|náyHatu|aniHyáytām|náyHaywa|aniHyáHwadʰHi|aniHyáy|1st|niHyáytʰām|náyHay|náyHatay|anáyHanta|náyHayHam|niHyáyHa|níHtwaH|náyHaytay|niHyáyHātʰām|náyHaytām|niHyáytʰay|anáyHaytʰām|náyHayHunt|nayHáHwadʰHay|náyHaytʰām|náyHaHma|anáyHaytām|náyHant	<i>verb</i><br><ol><li>to lead</li></ol>
náymas	<i>adj</i><br><ol><li>half</li></ol>
náyȷ́žʰam|náyȷ́žʰayšu|náyȷ́žʰāyš|náyȷ́žʰaybʰyas|náyȷ́žʰaybʰyaH|náyȷ́žʰayaw|náyȷ́žʰayās|náyȷ́žʰasya|náyȷ́žʰaH|náyȷ́žʰānam|náyȷ́žʰānaHm|náyȷ́žʰay|náyȷ́žʰāt|náyȷ́žʰā|náyȷ́žʰāy	<i>noun</i><br><ol><li>sharp tip, spear</li></ol>
názdyas	<i>adv</i><br><ol><li>near</li></ol>
náćyati	<i>verb</i><br><ol><li>to lose, perish</li><li>to disappear</li></ol>
ní	<i>adv</i><br><ol><li>down, downwards</li><li>in, into</li><li>engrave, inscribe</li></ol>
pHtā́|pHtáraH|pHtáram|pHtráH|pHtŕ̥bʰiš|pHtŕ̥bʰyām|pHtáras|pHtŕ̥š|pHtráy|pHtŕ̥šu|pHtŕ̥Nš|pHtrā́m|pHtar|pHtráw|pHtŕ̥bʰyas|pHtŕ̥bʰyā|pHtári	<i>noun</i><br><ol><li>father</li></ol>
paHmā́|paHmāsu|paHmāáH|paHmāí|paHmāás|paHmāām|paHmābʰyáH|paHmāáy|paHmāáwš|paHmā|paHmābʰíš|paHmāā́w|paHmāám	<i>noun</i><br><ol><li>skin disease, scabies, rash</li></ol>
pančaHćát	<i>num</i><br><ol><li>fifty</li></ol>
parHušás	<i>adj</i><br><ol><li>grey</li></ol>
parnám|parnā́|parnā́yš|parnā́t|parnā́nam|parnáy|parnā́y|parnáyšu|parnā́naHm|parnáyaw|parnáH|parnáybʰyaH|parnáyās|parnásya|parnáybʰyas	<i>noun</i><br><ol><li>leaf</li><li>feather, wing</li></ol>
parut	<i>adv</i><br><ol><li>last year</li></ol>
paršás|paršáyās|paršā́y|paršáyaw|paršā́naHm|paršáy|paršáybʰyas|paršā́t|paršā́yš|parša|paršásya|paršā́nam|paršáybʰyaH|paršā́|paršám|paršā́ns|paršáyšu	<i>noun</i><br><ol><li>sheaf, bundle of grain stalks</li><li>ear of grain; the fruiting body of a grain plant</li></ol>
piHnáwti	<i>verb</i><br><ol><li>to be swollen, fat</li></ol>
piHtú	<i>noun</i><br><ol><li>fat, tallow</li><li>nourishment, food</li></ol>
pinášti	<i>verb</i><br><ol><li>to hew, cut, engrave</li><li>to grind, crush</li></ol>
pipā́yHa	<i>verb</i><br><ol><li>to be swollen (with milk)</li></ol>
pláwati	<i>verb</i><br><ol><li>to flow, float, swim</li></ol>
pratʰamás	<i>num</i><br><ol><li>first</li></ol>
priHás	<i>adj</i><br><ol><li>dear, beloved</li></ol>
prátʰas	<i>noun</i><br><ol><li>breadth, extension, width</li></ol>
pr̥Hnás	<i>adj</i><br><ol><li>full, filled</li></ol>
pr̥Hwás	<i>prep</i><br><ol><li>before, first, in front of</li></ol><br><i>adj</i><br><ol><li>ancient, old</li></ol>
pr̥Húš|pr̥Hutámas	<i>adj</i><br><ol><li>much, very</li></ol>
pr̥náHti	<i>verb</i><br><ol><li>to fill</li></ol>
pr̥tʰúš|prátʰyas	<i>adj</i><br><ol><li>broad, wide</li></ol>
pr̥štʰás|pr̥štʰa|pr̥štʰā́naHm|pr̥štʰáy|pr̥štʰáyaw|pr̥štʰā́yš|pr̥štʰásya|pr̥štʰáyšu|pr̥štʰā́|pr̥štʰám|pr̥štʰā́t|pr̥štʰā́nam|pr̥štʰáybʰyas|pr̥štʰáybʰyaH|pr̥štʰā́y|pr̥štʰā́ns|pr̥štʰáyās	<i>noun</i><br><ol><li>back</li></ol>
pr̥šćáti|pr̥šćántay|3rd|pr̥šćyáHmadʰHay|apr̥šćáta|pr̥šćátʰas|pr̥šćáHmi|pr̥šćátay|pr̥šćátu|apr̥šćyáytām|apr̥šćyáytʰām|apr̥šćádʰwam|pr̥šćyáHmadʰHaHy|pr̥šćyántay|pr̥šćátam|pr̥šćántu|pŕ̥šćyas|apr̥šćyádʰwam|pr̥šćáyt|pr̥šćáHwadʰHay|pr̥šćyáytʰay|pr̥šćyáytʰās|pr̥šćyátām|pr̥šćáyHa|pr̥šćáHni|apr̥šćyáHmadʰHi|apr̥šćám|pr̥šćáyHam|pr̥šćyáyrant|pr̥šćyátay|pr̥šćyáydʰwam|pr̥šćátas|pr̥šćáyHātʰām|apr̥šćáy|pr̥šćádʰwam|apr̥šćyáHwadʰHi|apr̥šćánta|pr̥šćáyHunt|pr̥šćá|pr̥šćáytʰās|pr̥šćánti|pr̥šćáHwa|pr̥šćánt|pr̥šćádʰway|apr̥šćátam|pr̥šćátām|pr̥šćyáHwadʰHay|pr̥šćáyta|pr̥šćáytʰām|pr̥šćyádʰway|apr̥šćánt|pr̥šćáta|apr̥šćyáta|pr̥šćyáytay|pr̥šćáydʰwam|pr̥šćáHy|pr̥šćási|pr̥šćáytay|apr̥šćáHmadʰHi|pr̥šćátʰa|pr̥šćáswa|apr̥šćátām|pr̥šćyáswa|apr̥šćáHwa|apr̥šćás|pr̥šćáyHātām|2nd|pr̥šćáyrant|apr̥šćáytʰām|pr̥šćyáHy|pr̥šćyámHnas|pr̥šćáymadʰHi|pr̥šćyáytām|pr̥šćáytam|pr̥šćáywadʰHi|pr̥šćyásay|pr̥šćáytām|pr̥šćyáywadʰHi|apr̥šćátʰās|pr̥šćáHwas|pr̥štás|pr̥šćyántam|apr̥šćáytām|pr̥šćyáytʰām|apr̥šćáHwadʰHi|pr̥šćáytʰay|pr̥šćyáHwadʰHaHy|pr̥šćyáyHātʰām|pr̥šćásay|pr̥šćáHmas|pr̥šćáHmadʰHaHy|pr̥šćáymas|pr̥šćyáyta|pr̥šćáHwadʰHaHy|1st|pr̥šćáys|pr̥šćáy|pr̥šćyáyHātām|apr̥šćyátʰās|pr̥šćáHma|apr̥šćát|pr̥šćáHmadʰHay|pr̥šćyáymadʰHi|apr̥ščyáy|pr̥šćámHnas|pr̥šćyáyHa|pr̥šćáywa|pr̥šćyádʰwam|apr̥šćáHma|pr̥štwáH|pr̥šćántam|práštum|pr̥šćyáy|apr̥šćyánta	<i>verb</i><br><ol><li>to ask</li></ol>
pstánas	<i>noun</i><br><ol><li>breast</li><li>teat, nipple</li></ol>
putrás|putrā́yš|putráybʰyas|putráybʰyaH|putrā́naHm|putráy|putrā́y|putrā́ns|putrásya|putrā́nam|putráyaw|putra|putrā́t|putráyšu|putrā́|putrám|putráyās	<i>noun</i><br><ol><li>boy</li><li>son</li></ol>
pádyati	<i>verb</i><br><ol><li>to move, go</li><li>to fall</li></ol>
pántaHs	<i>noun</i><br><ol><li>path</li></ol>
pánča	<i>num</i><br><ol><li>five</li></ol>
párwatas|párwatayaw|párwatāyš|párwatayšu|párwatāt|párwatānaHm|párwatayās|párwatay|párwatasya|párwatā|párwatānam|párwatāy|párwataybʰyaH|párwatāns|párwatam|párwata|párwataybʰyas	<i>noun</i><br><ol><li>mountain</li></ol>
párćuš	<i>noun</i><br><ol><li>rib</li></ol>
pásas	<i>noun</i><br><ol><li>penis</li></ol>
pátiš|pátim|pátibʰyām|pátā?|pátibʰiš|pátayay|pátayas|pátāw?|pátišu|pátibʰyas|pátay|pátiH|pátyawš|pátayš|pátīn|pátayām?	<i>noun</i><br><ol><li>master, lord</li><li>husband</li></ol>
páyHas	<i>noun</i><br><ol><li>milk</li></ol>
páću	<i>noun</i><br><ol><li>livestock, animal</li></ol>
páćšma	<i>noun</i><br><ol><li>fine hair, bristles</li><li>wool, fleece</li></ol>
páčati|3rd|páčayta|páčaHma|ápačay|apáčata|pačyáHmaȷ́ʰaHy|pačyáytʰay|páktum|páčaytʰām|páčaHwas|pačyáswa|apáčadʰwam|ápačam|pačyáywaȷ́ʰi|pačyántam|páčaymas|páčaytay|apačyádʰwam|páčaytām|pačyásay|pačyáytām|pačáyHātām|páčasay|apačáHmaȷ́ʰi|pačyáHwaȷ́ʰaHy|páčadʰway|páčaytʰay|apáčaHma|páčaytam|pā́kyas|páčay|pačyáyrant|pačáywaȷ́ʰi|pačyáymaȷ́ʰi|pačáyHātʰām|ápačas|pačyáytʰās|pačyádʰwam|pačyáyta|páčayt|pačyáHy|páčata|apáčaHwa|páčayHunt|páčaytʰās|páčaHni|páčant|pačáHmaȷ́ʰay|páčaswa|pačyátay|páčaHmas|páčaywa|apáčatām|pačyámHnas|apačyáytʰām|páčaydʰwam|apáčatʰās|páčamHnas|páčatas|páčaHwa|apačyátʰās|ápačat|páčayHa|pačyátām|páčaHy|apačyáy|páčasi|páčays|2nd|pačyáHmaȷ́ʰay|pačyáytay|páčatam|apačyáytām|pačyántay|páčantam|páča|pačyáytʰām|apačyánta|paktwáH|apačyáta|pačyáyHātʰām|páčaHmi|páčatu|pačyáHwaȷ́ʰay|pačáymaȷ́ʰi|apáčaytʰām|páčanti|páčantu|pačyáy|apačyáHwaȷ́ʰi|páčadʰwam|páčayHam|pakwás|apáčanta|apačáHwaȷ́ʰi|pačyáyHa|apáčaytām|pačáHmaȷ́ʰaHy|páčatʰa|1st|páčatām|pačáHwaȷ́ʰay|apačyáHmaȷ́ʰi|páčatay|ápačant|páčantay|apáčatam|pačyádʰway|páčatʰas|páčayrant|pačáHwaȷ́ʰaHy|pačyáyHātām|pačyáydʰwam	<i>verb</i><br><ol><li>to cook</li></ol>
píbati|píbaHma|3rd|pHyáHwadʰHaHy|píbaHni|páHtum|apHyáHmadʰHi|pibáywadʰHi|pHyáytʰās|pHyáswa|píbatu|píbaHmi|apíbaHwa|píbaHwa|pHyántay|píba|pHyáyta|píbaytʰay|pHyáHy|pHtás|píbant|pibáHwadʰHay|pHyáyrant|apíbanta|apíbaytām|apíbatām|ápibas|pHyámHnas|píbayHa|píbatām|pHyáytʰām|píbatʰas|píbayHunt|pHyádʰway|píbantam|pibáHmadʰHay|páyHyas|píbaswa|píbayrant|píbadʰwam|píbaytʰām|píbatay|pHyáy|píbaytʰās|pHyáymadʰHi|pibáyHātʰām|píbaHmas|píbaytām|apibáHwadʰH|pHtwáH|píbayta|píbaHwas|píbanti|pHyáytʰay|píbaydʰwam|2nd|apHyáy|pHyáywadʰHi|apíbata|píbays|píbayt|pHyáyHa|apHyáytʰām|pHyátām|pHyádʰwam|apHyádʰwam|píbatas|pHyátay|pibáymadʰHi|píbasay|píbaytay|pHyántam|apHyáHwadʰHi|pHyáydʰwam|pHyáHwadʰHay|píbantu|apHyáytām|ápibant|píbaHy|apíbaytʰām|apíbaHma|pHyáHmadʰHaHy|apibáHmadʰHi|píbatʰa|píbayHam|píbantay|apHyátʰās|píbaywa|ápibay|1st|píbaytam|píbatam|pHyáyHātām|píbaymas|pHyáyHātʰām|apíbatʰās|apíbadʰwam|ápibat|pHyáytām|píbay|píbamHnas|apHyánta|apíbatam|pHyáHmadʰHay|pHyásay|píbasi|apHyáta|pHyáytay|píbata|píbadʰway|pibáHmadʰHaHy|pibáyHātām|pibáHwadʰHaHy	<i>verb</i><br><ol><li>to drink</li></ol>
púšćas|púšćay|púšćānaHm|púšćānam|púšća|púšćam|púšćayšu|púšćayaw|púšćāt|púšćā|púšćaybʰyaH|púšćāns|púšćasya|púšćāyš|púšćaybʰyas|púšćāy|púšćayās	<i>noun</i><br><ol><li>(anatomy) tail</li></ol>
pānsúš|pānsúás|pānsúsu|pānsúí|pānsúám|pānsúbʰyáH|pānsúām|pānsúā́w|pānsúáy|pānsúáH|pānsúbʰíš|pānsúáwš|pānsú	<i>noun</i><br><ol><li>dust</li></ol>
pāpás	<i>adj</i><br><ol><li>bad</li></ol>
pā́ts|pā́ts ~ *padás	<i>noun</i><br><ol><li>foot</li></ol>
rayšás|rayšā́ns|rayšā́nam|rayšáy|rayšā́naHm|rayšā́y|rayša|rayšáyās|rayšā́t|rayšáyaw|rayšā́|rayšā́yš|rayšáybʰyaH|rayšásya|rayšáyšu|rayšáybʰyas|rayšám	<i>noun</i><br><ol><li>injury, wound, sore</li></ol>
riktás	<i>adj</i><br><ol><li>empty, abandoned, void</li></ol>
rinákti|ričyántam|3rd|rinčmádʰHay|ričyáyHa|arinčā́tām|rinčíHtʰās|ričyáymadʰHi|arináčam|rinčíHmadʰHi|ráyktum|arinktám|ricyántay|ričyáytʰās|rinčyáHtam|rinčíHyātām|rinčyáHtām|arinčmá|rinčíHdʰwam|arinčí|rináčaHma|rinčátām|rinčmás|ričyáHmadʰHay|rinktáy|ričyámHnas|ričyáHmadʰHaHy|arinktʰā́s|ričyáywadʰHi|rináčaHni|rinčíHya|rinčyáHwa|riktás|arinčátām|rinčáy|rinčíHrant|rinčyáHs|rinktás|aričyáta|aričyádʰwam|ričyáyHātām|ringdʰí|ričyádʰway|rinčáHnas|rinčwás|ringdʰwáy|ričyáHwadʰHay|arinákt|rinčyáHt|rinčā́tʰām|rinktá|rinčā́tʰay|ričyáyHātʰām|rinčíHta|rinktā́m|arinčwá|rinčántu|rinčáHma|rinktʰá|ričyátām|ričyáy|rinčyáHta|ricyáytay|rinčyáHm|ričyáswa|rinčíHyātʰām|ričyáyta|rinktú|rinčánti|rinčā́tām|rináčmi|2nd|rinačáHwadʰHaHy|rinktʰás|arinktá|ričyásay|ričyáyrant|arinčmádʰHi|aričyáytʰām|rináčaHwa|aričyáytām|aričyánta|ričyáytām|rinčyúnt|ricyátay|rinčwádʰHay|arinktā́m|rinčíHwadʰHi|ráykyas|rinkšwá|arinčā́tʰām|ričyáHy|ričyáydʰwam|aringdʰwám|rinákši|ričyádʰwam|riktwáH|arinčánt|ričyáytʰay|arináčs|1st|aričyáy|rinktám|rinčánt|ričyáytʰām|rináčaHy|rinčā́tay|rinkšáy|aričyáHmadʰHi|aričyátʰās|rinačáHmadʰHaHy|ričyáHwadʰHaHy|arinčwádʰHi|aričyáHwadʰHi|ringdʰwám	<i>verb</i><br><ol><li>to leave, remain</li></ol>
riȷ́ʰáti	<i>verb</i><br><ol><li>to lick</li></ol>
ráwčas	<i>noun</i><br><ol><li>day</li><li>light</li></ol>
ráyknas	<i>noun</i><br><ol><li>property left, inheritance</li></ol>
r̥Hdʰwás	<i>adj</i><br><ol><li>high, upright</li></ol>
r̥šíš|r̥šáyas|r̥šáyām?|r̥ším|r̥šíH́|r̥šíbʰyām|r̥šáy|r̥šáyš|r̥šíbʰiš|r̥šíH|r̥šíbʰyas|r̥šáyay|r̥šyáwš|r̥šī́n|r̥šíšu|r̥šā́(w)?	<i>noun</i><br><ol><li>seer</li></ol>
sHáytuš	<i>noun</i><br><ol><li>bridge</li><li>bond, fetter</li></ol>
sakŕ̥t	<i>adv</i><br><ol><li>once</li><li>immediately</li></ol>
samHás	<i>adj</i><br><ol><li>same, equal</li></ol>
sambʰārás|sambʰārāyš|sambʰārāy|sambʰārasya|sambʰārānaHm|sambʰārayšu|sambʰāraybʰyaH|sambʰāraybʰyas|sambʰārāt|sambʰārāns|sambʰārānam|sambʰārā|sambʰārayaw|sambʰāray|sambʰāras|sambʰārayās|sambʰāra|sambʰāram	<i>noun</i><br><ol><li>a storage, warehouse, reservoir</li><li>provisions, materials, necessaries for a particular task</li></ol>
saptá	<i>num</i><br><ol><li>seven</li></ol>
saptátʰas	<i>adj</i><br><ol><li>seventh</li></ol>
sapátniH	<i>noun</i><br><ol><li>co-wife</li></ol>
sarpás|sarpa|sarpā́y|sarpáy|sarpásya|sarpáybʰyas|sarpā́t|sarpáybʰyaH|sarpáyšu|sarpā́|sarpám|sarpáyās|sarpáyaw|sarpā́yš|sarpā́ns|sarpā́nam|sarpā́naHm	<i>noun</i><br><ol><li>snake</li></ol>
sasás|sasā́y|sasā́t|sasā́yš|sasa|sasā́nam|sasám|sasā́naHm|sasā́ns|sasáy|sasáybʰyas|sasásya|sasáyšu|sasā́|sasáyaw|sasáybʰyaH|sasáyās	<i>noun</i><br><ol><li>corn, herb, grass</li></ol>
satˢtrám|satˢtráyšu|satˢtráH|satˢtrásya|satˢtrā́naHm|satˢtrā́yš|satˢtrā́nam|satˢtrā́|satˢtráy|satˢtráyaw|satˢtráyās|satˢtráybʰyaH|satˢtráybʰyas|satˢtrā́t|satˢtrā́y	<i>noun</i><br><ol><li>(religion) session of sacrifice, sacrificial gathering</li></ol>
sawyás|(H)sawyás	<i>adj</i><br><ol><li>left, left-hand</li></ol>
saȷ́ʰásram	<i>num</i><br><ol><li>one thousand</li></ol>
sinȷ́ʰás|sinȷ́ʰāyš|sinȷ́ʰay|sinȷ́ʰaybʰyas|sinȷ́ʰaybʰyaH|sinȷ́ʰam|sinȷ́ʰasya|sinȷ́ʰa|sinȷ́ʰāy|sinȷ́ʰā|sinȷ́ʰāt|sinȷ́ʰayās|sinȷ́ʰānam|sinȷ́ʰayšu|sinȷ́ʰāns|sinȷ́ʰas|sinȷ́ʰānaHm|sinȷ́ʰayaw	<i>noun</i><br><ol><li>lion</li></ol>
skambʰás|skambʰā́t|skambʰáyās|skambʰáybʰyas|skambʰáy|skambʰáyaw|skambʰā́|skambʰa|skambʰā́ns|skambʰā́naHm|skambʰáybʰyaH|skambʰáyšu|skambʰám|skambʰā́yš|skambʰā́y|skambʰā́nam|skambʰásya	<i>noun</i><br><ol><li>pillar, support</li></ol>
slagžʰnás	<i>adj</i><br><ol><li>soft, tender</li><li>smooth, slippery</li></ol>
slágžʰati	<i>verb</i><br><ol><li>to slip, slide</li></ol>
smárati|asmáratam|3rd|smaryáHwadʰHaHy|smárantay|smaryáytʰām|smáratʰas|smáraytām|smárayt|smáraytʰās|smaryáytʰay|smaryáyHātām|smaryádʰwam|asmaryánta|ásmaram|asmaryáta|smaryáydʰwam|asmáratʰās|smárayHam|smaráyHātʰām|smáramHnas|smaráHmadʰHay|smaryáHmadʰHaHy|smáratay|smártum|asmaryátʰās|smáraytam|smárayta|smáraydʰwam|smárays|smartwáH|smaryáyta|smaryáHy|smáratu|smáradʰwam|smára|asmaryáHwadʰHi|smárantu|smáraytay|smáratas|asmaryáHmadʰHi|smaryáHmadʰHay|smárasi|asmaryáy|smaráHwadʰHaHy|smáraHmi|smárasay|smaryáytām|asmáratām|smáraywa|smáraytʰay|smaryáswa|smā́ryas|smáraswa|asmáraHwa|smaryádʰway|smáranti|smáray|smaryáyrant|smáraHwas|asmaryáytām|smaryáymadʰHi|smaryásay|2nd|smaryántam|smaryátay|smaryántay|smaryáytʰās|smáraHwa|smaráHmadʰHaHy|asmaráHwadʰHi|smaryámHnas|asmáranta|smárayrant|smaráyHātām|ásmaray|smáratam|smárantam|smáraHmas|ásmarant|smáratām|smárata|smaryátām|ásmarat|smáraytʰām|smaráymadʰHi|smáraHma|asmaryáytʰām|smáraymas|asmaryádʰwam|smárant|asmáraytʰām|1st|smáraHni|smárayHunt|asmaráHmadʰHi|smaryáy|smaryáyHa|smaryáHwadʰHay|smárayHa|ásmaras|smaryáytay|smaryáywadʰHi|asmáradʰwam|smaráywadʰHi|asmáraytām|smáraHy|smáradʰway|smaryáyHātʰām|smaráHwadʰHay|smartás|asmáraHma|asmárata|smáratʰa	<i>verb</i><br><ol><li>to remember, recollect</li></ol>
snušás|snušáH	<i>noun</i><br><ol><li>daughter-in-law</li></ol>
spáćš	<i>noun</i><br><ol><li>watcher</li><li>spy</li></ol>
sráwtas	<i>noun</i><br><ol><li>river</li><li>current, torrent</li></ol>
stríH|stríHnām|stríHbʰyām|stríyās|stryáHs|stríHbʰyas|stríyaw|stríHsu|stríH́s|stryáH|stryáy|stríHm|stríHbʰiš|stríHbʰyā	<i>noun</i><br><ol><li>a woman</li></ol>
str̥náHti	<i>verb</i><br><ol><li>to strew, extend, spread out</li></ol>
stáHnam|stáHnāyš|stáHnānam|stáHnasya|stáHnaybʰyas|stáHnāy|stáHnayšu|stáHnānaHm|stáHnā|stáHnaybʰyaH|stáHnayās|stáHnaH|stáHnayaw|stáHnay|stáHnāt	<i>noun</i><br><ol><li>the act of standing</li><li>position, location, place</li></ol>
stáwras	<i>noun</i><br><ol><li>large domestic animal, cattle</li></ol>
stā́wti	<i>verb</i><br><ol><li>to praise, laud</li></ol>
stʰuHnáH|stʰuHnáyaHm|stʰuHnáy|stʰuHnáyaH|stʰuHnáHbʰyām|stʰuHnáHsu|stʰuHnay|stʰuHnáyaH́|stʰuHnáHbʰyas|stʰuHnāyās|stʰuHnáHnām|stʰuHnāyaw|stʰuHnáHbʰyā|stʰuHnáyaHy|stʰuHnā́m|stʰuHnáHbʰiš|stʰuHnáyaHs|stʰuHnā́s	<i>noun</i><br><ol><li>pillar</li></ol>
stʰuHrás	<i>adj</i><br><ol><li>big, strong, thick</li></ol>
suHargás|suHargā́naHm|suHargáyšu|suHargā́yš|suHargáy|suHargā́|suHargám|suHargā́ns|suHargā́y|suHargáybʰyas|suHargásya|suHargā́nam|suHargáyās|suHargáyaw|suHargā́t|suHargáybʰyaH|suHarga	<i>noun</i><br><ol><li>(religion) heaven</li></ol>
suHnúš	<i>noun</i><br><ol><li>son</li></ol>
swaćrúH	<i>noun</i><br><ol><li>a mother-in-law</li></ol>
swá	<i>pron</i><br><ol><li>self; reflexive pronoun</li></ol>
swáHduš|swáHdyas|swáHdištʰas	<i>adj</i><br><ol><li>sweet</li></ol>
swápnas|swápnānam|swápnāns|swápnā|swápnaybʰyas|swápnāy|swápnasya|swápnāyš|swápnaybʰyaH|swápna|swápnayšu|swápnāt|swápnayās|swápnay|swápnayaw|swápnānaHm|swápnam	<i>noun</i><br><ol><li>sleep, sleeping</li><li>dreaming</li></ol>
swásā	<i>noun</i><br><ol><li>sister</li></ol>
swáydas|swáydaybʰyaH|swáydāns|swáydā|swáydayšu|swáydayaw|swáydāyš|swáydāt|swáydānaHm|swáydāy|swáydānam|swáydam|swáyday|swáydaybʰyas|swáyda|swáydasya|swáydayās	<i>noun</i><br><ol><li>sweat</li></ol>
swáćuras|swáćuray|swáćurayaw|swáćurāt|swáćurasya|swáćurayās|swáćurayšu|swáćurā|swáćurāns|swáćuraybʰyaH|swáćurāy|swáćurānam|swáćurānaHm|swáćuram|swáćura|swáćurāyš|swáćuraybʰyas	<i>noun</i><br><ol><li>father-in-law</li></ol>
sá|tád|sáH	<i>pron</i><br><ol><li>he</li></ol>
sáHdʰati	<i>verb</i><br><ol><li>to reach a goal</li><li>to succeed, accomplish</li></ol>
sáHdʰuš|sáHdʰyas|sáHdʰištʰas	<i>adj</i><br><ol><li>successful, accomplished</li></ol>
sáktʰiš|sáktʰā?|sáktʰayš|sáktʰīn|sáktʰibʰyas|sáktʰibʰyām|sáktʰiH|sáktʰāw?|sáktʰibʰiš|sáktʰayas|sáktʰayām?|sáktʰim|sáktʰay|sáktʰišu|sáktʰayay|sáktʰyawš	<i>noun</i><br><ol><li>(anatomy) thigh</li></ol>
sákʰā	<i>noun</i><br><ol><li>friend, companion</li></ol>
sáras	<i>noun</i><br><ol><li>marsh, water</li></ol>
sárwas	<i>adj</i><br><ol><li>all</li><li>entire, whole</li></ol>
sárȷ́ati	<i>verb</i><br><ol><li>to let go, dismiss, release, cast off</li></ol>
sáwHmas|sáwHmāt|sáwHmayšu|sáwHmā|sáwHmāy|sáwHmam|sáwHmay|sáwHmāns|sáwHmaybʰyas|sáwHmayaw|sáwHma|sáwHmaybʰyaH|sáwHmāyš|sáwHmasya|sáwHmānaHm|sáwHmānam|sáwHmayās	<i>noun</i><br><ol><li>soma, haoma</li></ol>
sáynaH|sáynaHbʰyām|sáynayaHs|sáynayaHm|sáynās|sáynay|sáynāyās|sáynaHbʰyā|sáynaHnām|sáynāyaw|sáynaHbʰyas|sáynayaHy|sáynām|sáynaHbʰiš|sáynaHsu|sáynayaH	<i>noun</i><br><ol><li>army, troop</li><li>horde, band (of invaders, attackers)</li></ol>
sáčatay	<i>verb</i><br><ol><li>to follow; to have followed</li></ol>
sáȷ́ʰas	<i>noun</i><br><ol><li>power, strength</li></ol>
síndʰuš|síndʰum|síndʰaway|síndʰušu|síndʰuwaHs|síndʰawš|síndʰaw|síndʰubʰyaH|síndʰubʰyas|síndʰāw?|síndʰawas|síndʰuwaw|síndʰunām?|síndʰubʰiš|síndʰuH|síndʰunš|síndʰā?	<i>noun</i><br><ol><li>the Indus river.</li><li>the region surrounding the Indus, Sindh.</li></ol>
síždati	<i>verb</i><br><ol><li>to sit</li></ol>
súHar	<i>noun</i><br><ol><li>the sun</li></ol>
súHarwāns	<i>adj</i><br><ol><li>sunny, shining, bright</li><li>glorious, fortunate</li></ol><br><i>noun</i><br><ol><li>the sun, shine, light</li><li>glory, fortune</li></ol>
súraH|súraHbʰyām|súraHnām|súrayaHs|súray|súrāyaw|súrayaHm|súrayaHy|súrāyās|súraHsu|súraHbʰiš|súrayaH|súraHbʰyā|súrās|súraHbʰyas|súrām	<i>noun</i><br><ol><li>wine, liquor, alcohol</li><li>any fermented drink, milk, juice etc</li><li>nectar, any intoxicating drink</li></ol>
takrám|takrā́|takráybʰyas|takrásya|takrā́nam|takrā́naHm|takráyaw|takráyās|takráH|takrā́y|takráyšu|takrā́t|takrā́yš|takráy|takráybʰyaH	<i>noun</i><br><ol><li>buttermilk</li></ol>
tanúHs	<i>noun</i><br><ol><li>body, self.</li></ol>
tawtáH|tawtā́m|tawtáHsu|tawtáHbʰiš|tawtā́s|tawtáyaH́|tawtáHbʰyām|tawtáHbʰyas|tawtáHnām|tawtáyaH|tawtāyās|tawtáyaHm|tawtáHbʰyā|tawtāyaw|tawtay|tawtáy|tawtáyaHs|tawtáyaHy	<i>noun</i><br><ol><li>people, folk</li><li>crowd, masses</li></ol>
tráyas	<i>num</i><br><ol><li>three</li></ol>
tr̥HaćčáH	<i>adv</i><br><ol><li>crosswise, through</li></ol>
tr̥Hás	<i>adv</i><br><ol><li>through</li></ol>
twr̥Háti	<i>verb</i><br><ol><li>to hurry, hasten</li></ol>
twárštā|twárští|twárštás|twáršt|twárštām|twárštáwš|twárštáy|twárštáH|twárštám|twárštā́w|twárštbʰíš|twárštsu|twárštbʰyáH	<i>noun</i><br><ol><li>creator</li><li>(religion) craft god</li></ol>
tyáǰas|tyáǰa|tyáǰāyš|tyáǰānam|tyáǰam|tyáǰasya|tyáǰayās|tyáǰā|tyáǰayšu|tyáǰānaHm|tyáǰay|tyáǰāt|tyáǰāy|tyáǰaybʰyas|tyáǰayaw|tyáǰaybʰyaH|tyáǰāns	<i>noun</i><br><ol><li>abandonment</li><li>difficulty, danger</li></ol>
támHas	<i>noun</i><br><ol><li>darkness</li></ol>
támHsram	<i>noun</i><br><ol><li>darkness; dark night</li></ol>
tápas	<i>noun</i><br><ol><li>heat</li></ol>
tárHati|tárHaHwas|tr̥Hyáswa|3rd|atárHata|tr̥Hyáytʰay|tárHadʰway|tárHaytʰām|tárHaHmas|tr̥HtwáH|átarHas|tárHaHma|tr̥Hyádʰwam|tr̥Hyáytay|atarHáHmadʰHi|tárHatʰas|tárHaHni|átarHam|tárHayrant|tr̥Hyáydʰwam|tarHáHmadʰHaHy|atárHaHma|tárHatu|tarHáyHātʰām|atárHaytām|tarHáHwadʰHaHy|tr̥HyáHy|tr̥Hyántam|tarHáHwadʰHay|tr̥Hyátām|tárHatay|tárHays|tárHant|átarHay|tárHatām|atárHatʰās|tr̥HyáymadʰHi|atr̥HyáHmadʰHi|tárHata|atárHanta|tr̥HyáywadʰHi|tárHaydʰwam|atr̥Hyádʰwam|tárHasi|tárHatam|tárHaHmi|tárHaytʰās|tárHantay|tárHayt|tr̥Hyáytʰās|atárHadʰwam|tr̥Hyáytām|tárHaytay|tárHayHam|atr̥Hyáytʰām|tárHaswa|tr̥Hyántay|tárHasay|átarHat|tárHayta|tarHáymadʰHi|tárHamHnas|atárHatam|atarHáHwadʰHi|tárHaytam|tárHatʰa|tárHayHunt|atr̥Hyánta|tárHtum|2nd|tr̥Hyátay|tárHadʰwam|tr̥Hyáyta|tarHáyHātām|tr̥Hyádʰway|tárHaywa|atárHaytʰām|atárHaHwa|atr̥Hyáytām|tárHanti|atr̥Hyátʰās|tr̥HyáHmadʰHay|tr̥HyáHmadʰHaHy|tárHatas|tr̥Hnás|atr̥Hyáy|tárHayHa|tr̥HyámHnas|tárHaHy|tárHaymas|tarHáywadʰHi|atárHatām|tr̥HyáHwadʰHaHy|1st|tā́rHyas|tr̥Hyásay|tr̥Hyáy|tr̥Hyáyrant|tárHaytʰay|tarHáHmadʰHay|tr̥HyáyHātām|tárHay|tr̥HyáHwadʰHay|tr̥HyáyHa|tr̥Hyáytʰām|átarHant|tárHantu|tárHantam|tárHaytām|tárHaHwa|tárHa|atr̥HyáHwadʰHi|atr̥Hyáta|tr̥HáyHātʰām	<i>verb</i><br><ol><li>to cross over</li></ol>
tárunas	<i>adj</i><br><ol><li>young, tender</li></ol>
táwHsiH	<i>noun</i><br><ol><li>strength, might, power</li></ol>
táwkma	<i>noun</i><br><ol><li>seed</li></ol>
táwkš|táwkš ~ *tučás	<i>noun</i><br><ol><li>offspring, children</li></ol>
táćšā	<i>noun</i><br><ol><li>carpenter, woodcutter</li></ol>
títarHti	<i>verb</i><br><ol><li>to overcome</li></ol>
túH|twáHi|twáHm|Dative|twád|Instrumental|túbʰyam|ušmáHbʰiš|Nominative|yuHáyawš|was|ušmā́kam|yuHáHbʰyaH|yúH|ušmā́ns|Ablative|Locative|ušmáy|Genitive|ušmád|Vocative|Accusative|twáyaH|yuHáHm|táwa	<i>pron</i><br><ol><li>you, thou</li></ol>
tŕ̥Hwati|tr̥Hwáns|tárHwištʰas|tárHuyas	<i>verb</i><br><ol><li>to overcome</li><li>to be able</li></ol>
tŕ̥nam|tŕ̥naybʰyas|tŕ̥naH|tŕ̥nāyš|tŕ̥nānam|tŕ̥nānaHm|tŕ̥nāy|tŕ̥nā|tŕ̥nāt|tŕ̥nay|tŕ̥naybʰyaH|tŕ̥nasya|tŕ̥nayšu|tŕ̥nayās|tŕ̥nayaw	<i>noun</i><br><ol><li>blade of grass</li><li>grass</li></ol>
tŕ̥šnas|tŕ̥šnāy|tŕ̥šna|tŕ̥šnasya|tŕ̥šnā|tŕ̥šnayās|tŕ̥šnaybʰyas|tŕ̥šnānam|tŕ̥šnayaw|tŕ̥šnāyš|tŕ̥šnay|tŕ̥šnayšu|tŕ̥šnāns|tŕ̥šnāt|tŕ̥šnānaHm|tŕ̥šnam|tŕ̥šnaybʰyaH	<i>noun</i><br><ol><li>thirst</li></ol>
udrás|udráyās|udráybʰyaH|udrā́nam|udráyšu|udrā́naHm|udráy|udrā́y|udrā́t|udra|udrā́|udráyaw|udráybʰyas|udrásya|udrā́ns|udrám|udrā́yš	<i>noun</i><br><ol><li>otter</li></ol>
udáras	<i>noun</i><br><ol><li>belly, abdomen, stomach</li></ol>
upári	<i>adv</i><br><ol><li>above, over</li></ol>
utˢtamás	<i>adj</i><br><ol><li>highest, most elevated</li></ol>
utˢčáH	<i>adv</i><br><ol><li>above, upwards</li></ol>
ućíkš|ućíǰ|ućíǰí|ućíǰás|ućíǰám|ućíkšu|ućígbʰyaH|ućíǰáwš|ućígbʰiš|ućíǰáy|ućíǰām|ućíǰáH	<i>noun</i><br><ol><li>sacrificing priest</li></ol>
wabžʰáH	<i>noun</i><br><ol><li>wasp</li></ol>
warkás|warkā́|warkáy|warka|warkáyās|warkā́ns|warkáybʰyas|warkám|warkā́yš|warkáybʰyaH|warkā́y|warkā́nam|warkáyšu|warkā́t|warkásya|walkás|warkā́naHm|warkáyaw	<i>noun</i><br><ol><li>bark, leaf</li></ol>
warāȷ́ʰás|warāȷ́ʰānam|warāȷ́ʰayaw|warāȷ́ʰā|warāȷ́ʰam|warāȷ́ʰāy|warāȷ́ʰayšu|warāȷ́ʰas|warāȷ́ʰāt|warāȷ́ʰāyš|warāȷ́ʰaybʰyas|warāȷ́ʰānaHm|warāȷ́ʰayās|warāȷ́ʰa|warāȷ́ʰasya|warāȷ́ʰaybʰyaH|warāȷ́ʰay|warāȷ́ʰāns	<i>noun</i><br><ol><li>boar</li></ol>
watsás|watsám|watsáybʰyas|watsáybʰyaH|watsā́t|watsáyās|watsā́ns|watsā́naHm|watsáy|watsā́|watsā́nam|watsáyaw|watsáyšu|watsā́yš|watsā́y|watsa|watsásya	<i>noun</i><br><ol><li>yearling calf</li></ol>
watáti	<i>verb</i><br><ol><li>to be familiar with</li></ol>
waćáH|waćáHbʰyas|waćáyaHy|waćay|waćāyās|waćáy|waćáyaH́|waćāyaw|waćáHbʰiš|waćā́s|waćáHsu|waćáyaHm|waćáHbʰyā|waćáHbʰyām|waćáyaH|waćā́m|waćáHnām|waćáyaHs	<i>noun</i><br><ol><li>young cow</li></ol>
wačyátay	<i>verb</i><br><ol><li>to be moved</li></ol>
wiHrás|wiHráybʰyas|wiHrā́|wiHrā́yš|wiHrám|wiHrā́nam|wiHrā́naHm|wiHráyšu|wiHrā́t|wiHráybʰyaH|wiHrā́y|wiHráy|wiHrā́ns|wiHráyaw|wiHrásya|wiHra|wiHráyās	<i>noun</i><br><ol><li>man</li></ol>
wiprás	<i>adj</i><br><ol><li>ecstatic, trembling</li></ol>
witˢtás	<i>adj</i><br><ol><li>known, seen</li></ol>
wišás|wišā́|wišáyās|wišā́t|wišā́nam|wiša|wišā́y|wišáyšu|wišā́yš|wišáy|wišásya|wišáyaw|wišā́naHm|wišáybʰyaH|wišám|wišā́ns|wišáybʰyas	<i>noun</i><br><ol><li>poison, venom</li></ol>
wr̥Hmíš|wr̥Hmī́n|wr̥HmíH́|wr̥Hmíbʰiš|wr̥Hmíšu|wr̥Hmā́(w)?|wr̥Hmáyay|wr̥Hmáyām?|wr̥Hmíbʰyas|wr̥Hmyáwš|wr̥Hmáyas|wr̥Hmíbʰyām|wr̥HmíH|wr̥Hmím|wr̥Hmáy|wr̥Hmáyš	<i>noun</i><br><ol><li>wave</li></ol>
wr̥dᶻdʰás	<i>adj</i><br><ol><li>grown, mature</li><li>big, great</li></ol>
wr̥traǰʰā́	<i>adj</i><br><ol><li>destroying obstacles</li></ol>
wr̥ćšás|wr̥ćšáy|wr̥ćša|wr̥ćšáyās|wr̥ćšáybʰyas|wr̥ćšám|wr̥ćšā́y|wr̥ćšā́nam|wr̥ćšásya|wr̥ćšā́ns|wr̥ćšā́t|wr̥ćšā́|wr̥ćšáyšu|wr̥ćšáybʰyaH|wr̥ćšáyaw|wr̥ćšā́yš|wr̥ćšā́naHm	<i>noun</i><br><ol><li>tree</li></ol>
wr̥šníš|wr̥šnáyas|wr̥šníH́|wr̥šnáyām?|wr̥šnī́n|wr̥šnā́(w)?|wr̥šnáy|wr̥šnyáwš|wr̥šnáyš|wr̥šníbʰyas|wr̥šním|wr̥šnáyay|wr̥šníbʰyām|wr̥šníH|wr̥šníšu|wr̥šníbʰiš	<i>noun</i><br><ol><li>ram</li></ol>
wáHyati	<i>verb</i><br><ol><li>to weave</li></ol>
wáktram|wáktrānam|wáktray|wáktrayšu|wáktrayaw|wáktrāt|wáktrāy|wáktrāyš|wáktrasya|wáktrayās|wáktrānaHm|wáktraH|wáktrā|wáktraybʰyas|wáktraybʰyaH	<i>noun</i><br><ol><li>mouth</li></ol>
wárćas|wárćaybʰyas|wárćay|wárćasya|wárćayšu|wárćā|wárćāyš|wárćāt|wárćāy|wárćayās|wárćam|wárćānam|wárćānaHm|wárćayaw|wárćāns|wárća|wárćaybʰyaH	<i>noun</i><br><ol><li>hair</li></ol>
wásr̥	<i>noun</i><br><ol><li>spring</li></ol>
wástram	<i>noun</i><br><ol><li>garment</li><li>cloth</li></ol>
wáyHti|3rd|2nd|1st	<i>verb</i><br><ol><li>to chase, pursue</li><li>to persecute</li></ol>
wáypati	<i>verb</i><br><ol><li>to tremble</li></ol>
wáytˢti|witˢtás	<i>verb</i><br><ol><li>to know</li></ol>
wáčas	<i>noun</i><br><ol><li>word, speech</li><li>voice</li></ol>
wáždʰā	<i>noun</i><br><ol><li>one who carries; a carrier</li></ol>
wáȷ́ras|wáȷ́ra|wáȷ́rāyš|wáȷ́ram|wáȷ́rāns|wáȷ́rānam|wáȷ́rāt|wáȷ́raybʰyaH|wáȷ́rā|wáȷ́rayšu|wáȷ́raybʰyas|wáȷ́rānaHm|wáȷ́rasya|wáȷ́rayaw|wáȷ́rayās|wáȷ́rāy|wáȷ́ray	<i>adj</i><br><ol><li>strong, hard</li></ol><br><i>noun</i><br><ol><li>a mace, club or any such weapon</li></ol>
wáȷ́ʰati	<i>verb</i><br><ol><li>to bring, carry, transport</li></ol>
wítastiš	<i>noun</i><br><ol><li>span (as a measure of length)</li></ol>
wíćwas	<i>adj</i><br><ol><li>all, every</li></ol>
wíćš	<i>noun</i><br><ol><li>village</li><li>household</li></ol>
wā́kš	<i>noun</i><br><ol><li>speech, voice</li><li>sound?</li></ol>
wī́nā	<i>noun</i><br><ol><li>a lute</li></ol>
wŕ̥kas|wŕ̥kayās|wŕ̥kam|wŕ̥kay|wŕ̥kāns|wŕ̥kaybʰyas|wŕ̥kayaw|wŕ̥kasya|wŕ̥kāt|wŕ̥kānaHm|wŕ̥kāyš|wŕ̥kāy|wŕ̥kaybʰyaH|wŕ̥kānam|wŕ̥kā|wŕ̥ka|wŕ̥kayšu	<i>noun</i><br><ol><li>wolf</li></ol>
yaHtúš	<i>noun</i><br><ol><li>sorcery, witchcraft, black-magic</li></ol>
yatás	<i>adj</i><br><ol><li>held, restrained</li></ol>
yugám|yugáhya|yugám|yugáyās|yugáyaw|yugáyšu|yugā́t|yugáybʰyas|yugáyāh|yugā́|yugásya|yugáybyaH|yugáH|yugáybʰyaH|yugáybyah|yugā́y|yugā́nam|yugáy|yugā́naHm|yugā́yš	<i>noun</i><br><ol><li>yoke</li></ol>
yunákti	<i>verb</i><br><ol><li>to yoke, harness</li></ol>
yámHas|yámHay|yámHa|yámHam|yámHayaw|yámHaybʰyas|yámHā|yámHānaHm|yámHāt|yámHāns|yámHāy|yámHayās|yámHānam|yámHayšu|yámHasya|yámHāyš|yámHaybʰyaH	<i>noun</i><br><ol><li>pair, twin</li></ol>
yámHas-Hrā́ȷ́ā	<i>name</i><br><ol><li>King YámHas</li></ol>
yáwas|yáwasya|yáwāt|yáwāns|yáwāy|yáwā|yáwānam|yáway|yáwaybʰyaH|yáwayšu|yáwayās|yáwānaHm|yáwāyš|yáwayaw|yáwa|yáwaybʰyas|yáwam	<i>noun</i><br><ol><li>barley</li><li>cereal, grain</li></ol>
yáwgas|yáwgam|yáwgānaHm|yáwgayaw|yáwgasya|yáwga|athematic|yáwgaybʰyaH|yáwgā|yáwgayās|yáwgayšu|yáwgānam|yáwgaybʰyas|yáwgāyš|yáwgāt|yáwgay|yáwgāns|yáwgāy	<i>noun</i><br><ol><li>team, yoke</li><li>yoking</li></ol>
yáwktram	<i>noun</i><br><ol><li>bridle, halter</li><li>rope, thong</li></ol>
yáćas	<i>noun</i><br><ol><li>glory, fame, renown</li><li>dignity, honor</li></ol>
yúH	<i>pron</i><br><ol><li>you</li></ol>
Áryas|Áryásya|ÁryáybʰyaH|Áryáybʰyas|Áryā́yš|Áryám|Áryā́naHm|Áryáyās|Áryáy|Áryā́ns|Áryā́nam|Áryā́|Árya|Áryā́y|Áryáyaw|Áryáyšu|Áryā́t|Áryás	<i>noun</i><br><ol><li>autonymic (self-identifying) ethnonym of the respective Indo-Iranian peoples, i.e. the Indo-Aryans and the Iranians.</li></ol>
Índras	<i>name</i><br><ol><li>Indra</li></ol>
ádʰiHayti	<i>verb</i><br><ol><li>to go</li></ol>
ákas	<i>adj</i><br><ol><li>bad</li></ol>
ástam|ástānam|ástaybʰyas|ástayaw|ástaH|ástāy|ástasya|ástā|ástānaHm|ástayšu|ástāt|ástay|ástayās|ástaybʰyaH|ástāyš	<i>noun</i><br><ol><li>home; house</li></ol>
átkas|(H)átkas	<i>noun</i><br><ol><li>cloak, coat</li></ol>
átʰarwā	<i>noun</i><br><ol><li>(religion) priest</li></ol>
úštras|úštrāt|úštraybʰyaH|úštrā|úštraybʰyas|úštrayšu|úštrayaw|úštra|úštram|úštrāy|úštrānaHm|úštray|úštrāns|úštrānam|úštrasya|úštrayās|úštrāyš	<i>noun</i><br><ol><li>camel</li><li>buffalo</li></ol>
ā́ćā|ā́ćā ~ *aćas	<i>noun</i><br><ol><li>region, space</li></ol>
Ćarwás	<i>name</i><br><ol><li>the name of a deity</li></ol>
ćapʰás|ćapʰáybʰyas|ćapʰā́t|ćapʰā́nam|ćapʰā́y|ćapʰáyās|ćapʰā́|ćapʰa|ćapʰā́naHm|ćapʰáybʰyaH|ćapʰā́ns|ćapʰáy|ćapʰám|ćapʰáyšu|ćapʰā́yš|ćapʰásya|ćapʰáyaw	<i>noun</i><br><ol><li>hoof (of an animal)</li></ol>
ćarHáts|ćarHáts ~ ćarHdás	<i>noun</i><br><ol><li>autumn, summer</li><li>year</li></ol>
ćasás|ćasā́y|ćasáybʰyas|ćasám|ćasáyās|ćasáyaw|ćasásya|ćasáy|ćasā́|ćasā́naHm|ćasā́nam|ćasáyšu|ćasā́yš|ćasáybʰyaH|ćasa|ćasā́ns|ćasā́t	<i>noun</i><br><ol><li>hare</li></ol>
ćatám	<i>num</i><br><ol><li>hundred</li></ol>
ćradᶻdʰáH|ćradᶻdʰáyaHs|ćradᶻdʰā́m|ćradᶻdʰáHbʰiš|ćradᶻdʰáHnām|ćradᶻdʰā́s|ćradᶻdʰáHsu|ćradᶻdʰáyaHm|ćradᶻdʰáy|ćradᶻdʰáyaH́|ćradᶻdʰáyaHy|ćradᶻdʰáHbʰyām|ćradᶻdʰáyaH|ćradᶻdʰáHbʰyas|ćradᶻdʰāyās|ćradᶻdʰāyaw|ćradᶻdʰay|ćradᶻdʰáHbʰyā	<i>noun</i><br><ol><li>belief, trust</li></ol>
ćriHrás|ćráyHištʰas|ćráyHyas	<i>adj</i><br><ol><li>beautiful, splendid</li></ol>
ćráwas	<i>noun</i><br><ol><li>fame</li></ol>
ćráwniš|ćráwnayay|ćráwništyā|ćráwnay|ćráwnayas|ćráwnīn|ćráwnibʰyām|ćráwnāw|ćráwnim|ćráwnibʰiš|ćráwnyawš|ćráwnayām?|ćráwniH|ćráwnibʰyas|ćráwnyā|ćráwnayš|ćráwnišu	<i>noun</i><br><ol><li>(anatomy) buttocks</li></ol>
ćráyHyas	<i>adj</i><br><ol><li>better, preferable</li></ol>
ćráyati	<i>verb</i><br><ol><li>to lean</li></ol>
ćr̥Hwás|ćr̥Hwā́yš|ćr̥Hwā́naHm|ćr̥Hwā́|ćr̥Hwáyšu|ćr̥Hwā́nam|ćr̥Hwáybʰyas|ćr̥Hwáyās|ćr̥Hwáy|ćr̥Hwáyaw|ćr̥Hwa|ćr̥Hwásya|ćr̥HwáybʰyaH|ćr̥Hwā́y|ćr̥Hwám|ćr̥Hwā́ns|ćr̥Hwā́t	<i>noun</i><br><ol><li>horn</li></ol>
ćr̥náwti	<i>verb</i><br><ol><li>to listen, hear</li></ol>
ćuHrás	<i>adj</i><br><ol><li>strong</li></ol>
ćuHáyati	<i>verb</i><br><ol><li>to swell, increase, grow</li></ol>
ćukrás	<i>adj</i><br><ol><li>white, bright</li><li>resplendent</li></ol>
ćwaytás	<i>adj</i><br><ol><li>white</li><li>bright</li></ol>
ćwā́	<i>noun</i><br><ol><li>dog</li></ol>
ćyaHmás	<i>adj</i><br><ol><li>black</li></ol>
ćyaHwás	<i>adj</i><br><ol><li>black-brown, dark-brown, dark</li></ol>
ćyaynás|ćyaynā́t|ćyaynā́ns|ćyayna|ćyaynā́yš|ćyaynáybʰyas|ćyaynā́|ćyaynā́y|ćyaynásya|ćyaynáyšu|ćyaynám|ćyaynā́naHm|ćyaynáy|ćyaynā́nam|ćyaynáyaw|ćyaynáyās|ćyaynáybʰyaH	<i>noun</i><br><ol><li>falcon</li></ol>
ćákr̥	<i>noun</i><br><ol><li>dung, excrement, faeces</li></ol>
ćárguš|ćárguš ~ ćr̥ȷ́áwš	<i>noun</i><br><ol><li>predatory animal</li></ol>
ćáyuš	<i>noun</i><br><ol><li>orphan</li></ol>
ćíkšati|3rd|ćikšáHwadʰHaHy|ćikšyátām|ćíkšaytay|áćikšay|ćíkšatu|ćikšyáyHa|aćíkšaHma|ćíkšayHam|aćikšáHwadʰHi|aćíkšatam|ćíkšanti|aćíkšata|ćikšyáytʰām|ćíkšantam|ćikšyáytay|ćikšyáHmadʰHay|ćikšáHmadʰHaHy|ćikšyámHnas|ćikšatás|ćíkšatas|ćikšyáywadʰHi|ćíkšatʰa|ćikšatwáH|aćíkšaHwa|ćikšyántay|ćíkšaytʰay|ćikšyáyta|ćíkšasay|ćíkšaswa|ćíkšaHma|ćíkša|aćikšyáytʰām|ćíkšaymas|ćikšyáymadʰHi|aćikšyánta|ćikšyáy|ćikšyáytām|ćíkšaHmas|ćíkšaydʰHwam|ćíkšays|aćikšyátʰās|ćíkšatam|ćíkšaytam|aćíkšadʰHwam|ćíkšadʰHwam|ćíkšayHunt|ćikšyáHy|ćíkšay|aćíkšaytām|ćikšyáyrant|áćikšat|ćíkšaHmi|aćikšyáHmadʰHi|aćikšyáytām|ćikšáyHātʰām|ćikšyáydʰHwam|ćikšyátay|ćíkšaHwa|áćikšant|ćikšyáHwadʰHay|ćíkšaytām|ćikšyáHwadʰHaHy|ćikšyáHmadʰHaHy|ćíkšata|aćikšyádʰHwam|aćikšyáHwadʰHi|2nd|ćikšyáyHātām|ćíkšantu|ćíkšadʰway|ćíkšantay|ćikšáywadʰHi|ćíkšaHy|ćíkšaHwas|ćikšáHmadʰHay|ćíkšatum|ćikšyáytʰay|ćíkšatām|ćikšáyHātām|ćikšyáyHātʰām|ćikšáymadʰHi|ćikšáHwadʰHay|ćikšyántam|ćíkšaywa|aćikšyáta|ćíkšant|ćikšyáytʰās|ćíkšatʰas|ćíkšayt|aćíkšaytʰām|ćíkšasi|áćikšas|1st|ćíkšamHnas|aćikšyáy|ćíkšayHa|ćíkšyas|aćíkšatʰās|ćíkšayta|áćikšam|aćíkšatām|ćíkšaytʰām|ćíkšatay|ćíkšaytʰās|ćikšyásay|ćikšyáswa|ćíkšayrant|aćikšáHmadʰHi|ćikšyádʰHway|ćíkšaHni|ćikšyádʰHwam|aćíkšanta	<i>verb</i><br><ol><li>to learn</li><li>to wish to be able</li></ol>
ćúptiš	<i>noun</i><br><ol><li>shoulder</li></ol>
ćúšnas|ćúšnasya|ćúšnānam|ćúšnānaHm|ćúšnāy|ćúšnayaw|ćúšna|ćúšnayšu|ćúšnayās|ćúšnaybʰyas|ćúšnāyš|ćúšnāns|ćúšnay|ćúšnam|ćúšnaybʰyaH|ćúšnāt|ćúšnā	<i>noun</i><br><ol><li>(mythology) dragon, serpent</li></ol>
ćŕ̥Has	<i>noun</i><br><ol><li>head, top</li></ol>
ćšáytram|ćšáytrā|ćšáytrāy|ćšáytray|ćšáytrāyš|ćšáytrayās|ćšáytrānam|ćšáytrānaHm|ćšáytraybʰyas|ćšáytrāt|ćšáytrayšu|ćšáytraybʰyaH|ćšáytraH|ćšáytrasya|ćšáytrayaw	<i>noun</i><br><ol><li>land, region</li></ol>
čakrám|čakrā́nam|čakrā́yš|čakrásya|čakrā́naHm|čakrā́t|čakráy|čakráybʰyas|čakráyās|čakráyaw|čakráH|čakráyšu|čakráybʰyaH|čakrā́|čakrā́y	<i>noun</i><br><ol><li>wheel</li></ol>
čatwā́ras|čátasras|čatwā́r	<i>num</i><br><ol><li>four</li></ol>
čitrás	<i>adj</i><br><ol><li>bright, clear, shining</li></ol>
čákšuš	<i>noun</i><br><ol><li>the eye.</li></ol>
čárma|čárman	<i>noun</i><br><ol><li>skin</li><li>hide, pelt</li></ol>
čáćšma	<i>noun</i><br><ol><li>eye</li><li>sight</li></ol>
čáštay	<i>verb</i><br><ol><li>to see, look</li></ol>
čítˢtiš	<i>noun</i><br><ol><li>thought, consciousness</li><li>will</li></ol>
śćaHyáH|śćaHyáHnām|śćaHyáHbʰyas|śćaHyáy|śćaHyáyaHy|śćaHyāyaw|śćaHyay|śćaHyáHbʰyā|śćaHyáHbʰyām|śćaHyáyaHm|śćaHyáyaH́|śćaHyáHbʰiš|śćaHyā́s|śćaHyáHsu|śćaHyāyās|śćaHyáyaH|śćaHyáyaHs|śćaHyā́m	<i>noun</i><br><ol><li>shade, shadow</li></ol>
śćinátˢti|sčitˢtwáH|čindáHtʰay|3rd|sčidyáymadʰHi|sčidyáyrant|sčidyáHmadʰHaHy|asčindatá|sčinadáHmadʰHaHy|sčindyáHt|sčindyáHtam|sčidyásay|sčindyáHtām|asčintˢtʰás|sčidyáyHātām|asčindánt|sčintˢtá|sčintsáy|asčináts|sčindánti|sčintˢtáy|sčidyáyta|asčidyáta|sčindwás|sčintˢtʰá|sčindiHwádʰHi|asčindáHtām|sčidyáytʰām|sčindántu|sčinátˢtu|sčidyáytʰay|asčindwá|sčindiHā́tām|asčindmádʰHi|asčidyáHwadʰHi|sčindiHtʰā́s|sčindiHránt|sčindatám|sčidyáywadʰHi|sčidyátay|sčinádaHni|sčintˢtā́m|sčidyántay|sčindáy|asčindwádʰHi|sčidnás|sčinádmi|sčindáHtʰām|asčinádam|sčidyáHwadʰHaHy|sčindáHtay|sčinadáHwadʰHaHy|sčinddʰHwám|sčinddʰí|sčindiHdʰHwám|sčintswá|sčáytˢtum|asčintˢtá|asčitˢdtá|sčidyáyHātʰām|sčindatáy|asčidyátʰās|asčidyáytʰām|sčidyántam|sčidyáytay|sčindmádʰHay|činddʰHwáy|sčindiHtá|sčidyádʰHway|sčindyáHwa|sčindyáHta|2nd|sčidyáytām|sčidmadʰHay|sčindyáHm|asčidyámadʰHi|asčinddʰHwám|sčindmás|sčidyátām|sčidyámHnas|sčidwadʰHay|sčindiHmádʰHi|sčinátsi|sčindiHā́tʰām|asčinát|sčindwádʰHay|sčintˢtʰás|asčidyádʰHwam|asčindáHtʰām|sčinádaHy|sčinádaHwa|sčinátˢti|sčintˢtás|asčintˢtā́m|sčindyáHmas|sčindiHá|1st|sčinádaHma|asčidyáytām|asčidyánta|asčindHí|sčidyáy|asčindmá|sčindyunt|sčidyáytʰās|sčáydyas|sčidyáydʰHwam|sčidyáHy|sčidyádʰHwam|sčindaHnás|sčindyáHs|sčindánt|asčidyáy|sčindáHtām|sčidyáyHa|sčintˢtám|sčidyáswa	<i>verb</i><br><ol><li>to cut</li></ol>
šwáćš	<i>num</i><br><ol><li>six</li></ol>
ǰiHwás	<i>adj</i><br><ol><li>alive</li></ol>
ǰyáH	<i>noun</i><br><ol><li>bowstring</li></ol>
ǰámati	<i>verb</i><br><ol><li>to come</li><li>to arrive</li></ol>
ǰánHs	<i>noun</i><br><ol><li>woman</li><li>wife</li></ol>
ǰátu	<i>noun</i><br><ol><li>gum</li></ol>
ǰáǰʰukas	<i>noun</i><br><ol><li>hedgehog</li></ol>
ǰíHwati|3rd|ǰiHwyáyrant|ǰiHwáHwadʰHay|aǰíHwadʰHwam|aǰiHwáHmadʰHi|ǰiHwyántay|ǰiHwyáytām|ǰíHwaHy|áǰiHwas|ǰíHwasi|ǰiHwyáytʰām|ǰiHwyántam|ǰiHwyáywadʰHi|ǰíHwaytām|ǰíHwatu|ǰiHwyáHmadʰHay|ǰíHwant|aǰiHwyánta|ǰiHwáHmadʰHay|aǰiHwyátʰās|ǰíHwyas|ǰíHwatām|ǰiHwatwáH|ǰiHwyáHy|ǰíHwayt|ǰiHwyádʰHwam|ǰíHwaHma|ǰiHwyáHwadʰHaHy|aǰíHwaHma|ǰíHwantay|ǰíHwaytʰās|aǰíHwata|aǰíHwatām|ǰíHwaHwa|ǰiHwyáHmadʰHaHy|aǰiHwyáta|ǰíHwaswa|aǰiHwyáytām|ǰiHwáyHātām|ǰiHwyáyHātʰām|ǰíHwata|ǰiHwáywadʰHi|ǰíHwaydʰHwam|ǰíHwatʰa|ǰiHwyáytʰās|ǰiHwáyHātʰām|ǰíHwadʰHway|aǰiHwyáy|ǰíHwaHmi|ǰiHwyáyHātām|aǰíHwatam|ǰíHwaytʰām|ǰiHwatás|aǰíHwaytām|aǰíHwaytʰām|ǰiHwyáyHa|ǰíHways|aǰiHwyádʰHwam|ǰíHway|áǰiHwam|ǰiHwyáy|ǰíHwatʰas|ǰiHwyádʰHway|aǰiHwyáHwadʰHi|ǰíHwaymas|ǰíHwaywa|ǰíHwaHni|2nd|ǰíHwatas|ǰíHwantam|ǰíHwayHa|ǰiHwyátay|ǰiHwyáyta|ǰíHwa|aǰíHwanta|ǰíHwamHnas|ǰiHwyáytay|ǰíHwaytay|ǰiHwyáydʰHwam|áǰiHway|ǰíHwaytam|ǰíHwayta|ǰiHwyáswa|ǰiHwyásay|áǰiHwant|ǰiHwyáymadʰHi|ǰíHwatum|aǰiHwyáHmadʰHi|ǰiHwyátām|aǰiHwáHwadʰHi|ǰiHwyáHwadʰHay|ǰíHwayrant|ǰíHwayHunt|ǰíHwaytʰay|aǰíHwaHwa|ǰiHwáHwadʰHaHy|1st|ǰiHwáHmadʰHaHy|aǰiHwyáytʰām|áǰiHwat|ǰíHwaHmas|ǰiHwyáytʰay|ǰíHwayHam|ǰíHwasay|aǰíHwatʰās|ǰiHwyámHnas|ǰíHwatam|ǰíHwanti|ǰíHwadʰHwam|ǰiHwáymadʰHi|ǰíHwaHwas|ǰíHwatay|ǰíHwantu	<i>verb</i><br><ol><li>to live, be alive</li></ol>
ǰʰatás	<i>adj</i><br><ol><li>killed, slain</li><li>struck</li></ol>
ǰʰánti|3rd|gʰnā́tʰām|áǰʰans|aǰʰanwá|ǰʰadʰHwáy|ǰʰatám|agʰnáHtām|gʰniHātām|aǰʰanyáytʰām|gʰnatā́m|aǰʰanyádʰHwam|ǰʰansi|ǰʰanyáy|gʰniHwádʰHi|ǰʰanyáHta|gʰniHmádʰHi|ǰʰátás|aǰʰanmá|áǰʰanam|ǰʰánaHwa|ǰʰanyáHmadʰHay|ǰʰanyáHt|ǰʰanyáHm|ǰʰanyáHtam|ǰʰatás|ǰʰanyáywadʰHi|ǰʰánaHy|ǰʰatʰá|ǰʰanyáswa|gʰniHā́tʰām|ǰʰanyáHwadʰHaHy|ǰʰntá|ǰʰanyámHnas|agʰnHí|aǰʰatá|ǰʰanyáHs|bʰaryátay|agʰnatá|ǰʰanyáHmas|gʰnā́tām|ǰʰanyáytay|gʰniHtá|ǰʰanyáytām|ǰʰanyáydʰHwam|gʰā́tyas|ǰʰanyáyHātām|aǰʰanyáta|ǰʰanyáHtām|ǰʰanyáytʰay|ǰʰanyáytʰās|agʰnáHtʰām|gʰniHá|ǰʰanyásay|aǰʰanyáHwadʰHi|ǰʰanwás|ǰʰántu|ǰʰanmás|ǰʰanyántay|ǰʰanyádʰHway|ǰʰanyádʰHwam|gʰnántu|2nd|gʰnā́tay|ǰʰanaHnás|ǰʰantwáH|aǰʰanmádʰHi|aǰʰatā́m|ǰʰanyáyHa|ǰʰanyáHyunt|aǰʰanwádʰHi|aǰʰadʰHwám|gʰnánt|ǰʰanyáyta|ǰʰanyáHwadʰHay|ǰʰánmi|gʰniHtʰā́s|ǰʰadʰHwám|gʰniHránt|ǰʰatā́m|gʰnáy|ǰʰántum|gʰniHdʰHwám|aǰʰatʰā́s|ǰʰanáHwadʰHaHy|ǰʰadʰí|1st|ǰʰánaHma|ǰʰanyántam|ǰʰanyáHmadʰHaHy|ǰʰatáy|aǰʰanyáHmadʰHi|ǰʰanwádʰHay|ǰʰanyáyrant|ǰʰasáy|gʰnā́tʰay|gʰnatáy|ǰʰanyáHwa|ǰʰanyáymadʰHi|ǰʰaswá|ǰʰanyáyHātʰām|aǰʰanyáy|ǰʰanmádʰHay|áǰʰant|gʰnánti|ǰʰatʰás|aǰʰatám|ǰʰánaHni|ǰʰanáHmadʰHaHy|aǰʰanyánta|ǰʰanyáytʰām|ǰʰanyáHy|aǰʰanyátʰās|aǰʰanyáytām|ǰʰanyátām|agʰnánt	<i>verb</i><br><ol><li>to strike, slay, kill</li></ol>
ǰʰí	<i>particle</i><br><ol><li>an emphatic particle</li></ol>
ȷ́aHtás	<i>adj</i><br><ol><li>begotten, produced</li></ol><br><i>noun</i><br><ol><li>child, son, offspring</li></ol>
ȷ́aluš	<i>noun</i><br><ol><li>leech</li></ol>
ȷ́antúš	<i>noun</i><br><ol><li>offspring, child</li><li>creature, person</li><li>tribe, clan</li></ol>
ȷ́iȷ́ʰwáH|ȷ́iȷ́ʰwayaH|ȷ́iȷ́ʰwaHbʰyā|ȷ́iȷ́ʰwayaHy|ȷ́iȷ́ʰwaH|ȷ́iȷ́ʰwaHnām|ȷ́iȷ́ʰwaHbʰyām|ȷ́iȷ́ʰwās|ȷ́iȷ́ʰwām|ȷ́iȷ́ʰwāyās|ȷ́iȷ́ʰwaHbʰiš|ȷ́iȷ́ʰwayaHs|ȷ́iȷ́ʰwayaHm|ȷ́iȷ́ʰwaHsu|ȷ́iȷ́ʰwaHbʰyas|ȷ́iȷ́ʰway|ȷ́iȷ́ʰwāyaw	<i>noun</i><br><ol><li>tongue</li></ol>
ȷ́ráyas	<i>noun</i><br><ol><li>expanse, vastness</li><li>ocean</li></ol>
ȷ́ágrastay	<i>verb</i><br><ol><li>to swallow, devour, eat</li></ol>
ȷ́ámbʰas|ȷ́ámbʰānam|ȷ́ámbʰay|ȷ́ámbʰānaHm|ȷ́ámbʰaybʰyas|ȷ́ámbʰāt|ȷ́ámbʰayaw|ȷ́ámbʰasya|ȷ́ámbʰā|ȷ́ámbʰam|ȷ́ámbʰa|ȷ́ámbʰayās|ȷ́ámbʰayšu|ȷ́ámbʰāns|ȷ́ámbʰāy|ȷ́ámbʰāyš|ȷ́ámbʰaybʰyaH	<i>noun</i><br><ol><li>(anatomy) tooth</li><li>jawbone?</li></ol>
ȷ́ánHas|ȷ́ánHasay|ȷ́ánHasiH|ȷ́ánHasas|ȷ́ánHasaHam|ȷ́ánHasi|ȷ́ánHasu|ȷ́ánHasH|ȷ́ánHasbʰi|ȷ́ánHasmas	<i>noun</i><br><ol><li>race, group of people</li></ol>
ȷ́áwšati	<i>verb</i><br><ol><li>to like, enjoy</li><li>to be pleased</li></ol>
ȷ́ānáHti|ȷ́ānHmádʰHay|3rd|ȷ́ānHiHmádʰHi|ȷ́ānHmás|ȷ́naHyádʰHwam|aȷ́ānáHs|aȷ́naHyáytʰām|ȷ́ānHtʰá|ȷ́ānHiHwádʰHi|ȷ́naHyáy|aȷ́ānáHt|ȷ́ānHatáy|ȷ́ānáHni|aȷ́naHyáta|ȷ́ānHántu|ȷ́ānHánti|ȷ́ānHiHtá|ȷ́ānHatám|ȷ́ānHdʰHwám|ȷ́ānáHmi|ȷ́naHyásay|ȷ́naHyáHy|ȷ́ānaHnás|aȷ́ānHtʰás|ȷ́ānáHy|ȷ́ānHiHtʰā́s|ȷ́naHyádʰHway|ȷ́naHyáymadʰHi|ȷ́ānHyáHmas|ȷ́ānáHtʰām|ȷ́ānHtás|ȷ́naHyáyHātʰām|aȷ́ānHí|aȷ́naHyámadʰHi|aȷ́ānHtá|aȷ́ānHtā́m|ȷ́ānáHma|ȷ́ānáHwa|ȷ́naHyáHmadʰHay|aȷ́naHyáy|aȷ́ānHwádʰHi|ȷ́naHyáHwadʰHay|ȷ́ānHdʰí|ȷ́naHyáHwadʰHaHy|ȷ́naHyántam|ȷ́ānHyáHta|ȷ́naHyámHnas|aȷ́ānHdʰHwám|ȷ́ānáHsi|ȷ́naHyáytām|aȷ́ānHmá|aȷ́naHyánta|ȷ́ānHyáHm|ȷ́ānHyáHs|ȷ́ānHtā́m|ȷ́naHyántay|ȷ́ānHšáy|ȷ́ānáHtām|aȷ́naHyátʰās|ȷ́ānHyáHt|ȷ́ānHiHá|aȷ́ānáHm|ȷ́naHyátay|ȷ́ānHšwá|ȷ́naHyáytay|ȷ́náyHyas|ȷ́ānHáy|2nd|ȷ́ānHwádʰHay|ȷ́ānHyáHtam|ȷ́ānáHtu|ȷ́ānánt|ȷ́naHyáydʰHwam|aȷ́ānHtám|ȷ́náHtum|ȷ́ānáHtʰay|aȷ́ānHatá|ȷ́naHtás|aȷ́naHyáHwadʰHi|ȷ́ānáHwadʰHaHy|aȷ́naHyádʰHwam|ȷ́naHyáytʰās|ȷ́naHyáyHa|ȷ́ānHiHránt|ȷ́ānHyunt|ȷ́ānHtám|ȷ́ānáHtay|ȷ́naHyáswa|ȷ́ānHyáHwa|aȷ́ānHmádʰHi|aȷ́ānáHtām|ȷ́ānHiHā́tām|ȷ́ānáHmadʰHaHy|ȷ́ānHyáHtām|aȷ́ānHánt|ȷ́ānHdʰHwáy|ȷ́ānHtáy|1st|ȷ́naHtwáH|ȷ́naHyáytʰām|ȷ́ānHtá|aȷ́naHyáytām|ȷ́naHyáHmadʰHaHy|aȷ́ānHwá|ȷ́naHyáywadʰHi|ȷ́ānHiHā́tʰām|ȷ́ānHwás|ȷ́naHyáyrant|ȷ́naHyátām|ȷ́naHyáyta|ȷ́naHyáyHātām|ȷ́naHyáytʰay|ȷ́ānHtʰás|ȷ́ānHiHdʰHwám|aȷ́ānáHtʰām	<i>verb</i><br><ol><li>to know</li></ol>
ȷ́ā́mātā|ȷ́ā́mātr̥	<i>noun</i><br><ol><li>son-in-law</li></ol>
ȷ́ā́nu|ȷ́ā́nuH|ȷ́ā́nāw?|ȷ́ā́naw|ȷ́ā́nubʰyaH|ȷ́ā́nuwaHs|ȷ́ā́nā?|ȷ́ā́nuwaw|ȷ́ā́naway|ȷ́ā́nubʰiš|ȷ́ā́nušu|ȷ́ā́nawš|ȷ́ā́nunām?|ȷ́ā́nubʰyas	<i>noun</i><br><ol><li>knee</li></ol>
ȷ́ʰansás|ȷ́ʰansaybʰyas|ȷ́ʰansāt|ȷ́ʰansam|ȷ́ʰansayās|ȷ́ʰansāns|ȷ́ʰansā|ȷ́ʰansānam|ȷ́ʰansas|ȷ́ʰansāyš|ȷ́ʰansāy|ȷ́ʰansānaHm|ȷ́ʰansay|ȷ́ʰansayaw|ȷ́ʰansaybʰyaH|ȷ́ʰansayšu|ȷ́ʰansa|ȷ́ʰansasya	<i>noun</i><br><ol><li>goose</li></ol>
ȷ́ʰarmyám	<i>noun</i><br><ol><li>permanent house, building</li></ol>
ȷ́ʰimás|ȷ́ʰimaybʰyas|ȷ́ʰimay|ȷ́ʰimayaw|ȷ́ʰimayšu|ȷ́ʰima|ȷ́ʰimāyš|ȷ́ʰimāt|ȷ́ʰimāns|ȷ́ʰimam|ȷ́ʰimasya|ȷ́ʰimā|ȷ́ʰimānaHm|ȷ́ʰimayās|ȷ́ʰimānam|ȷ́ʰimāy|ȷ́ʰimas|ȷ́ʰimaybʰyaH	<i>noun</i><br><ol><li>cold, frost</li><li>winter</li></ol>
ȷ́ʰr̥Hanyam	<i>noun</i><br><ol><li>gold</li></ol>
ȷ́ʰwáyati|3rd|ȷ́ʰwáyadʰHwam|aȷ́ʰwáyatam|ȷ́ʰwáyaydʰHwam|áȷ́ʰwayant|ȷ́ʰuHyáHmadʰHaHy|ȷ́ʰwáyayt|ȷ́ʰwayáHwadʰHaHy|ȷ́ʰuHyámHnas|aȷ́ʰwáyadʰHwam|aȷ́ʰuHyáHwadʰHi|ȷ́ʰwáyatām|ȷ́ʰwayáHmadʰHay|áȷ́ʰwayam|ȷ́ʰwáyatam|ȷ́ʰwayáyHātʰām|ȷ́ʰuHyádʰHway|ȷ́ʰwayaytʰay|ȷ́ʰwayatʰas|ȷ́ʰwayáHwadʰHay|aȷ́ʰuHyánta|ȷ́ʰwáyaytay|ȷ́ʰuHyáHy|ȷ́ʰuHyáswa|ȷ́ʰwáyatay|ȷ́ʰuHtás|aȷ́ʰuHyáy|aȷ́ʰuHyáta|ȷ́ʰwáyatas|ȷ́ʰwáyayHunt|aȷ́ʰwáyaHwa|ȷ́ʰwayasi|aȷ́ʰwáyaytʰām|ȷ́ʰwáyaymas|aȷ́ʰwáyatʰās|ȷ́ʰuHyáyHa|aȷ́ʰwáyatām|ȷ́ʰwáyaytām|ȷ́ʰwáyaHy|ȷ́ʰwayáyHātām|ȷ́ʰwáya|aȷ́ʰwáyata|áȷ́ʰwayat|aȷ́ʰwáyaytām|ȷ́ʰwáyanti|aȷ́ʰwáyaHma|aȷ́ʰuHyádʰHwam|aȷ́ʰwayáHmadʰHi|ȷ́ʰwáyaHmas|ȷ́ʰuHtwáH|ȷ́ʰuHyáytʰām|aȷ́ʰwáyanta|áȷ́ʰwayas|ȷ́ʰuHyáytay|ȷ́ʰwáyata|ȷ́ʰwayatʰa|ȷ́ʰwáyaywa|ȷ́ʰáwyas|ȷ́ʰwayasay|aȷ́ʰuHyáytām|ȷ́ʰuHyáywadʰHi|2nd|ȷ́ʰuHyántay|ȷ́ʰwáyaHwa|ȷ́ʰwáyantam|aȷ́ʰwayáHwadʰHi|ȷ́ʰwáyayta|ȷ́ʰwáyayrant|ȷ́ʰuHyáytām|ȷ́ʰwáyaytʰām|ȷ́ʰwayadʰHway|ȷ́ʰwáyaytʰās|ȷ́ʰuHyántam|ȷ́ʰwáyáywadʰHi|ȷ́ʰwáyaHmi|ȷ́ʰwáyaHma|ȷ́ʰwáyaHwas|aȷ́ʰuHyáHmadʰHi|ȷ́ʰwáyantu|ȷ́ʰuHyáydʰHwam|ȷ́uHyáyta|ȷ́ʰwáyant|ȷ́ʰwáyaswa|ȷ́ʰwáyáymadʰHi|ȷ́ʰwáyayHa|ȷ́ʰwáHtum|ȷ́ʰuHyátām|aȷ́ʰuHyátʰās|ȷ́ʰuHyátay|ȷ́ʰuHyádʰHwam|ȷ́ʰwáyatu|ȷ́ʰuHyáytʰay|ȷ́ʰuHyáHwadʰHay|ȷ́ʰwáyays|1st|ȷ́ʰwáyamHnas|ȷ́ʰuHyáymadʰHi|ȷ́ʰwáyayHam|ȷ́ʰuHyáy|ȷ́ʰwayáHmadʰHaHy|ȷ́ʰwáyay|ȷ́ʰuHyáHmadʰHay|ȷ́ʰwáyaytam|ȷ́ʰuHyásay|ȷ́ʰuHyáytʰās|áȷ́ʰwayay|aȷ́ʰuHyáytʰām|ȷ́ʰwáyaHni|ȷ́ʰuHyáyHātʰām|ȷ́ʰuHyáyrant|ȷ́ʰuHyáyHātām|ȷ́ʰuHyáHwadʰHaHy|ȷ́ʰwáyantay	<i>verb</i><br><ol><li>to call, summon</li></ol>
ȷ́ʰyás	<i>adv</i><br><ol><li>yesterday</li></ol>
ȷ́ʰángʰas|ȷ́ʰángʰānam|ȷ́ʰángʰam|ȷ́ʰángʰaybʰyaH|ȷ́ʰángʰāt|ȷ́ʰángʰāns|ȷ́ʰángʰāyš|ȷ́ʰángʰaybʰyas|ȷ́ʰángʰānaHm|ȷ́ʰángʰasya|ȷ́ʰángʰayšu|ȷ́ʰángʰā|ȷ́ʰángʰāy|ȷ́ʰángʰa|ȷ́ʰángʰay|ȷ́ʰángʰayaw|ȷ́ʰángʰayās	<i>noun</i><br><ol><li>(anatomy) ankle, shank</li></ol>
ȷ́ʰánuš	<i>noun</i><br><ol><li>jaw</li><li>chin</li></ol>
ȷ́ʰárHiš	<i>adj</i><br><ol><li>green</li></ol>
ȷ́ʰástas|ȷ́ʰástay|ȷ́ʰástam|ȷ́ʰástaybʰyas|ȷ́ʰástānaHm|ȷ́ʰástayšu|ȷ́ʰástasya|ȷ́ʰástayaw|ȷ́ʰástānam|ȷ́ʰástāt|ȷ́ʰástā|ȷ́ʰásta|ȷ́ʰástāy|ȷ́ʰástayās|ȷ́ʰástāyš|ȷ́ʰástāns|ȷ́ʰástaybʰyaH	<i>noun</i><br><ol><li>hand</li></ol>
ȷ́ʰáwtraH|ȷ́ʰáwtraHbʰiš|ȷ́ʰáwtraHbʰyām|ȷ́ʰáwtraHbʰyā|ȷ́ʰáwtraHsu|ȷ́ʰáwtrām|ȷ́ʰáwtrayaHy|ȷ́ʰáwtrāyās|ȷ́ʰáwtray|ȷ́ʰáwtrayaH|ȷ́ʰáwtrāyaw|ȷ́ʰáwtrās|ȷ́ʰáwtraHbʰyas|ȷ́ʰáwtrayaHs|ȷ́ʰáwtraHnām|ȷ́ʰáwtrayaHm	<i>noun</i><br><ol><li>libation, sacrifice</li></ol>
ȷ́ʰáwtram|ȷ́ʰáwtrāyās|ȷ́ʰáwtray|ȷ́ʰáwtrāyaw|ȷ́ʰáwtrānaHm|ȷ́ʰáwtrās|ȷ́ʰáwtraHbʰyas|ȷ́ʰáwtrāy|ȷ́ʰáwtrasya|ȷ́ʰáwtrayaHs|ȷ́ʰáwtrāyš|ȷ́ʰáwtraybʰyaH|ȷ́ʰáwtraHbʰiš|ȷ́ʰáwtraHbʰyām|ȷ́ʰáwtraHbʰyā|ȷ́ʰáwtraHsu|ȷ́ʰáwtrām|ȷ́ʰáwtrayšu|ȷ́ʰáwtrayaHm|ȷ́ʰáwtrayaw|ȷ́ʰáwtraH|ȷ́ʰáwtrāt|ȷ́ʰáwtrānam|ȷ́ʰáwtrayaHy|ȷ́ʰáwtrayaH|ȷ́ʰáwtrā|ȷ́ʰáwtraybʰyas|ȷ́ʰáwtraHnām|ȷ́ʰáwtrayās	<i>noun</i><br><ol><li>(religion) libation, offering, sacrifice</li></ol>
ȷ́ʰáwtā	<i>noun</i><br><ol><li>priest, offerer of oblations</li></ol>
ȷ́ʰáyas|ȷ́ʰáyāns|ȷ́ʰáya|ȷ́ʰáyāt|ȷ́ʰáyayšu|ȷ́ʰáyam|ȷ́ʰáyā|ȷ́ʰáyāy|ȷ́ʰáyasya|ȷ́ʰáyay|ȷ́ʰáyaybʰyas|ȷ́ʰáyayaw|ȷ́ʰáyānaHm|ȷ́ʰáyaybʰyaH|ȷ́ʰáyāyš|ȷ́ʰáyayās|ȷ́ʰáyānam	<i>noun</i><br><ol><li>horse</li></ol>
ȷ́ʰáyšas|ȷ́ʰáyšānaHm|ȷ́ʰáyšānam|ȷ́ʰáyšayšu|ȷ́ʰáyšaybʰyaH|ȷ́ʰáyša|ȷ́ʰáyšam|ȷ́ʰáyšāy|ȷ́ʰáyšay|ȷ́ʰáyšaybʰyas|ȷ́ʰáyšā|ȷ́ʰáyšasya|ȷ́ʰáyšayās|ȷ́ʰáyšayaw|ȷ́ʰáyšāyš|ȷ́ʰáyšāns|ȷ́ʰáyšāt	<i>noun</i><br><ol><li>missile</li></ol>
ȷ́ʰŕ̥dayam	<i>noun</i><br><ol><li>heart</li></ol>
