Adam	<i>name</i><br><ol><li>Adam</li></ol>
Afrika	<i>name</i><br><ol><li>Africa</li></ol>
Aprika	<i>name</i><br><ol><li>Africa</li></ol>
Asiria	<i>name</i><br><ol><li>Assyria</li></ol>
Baibel	<i>name</i><br><ol><li>Bible</li></ol>
Bikpela	<i>noun</i><br><ol><li>Lord; the Lord; LORD</li></ol>
Bogenvil	<i>name</i><br><ol><li>Bougainville (an island in Papua New Guinea)</li></ol>
Disemba	<i>name</i><br><ol><li>December</li></ol>
Epril	<i>name</i><br><ol><li>April</li></ol>
Februeri	<i>name</i><br><ol><li>February</li></ol>
Fisi	<i>name</i><br><ol><li>Fiji (a country and archipelago in Oceania)</li></ol>
Fonde	<i>name</i><br><ol><li>Thursday</li></ol>
Fraide	<i>name</i><br><ol><li>Friday</li></ol>
Frens	<i>name</i><br><ol><li>France</li></ol>
God	<i>name</i><br><ol><li>God (Abrahamic monotheistic deity)</li></ol>
Iden	<i>name</i><br><ol><li>Eden</li></ol>
Inglan|Englan	<i>name</i><br><ol><li>England</li><li>Great Britain; the United Kingdom</li></ol>
Inglis	<i>name</i><br><ol><li>English (language)</li></ol>
Jenueri	<i>name</i><br><ol><li>January</li></ol>
Jisas	<i>name</i><br><ol><li>Jesus</li></ol>
Julai	<i>name</i><br><ol><li>July</li></ol>
Jun	<i>name</i><br><ol><li>June</li></ol>
Katolik	<i>noun</i><br><ol><li>Catholic</li></ol><br><i>adj</i><br><ol><li>Catholic</li></ol>
Katolik Sios	<i>name</i><br><ol><li>Catholic Church</li></ol>
Keneda	<i>name</i><br><ol><li>Canada (a country in North America)</li></ol>
Komonwel	<i>name</i><br><ol><li>Commonwealth</li></ol>
Krais	<i>name</i><br><ol><li>Christ</li></ol>
Kristen	<i>name</i><br><ol><li>Christian</li></ol>
Kus	<i>name</i><br><ol><li>Cush</li></ol>
Lituwenia	<i>name</i><br><ol><li>Lithuania</li></ol>
Mande	<i>name</i><br><ol><li>Monday</li></ol>
Mars	<i>name</i><br><ol><li>March</li></ol>
Mei	<i>name</i><br><ol><li>May (month)</li></ol>
Mosbi	<i>name</i><br><ol><li>(informal) Port Moresby (a city in Papua New Guinea)</li></ol>
Niu Briten|Nu Briten	<i>name</i><br><ol><li>New Britain</li></ol>
Novemba	<i>name</i><br><ol><li>November</li></ol>
Nu Ailan	<i>name</i><br><ol><li>New Ireland (island)</li></ol>
Nupela Testamen	<i>name</i><br><ol><li>New Testament</li></ol>
OPM	<i>name</i><br><ol><li>Separatist movement of New Guinea that existed since 1963 until today.</li></ol>
Ogas	<i>name</i><br><ol><li>August</li></ol>
Oktoba	<i>name</i><br><ol><li>October</li></ol>
Ostrelia	<i>name</i><br><ol><li>Australia (a continent and country in Oceania)</li></ol>
Papua Niugini	<i>name</i><br><ol><li>Papua New Guinea (a country in Oceania)</li></ol>
Pot Mosbi	<i>name</i><br><ol><li>Port Moresby (a city in Papua New Guinea)</li></ol>
Rabaul	<i>name</i><br><ol><li>Rabaul (a town in Papua New Guinea)</li></ol>
Rasia	<i>name</i><br><ol><li>Russia (a country in Europe, Asia)</li></ol>
Saina	<i>name</i><br><ol><li>China (a country in Asia)</li></ol><br><i>noun</i><br><ol><li>A Chinese or East Asian person</li></ol>
Sande	<i>name</i><br><ol><li>Sunday</li></ol>
Sarere	<i>name</i><br><ol><li>Saturday</li></ol>
Septemba	<i>name</i><br><ol><li>September</li></ol>
Siapan	<i>name</i><br><ol><li>Japan (a country in Asia)</li></ol>
Sidni	<i>noun</i><br><ol><li>Sydney (a city in Australia)</li></ol>
Taigris	<i>name</i><br><ol><li>Tigris river</li></ol>
Tok Pisin	<i>name</i><br><ol><li>Tok Pisin</li></ol>
Trinde	<i>name</i><br><ol><li>Wednesday</li></ol>
Tunde	<i>name</i><br><ol><li>Tuesday</li></ol>
Yufretis	<i>name</i><br><ol><li>Euphrates river</li></ol>
Yukren	<i>name</i><br><ol><li>Ukraine (a country in Europe)</li></ol>
Yurop	<i>name</i><br><ol><li>Europe</li></ol>
a	<i>intj</i><br><ol><li>eh?</li></ol>
abababa	<i>noun</i><br><ol><li>bubble gum</li></ol>
abrus|accompanied by long	<i>adv</i><br><ol><li>alongside</li></ol><br><i>prep</i><br><ol><li>apart from, besides</li></ol><br><i>verb</i><br><ol><li>to be apart or away from</li><li>to pass, miss</li></ol>
abrusim|abrusim trans.	<i>verb</i><br><ol><li>(transitive) To avoid or evade something.</li><li>(transitive) To pass, bypass or overtake something.</li></ol>
abus	<i>noun</i><br><ol><li>animal</li><li>meat</li><li>(hunting) game</li><li>side-dish</li><li>garnish</li><li>(figuratively) Something that one likes and often has ('having it for breakfast')</li></ol>
abusim|abusim trans.	<i>verb</i><br><ol><li>(transitive) To garnish</li><li>(transitive) To add meat or fish to a meal</li></ol>
administresen	<i>noun</i><br><ol><li>administration; government</li></ol>
administreta	<i>noun</i><br><ol><li>administrator</li></ol>
adres	<i>noun</i><br><ol><li>(postal) address</li></ol>
adresim|adresim trans.	<i>verb</i><br><ol><li>To address a letter (or parcel etc.)</li></ol>
advaisa	<i>noun</i><br><ol><li>adviser</li></ol>
advaiseri	<i>noun</i><br><ol><li>advisory</li></ol>
agrikalsa	<i>noun</i><br><ol><li>agriculture</li></ol>
agriman	<i>noun</i><br><ol><li>agreement</li></ol>
ai	<i>noun</i><br><ol><li>(anatomy) eye</li><li>hole, opening, lid</li><li>tip</li></ol>
ai i pas	<i>adj</i><br><ol><li>blind</li></ol>
aidia	<i>noun</i><br><ol><li>idea</li></ol>
aidin	<i>noun</i><br><ol><li>iodine</li></ol>
aiglas	<i>noun</i><br><ol><li>eyeglasses, spectacles</li></ol>
aigris	<i>noun</i><br><ol><li>flirt; envy</li></ol>
ailan	<i>noun</i><br><ol><li>island</li></ol>
ain	<i>noun</i><br><ol><li>iron; steel</li></ol>
ainanga	<i>noun</i><br><ol><li>whitebait</li></ol>
ainim|ainim trans.	<i>verb</i><br><ol><li>(transitive) iron</li></ol>
aipas	<i>noun</i><br><ol><li>blind person</li></ol>
aiwara	<i>noun</i><br><ol><li>tear</li></ol>
akanggelo	<i>noun</i><br><ol><li>archangel</li></ol>
akas	<i>noun</i><br><ol><li>acacia tree</li></ol>
akaun	<i>noun</i><br><ol><li>bank account</li></ol>
akis	<i>noun</i><br><ol><li>axe</li></ol>
akseptim	<i>verb</i><br><ol><li>to accept</li></ol>
alaiens	<i>noun</i><br><ol><li>alliance</li></ol>
alam	<i>noun</i><br><ol><li>alarm</li></ol>
alawens	<i>noun</i><br><ol><li>allowance</li></ol>
alkohol	<i>noun</i><br><ol><li>alcohol</li></ol>
alta	<i>noun</i><br><ol><li>altar</li></ol>
amamas|hamamas	<i>adj</i><br><ol><li>happy</li></ol>
amamasim	<i>verb</i><br><ol><li>to celebrate</li></ol>
amas	<i>pron</i><br><ol><li>(interrogative) how much</li></ol>
amat	<i>adj</i><br><ol><li>raw</li></ol>
amata	<i>noun</i><br><ol><li>amateur</li></ol>
ambaseda	<i>noun</i><br><ol><li>ambassador</li></ol>
ambrela	<i>noun</i><br><ol><li>umbrella</li></ol>
ambusa	<i>noun</i><br><ol><li>dolphin</li></ol>
ami	<i>noun</i><br><ol><li>army</li></ol>
ananas	<i>noun</i><br><ol><li>pineapple(s)</li></ol>
ananit|aninit	<i>adv</i><br><ol><li>under, beneath, underneath</li></ol><br><i>prep</i><br><ol><li>under, beneath, underneath</li></ol><br><i>adj</i><br><ol><li>inferior</li><li>less</li></ol>
anaunsa	<i>noun</i><br><ol><li>announcer</li></ol>
andapens	<i>noun</i><br><ol><li>underpants; underwear</li></ol>
anian	<i>noun</i><br><ol><li>onion</li></ol>
animal	<i>noun</i><br><ol><li>animal (members of Kingdom Animalia that are not humans)</li></ol>
anis	<i>noun</i><br><ol><li>ant</li></ol>
aniveseri	<i>noun</i><br><ol><li>anniversary</li></ol>
anka	<i>noun</i><br><ol><li>anchor</li></ol><br><i>verb</i><br><ol><li>to anchor</li></ol>
ankol	<i>noun</i><br><ol><li>ankle</li><li>uncle</li></ol>
ansa	<i>noun</i><br><ol><li>answer</li></ol>
ansini	<i>noun</i><br><ol><li>mechanic, engineer</li></ol>
antap	<i>adj</i><br><ol><li>high</li><li>more</li></ol><br><i>adv</i><br><ol><li>on top</li><li>up</li></ol>
antem	<i>noun</i><br><ol><li>anthem</li></ol>
anti	<i>noun</i><br><ol><li>aunt (polite term for any woman a generation older than oneself)</li></ol>
apatait	<i>noun</i><br><ol><li>appetite</li></ol>
apel	<i>noun</i><br><ol><li>apple</li></ol>
apim	<i>verb</i><br><ol><li>to raise</li><li>to increase</li></ol>
apinun	<i>noun</i><br><ol><li>afternoon</li></ol>
apliken	<i>noun</i><br><ol><li>applicant</li></ol>
aplikesen	<i>noun</i><br><ol><li>application</li></ol>
arang	<i>noun</i><br><ol><li>lowland pandanus</li></ol>
arapela	<i>adj</i><br><ol><li>other</li></ol>
arasait	<i>adv</i><br><ol><li>the other side</li><li>out</li></ol>
arere	<i>noun</i><br><ol><li>edge, border, boundary</li><li>limit</li></ol>
arest	<i>noun</i><br><ol><li>arrest</li></ol>
arestim|arestim trans.	<i>verb</i><br><ol><li>to arrest somebody</li></ol>
ars	<i>noun</i><br><ol><li>(vulgar, anatomy) the arse.</li></ol>
arurut	<i>noun</i><br><ol><li>arrowroot</li></ol>
as	<i>noun</i><br><ol><li>buttocks, backside</li><li>bottom, base</li><li>reason, meaning, motivation</li><li>beginning, source</li></ol>
as nating	<i>adj</i><br><ol><li>naked; nude</li></ol>
asbin	<i>noun</i><br><ol><li>winged bean</li></ol>
asbisop	<i>noun</i><br><ol><li>archbishop</li></ol>
asde	<i>adv</i><br><ol><li>yesterday</li></ol><br><i>noun</i><br><ol><li>yesterday</li></ol>
asembli	<i>noun</i><br><ol><li>assembly</li></ol>
asket	<i>noun</i><br><ol><li>(anatomy) chin</li></ol>
askim|askim trans.	<i>verb</i><br><ol><li>carnelian</li></ol>
asprin	<i>noun</i><br><ol><li>aspirin</li></ol>
asua	<i>noun</i><br><ol><li>blame</li><li>fault, mistake</li><li>any disease believed to be the result of moral failings</li></ol>
ating	<i>adv</i><br><ol><li>evidently; apparently; seemingly</li></ol>
atoriti	<i>noun</i><br><ol><li>authority</li></ol>
atun	<i>noun</i><br><ol><li>tuna</li></ol>
aua	<i>noun</i><br><ol><li>hour</li></ol>
aupa	<i>noun</i><br><ol><li>several types of edible green vegetable</li></ol>
aven	<i>noun</i><br><ol><li>oven</li></ol>
aweanes	<i>noun</i><br><ol><li>publicity; PR campaign</li></ol>
babeku	<i>noun</i><br><ol><li>barbecue</li></ol>
baga	<i>noun</i><br><ol><li>guy; fellow</li></ol>
bagarap|transitive bagarapim|bagarap intrans.	<i>adj</i><br><ol><li>broken down; broken; wrecked; messed up</li><li>tired or ill (but not necessarily sik)</li></ol><br><i>verb</i><br><ol><li>(intransitive) to mess up; to bugger up</li></ol><br><i>noun</i><br><ol><li>accident; wreck</li></ol>
bagarapim|intransitive bagarap|bagarapim trans.	<i>verb</i><br><ol><li>(transitive) To break, ruin, or destroy.</li></ol>
bai	<i>particle</i><br><ol><li>Marks future tense</li></ol>
baiim|baiim trans.	<i>verb</i><br><ol><li>(transitive) to buy</li></ol>
baik	<i>noun</i><br><ol><li>bike; bicycle</li></ol>
baim	<i>verb</i><br><ol><li>buy; pay for</li></ol>
baimbai	<i>particle</i><br><ol><li>(archaic) Marks the future tense</li></ol>
baimboi	<i>noun</i><br><ol><li>recruiter</li></ol>
bainat	<i>noun</i><br><ol><li>sword</li></ol>
baira	<i>noun</i><br><ol><li>hoe</li></ol>
baisikel	<i>noun</i><br><ol><li>bicycle</li></ol>
baket	<i>noun</i><br><ol><li>pail, bucket.</li></ol>
baklain|paklain	<i>noun</i><br><ol><li>rope</li></ol>
balus	<i>noun</i><br><ol><li>pigeon</li><li>aircraft</li><li>flight</li></ol>
banana	<i>noun</i><br><ol><li>banana</li></ol>
banis	<i>noun</i><br><ol><li>fence; enclosure; cage</li><li>(anatomy) ribcage</li></ol>
banis bilong susu	<i>noun</i><br><ol><li>bra; brassiere</li></ol>
banisim|banisim trans.	<i>verb</i><br><ol><li>To banish; to keep out</li></ol>
barata|brata	<i>noun</i><br><ol><li>brother</li><li>paternal cousin (of the same sex)</li><li>a woman's sister</li></ol>
barel	<i>noun</i><br><ol><li>barrel</li></ol>
bas	<i>noun</i><br><ol><li>bus</li></ol>
baset	<i>noun</i><br><ol><li>budget</li></ol>
basket	<i>noun</i><br><ol><li>basket</li></ol>
bastet	<i>noun</i><br><ol><li>bastard</li></ol>
bata	<i>noun</i><br><ol><li>butter</li><li>betel</li></ol>
bata prut	<i>noun</i><br><ol><li>avocado</li></ol>
bataplai	<i>noun</i><br><ol><li>butterfly</li></ol>
baten	<i>noun</i><br><ol><li>button</li></ol>
bateri	<i>noun</i><br><ol><li>battery (device producing electricity)</li></ol>
bebi	<i>noun</i><br><ol><li>baby</li></ol>
bek	<i>noun</i><br><ol><li>bag</li></ol><br><i>adv</i><br><ol><li>back</li></ol>
bekim|bekim trans.	<i>verb</i><br><ol><li>return</li></ol>
bekim tok	<i>verb</i><br><ol><li>respond</li></ol>
bel	<i>noun</i><br><ol><li>abdomen, belly (of a human)</li><li>underside</li><li>the fuselage of an airplane.</li></ol>
belhat	<i>adj</i><br><ol><li>angry</li></ol>
belhevi	<i>adj</i><br><ol><li>regretful</li></ol><br><i>noun</i><br><ol><li>regret</li></ol>
belisi	<i>adj</i><br><ol><li>calm</li></ol>
belo	<i>noun</i><br><ol><li>noon</li></ol>
beng	<i>noun</i><br><ol><li>bank</li></ol>
bensin	<i>noun</i><br><ol><li>gasoline, petrol</li></ol>
bet	<i>noun</i><br><ol><li>bed</li><li>bet</li></ol>
beten	<i>noun</i><br><ol><li>prayer</li></ol>
betri	<i>noun</i><br><ol><li>battery</li></ol>
bi	<i>noun</i><br><ol><li>bee</li></ol>
bia	<i>noun</i><br><ol><li>beer</li></ol>
bigman	<i>noun</i><br><ol><li>leader</li></ol>
bihain	<i>adv</i><br><ol><li>later, afterwards.</li></ol><br><i>prep</i><br><ol><li>after</li><li>(rare) behind</li></ol>
bikbrata	<i>noun</i><br><ol><li>older brother</li></ol>
bikman	<i>noun</i><br><ol><li>leader; chief</li></ol>
biknait	<i>noun</i><br><ol><li>midnight</li></ol>
bikpela	<i>adj</i><br><ol><li>big</li></ol><br><i>noun</i><br><ol><li>master</li><li>lord</li></ol>
bikples	<i>noun</i><br><ol><li>mainland</li><li>homeland</li><li>main village</li></ol>
bikrot	<i>noun</i><br><ol><li>main road; highway</li></ol>
biksan	<i>noun</i><br><ol><li>middle of the day</li></ol>
biksi	<i>noun</i><br><ol><li>ocean</li></ol>
bikskul	<i>noun</i><br><ol><li>tertiary education</li></ol>
biktaun	<i>noun</i><br><ol><li>city</li></ol>
bikwin	<i>noun</i><br><ol><li>cyclone; wind storm</li></ol>
bikyads	<i>noun</i><br><ol><li>judge</li></ol>
bil	<i>noun</i><br><ol><li>bill</li></ol>
bilas	<i>noun</i><br><ol><li>ornament, decoration, finery</li></ol>
bilding	<i>noun</i><br><ol><li>building</li></ol>
bilong	<i>noun</i><br><ol><li>adze</li><li>axe</li><li>hatchet</li></ol><br><i>prep</i><br><ol><li>of, belonging to</li><li>having a tendency to, known for</li><li>for the purpose of</li></ol>
bilum	<i>noun</i><br><ol><li>bag (made of net)</li></ol>
bin	<i>particle</i><br><ol><li>Marks the simple past tense.</li></ol><br><i>noun</i><br><ol><li>bean, beans</li></ol>
binatang	<i>noun</i><br><ol><li>insect, pest, creepy-crawly</li></ol>
binen	<i>noun</i><br><ol><li>bee</li></ol>
binin	<i>noun</i><br><ol><li>bee</li></ol>
bipo	<i>prep</i><br><ol><li>before</li></ol>
bipo tru	<i>adv</i><br><ol><li>in the beginning</li></ol>
birua	<i>noun</i><br><ol><li>enemy</li><li>accident</li></ol>
bisi	<i>adj</i><br><ol><li>busy</li></ol>
bisket	<i>noun</i><br><ol><li>biscuit</li></ol>
bisnis	<i>noun</i><br><ol><li>business</li><li>clan</li></ol>
bisop	<i>noun</i><br><ol><li>bishop</li></ol>
blak|bilak	<i>adj</i><br><ol><li>black</li></ol>
blakbokis	<i>noun</i><br><ol><li>fruit bat; flying fox</li></ol>
blakbot	<i>noun</i><br><ol><li>blackboard</li></ol>
blakpela	<i>adj</i><br><ol><li>black</li></ol>
blanket	<i>noun</i><br><ol><li>blanket</li></ol>
blaus	<i>noun</i><br><ol><li>blouse</li></ol>
blesing	<i>noun</i><br><ol><li>blessing</li></ol>
blu	<i>adj</i><br><ol><li>blue</li></ol>
blulang	<i>noun</i><br><ol><li>blowfly</li></ol>
blupela	<i>adj</i><br><ol><li>blue</li></ol>
blut	<i>noun</i><br><ol><li>blood</li><li>sap</li></ol>
boamasin	<i>noun</i><br><ol><li>drill</li></ol>
boda	<i>noun</i><br><ol><li>border</li></ol>
bodi	<i>noun</i><br><ol><li>body</li></ol>
boilim	<i>verb</i><br><ol><li>to boil</li></ol>
boipren	<i>noun</i><br><ol><li>boyfriend</li></ol>
bokis	<i>noun</i><br><ol><li>Box</li><li>(vulgar) cunt, female genitalia</li></ol>
bokis ais	<i>noun</i><br><ol><li>refrigerator</li></ol>
boksa	<i>noun</i><br><ol><li>boxer</li></ol>
bol	<i>noun</i><br><ol><li>ball</li><li>(anatomy) scrotum; testicle</li></ol>
bos	<i>noun</i><br><ol><li>boss; overseer; master</li></ol>
bosim|bosim trans.	<i>verb</i><br><ol><li>To oversee; to control</li></ol>
boskru	<i>noun</i><br><ol><li>sailor</li><li>crew of a ship or craft of any kind</li><li>crew member</li></ol>
botol	<i>noun</i><br><ol><li>bottle</li></ol>
brait	<i>adj</i><br><ol><li>broad; wide</li></ol>
braitprais	<i>noun</i><br><ol><li>bride price</li></ol>
bras	<i>noun</i><br><ol><li>brush</li></ol>
braun	<i>adj</i><br><ol><li>brown</li></ol>
braunpela	<i>adj</i><br><ol><li>brown</li></ol>
bret	<i>noun</i><br><ol><li>bread</li></ol>
bringim|bringim trans.	<i>verb</i><br><ol><li>bring</li></ol>
bris	<i>noun</i><br><ol><li>bridge</li><li>wharf</li></ol>
bros	<i>noun</i><br><ol><li>(anatomy) chest</li></ol>
bruk|bruk intrans.|transitive brukim	<i>verb</i><br><ol><li>(intransitive) break</li></ol><br><i>adj</i><br><ol><li>broken</li></ol>
brukim|intransitive bruk|brukim trans.	<i>verb</i><br><ol><li>(transitive) To break; to tear apart; to rend.</li></ol>
brukim ai	<i>verb</i><br><ol><li>wink</li></ol>
brukim han	<i>verb</i><br><ol><li>make a fist</li></ol>
brukim skru	<i>noun</i><br><ol><li>(obsolete) kneel</li></ol>
brum	<i>noun</i><br><ol><li>broom</li></ol><br><i>verb</i><br><ol><li>to sweep</li></ol>
brus	<i>noun</i><br><ol><li>tobacco; cigar</li></ol>
buai	<i>noun</i><br><ol><li>areca; betel nut</li></ol>
bubu	<i>noun</i><br><ol><li>grandparent</li><li>any elderly relative</li></ol>
buk	<i>noun</i><br><ol><li>book</li></ol>
bukim	<i>verb</i><br><ol><li>to book; to reserve</li></ol>
bulmakau	<i>noun</i><br><ol><li>cow, cattle</li></ol>
bulsitman	<i>noun</i><br><ol><li>con man</li></ol>
bun	<i>noun</i><br><ol><li>(anatomy) bone</li></ol>
bunara	<i>noun</i><br><ol><li>arrow; spear</li></ol>
bung	<i>verb</i><br><ol><li>To gather, meet</li></ol>
bungim	<i>verb</i><br><ol><li>to collect or gather something</li><li>to meet; to face</li></ol>
bus	<i>noun</i><br><ol><li>bush (remote rural areas)</li></ol>
bus dokta	<i>noun</i><br><ol><li>witch doctor, shaman, traditional healer</li></ol>
bus kanaka|buskanaka	<i>noun</i><br><ol><li>An uncivilised person; a person who follows a traditional rather than modern lifestyle.</li></ol>
busnaip	<i>noun</i><br><ol><li>bush knife; machete</li></ol>
dai	<i>verb</i><br><ol><li>To die</li></ol><br><i>adj</i><br><ol><li>dead</li></ol>
daiman	<i>noun</i><br><ol><li>A dead person.</li></ol>
daimen	<i>noun</i><br><ol><li>Diamond (suit, ♦).</li></ol>
daka	<i>noun</i><br><ol><li>betel</li></ol>
das	<i>noun</i><br><ol><li>dirt; dust</li></ol>
dasan	<i>noun</i><br><ol><li>dozen</li></ol>
daun	<i>adv</i><br><ol><li>down</li></ol>
daunbilo	<i>adv</i><br><ol><li>down</li></ol><br><i>adj</i><br><ol><li>below</li></ol>
daunim|daunim trans.	<i>verb</i><br><ol><li>To lower (literally and figuratively)</li></ol>
de	<i>noun</i><br><ol><li>day</li></ol>
demdem	<i>noun</i><br><ol><li>snail</li></ol>
des	<i>noun</i><br><ol><li>desk</li></ol>
dikseneri	<i>noun</i><br><ol><li>dictionary</li></ol>
dimdim	<i>noun</i><br><ol><li>(eastern Papua) white person</li></ol>
dis	<i>noun</i><br><ol><li>dish; bowl</li></ol>
disain	<i>noun</i><br><ol><li>design</li></ol>
disaipel	<i>noun</i><br><ol><li>disciple</li></ol>
dispela|displa	<i>adj</i><br><ol><li>this</li></ol>
diwai	<i>adj</i><br><ol><li>wooden</li></ol><br><i>noun</i><br><ol><li>tree</li><li>wood (timber)</li><li>log, piece of wood</li></ol>
dok	<i>noun</i><br><ol><li>dog</li></ol>
dokorok	<i>noun</i><br><ol><li>frog</li></ol>
dokta	<i>noun</i><br><ol><li>doctor</li></ol>
dona	<i>noun</i><br><ol><li>donor (usually used to refer to countries that give aid to Papua New Guinea)</li></ol>
donki	<i>noun</i><br><ol><li>donkey</li></ol>
drai	<i>adj</i><br><ol><li>dry</li></ol><br><i>noun</i><br><ol><li>an old coconut used for copra</li></ol>
drairip	<i>noun</i><br><ol><li>low tide</li></ol>
draiva	<i>noun</i><br><ol><li>driver</li></ol>
draiwara	<i>noun</i><br><ol><li>low tide</li></ol>
dramim	<i>verb</i><br><ol><li>to drum</li></ol>
dring	<i>noun</i><br><ol><li>drink</li></ol>
dringim|dringim trans.	<i>verb</i><br><ol><li>(transitive) drink</li></ol>
dripman	<i>noun</i><br><ol><li>wanderer</li></ol>
dua	<i>noun</i><br><ol><li>door</li></ol>
duim	<i>verb</i><br><ol><li>to force someone; to challenge someone</li></ol>
dukduk	<i>noun</i><br><ol><li>a Tolai man in costume and mask representing a male spirit</li></ol>
duti	<i>noun</i><br><ol><li>duty</li></ol>
edukesen	<i>noun</i><br><ol><li>education</li></ol>
eleven|ilewen	<i>num</i><br><ol><li>eleven</li></ol>
em	<i>pron</i><br><ol><li>The third person singular pronoun refers to a person or thing other than the speaker or the person being spoken to. Pronouns in Tok Pisin are not inflected for different cases.</li></ol>
em tasol	<i>phrase</i><br><ol><li>that's all, that's it</li></ol>
emi	<i>abbrev</i><br><ol><li>Contraction of em + i</li></ol>
emti	<i>adj</i><br><ol><li>empty</li></ol>
eneji	<i>noun</i><br><ol><li>energy</li></ol>
ensel	<i>noun</i><br><ol><li>angel; any supernatural creature in heaven according to Christian theology</li></ol>
ensin	<i>noun</i><br><ol><li>engine; motor</li></ol>
envaironmen	<i>noun</i><br><ol><li>environment</li></ol>
epa	<i>noun</i><br><ol><li>stingray</li></ol>
et|eit	<i>num</i><br><ol><li>eight</li></ol>
eti	<i>num</i><br><ol><li>eighty</li></ol>
etin	<i>num</i><br><ol><li>eighteen</li></ol>
etpela|eitpela	<i>adj</i><br><ol><li>eight</li></ol>
failim	<i>verb</i><br><ol><li>to file (something)</li></ol>
faipela	<i>adj</i><br><ol><li>five</li></ol>
faiv	<i>num</i><br><ol><li>five</li></ol>
faivkona	<i>noun</i><br><ol><li>star fruit; carambola</li></ol>
fak	<i>noun</i><br><ol><li>(vulgar) fuck.</li></ol>
fakim	<i>noun</i><br><ol><li>(vulgar) to fuck.</li></ol>
faktori	<i>noun</i><br><ol><li>factory</li></ol>
famili	<i>noun</i><br><ol><li>family</li></ol>
fanol	<i>noun</i><br><ol><li>funnel</li></ol>
fifti	<i>num</i><br><ol><li>fifty</li></ol>
fiftin	<i>num</i><br><ol><li>fifteen</li></ol>
fik	<i>noun</i><br><ol><li>fig</li></ol>
fil	<i>noun</i><br><ol><li>sportsfield</li></ol>
fiva	<i>noun</i><br><ol><li>fever</li></ol>
flai	<i>verb</i><br><ol><li>To fly</li></ol>
flet	<i>noun</i><br><ol><li>flat; apartment</li></ol>
foa	<i>num</i><br><ol><li>four</li></ol>
fopela	<i>adj</i><br><ol><li>four</li></ol>
foti	<i>num</i><br><ol><li>forty</li></ol>
fotin	<i>num</i><br><ol><li>fourteen</li></ol>
fran	<i>adj</i><br><ol><li>front</li></ol>
frut	<i>noun</i><br><ol><li>fruit</li></ol>
ful	<i>noun</i><br><ol><li>fool</li></ol>
fut	<i>noun</i><br><ol><li>foot</li></ol>
gaden	<i>noun</i><br><ol><li>garden</li></ol>
gan	<i>noun</i><br><ol><li>gun</li></ol>
garamut	<i>noun</i><br><ol><li>hardwood tree</li><li>(by extension) drum</li></ol>
gat	<i>verb</i><br><ol><li>have</li></ol>
gat bel	<i>adj</i><br><ol><li>pregnant</li></ol><br><i>verb</i><br><ol><li>To be pregnant</li></ol>
gavana	<i>noun</i><br><ol><li>governor</li></ol>
gavman	<i>noun</i><br><ol><li>government</li></ol>
gel	<i>noun</i><br><ol><li>girl</li></ol>
gelpren	<i>noun</i><br><ol><li>girlfriend</li></ol>
gen	<i>adv</i><br><ol><li>again</li></ol>
ges	<i>noun</i><br><ol><li>guest</li></ol>
gia	<i>noun</i><br><ol><li>gear</li></ol>
gia bokis	<i>noun</i><br><ol><li>gearbox</li></ol>
giaman|giaman intrans.|transitive giamanim	<i>adj</i><br><ol><li>fake; deceptive</li></ol><br><i>verb</i><br><ol><li>To lie</li></ol>
giamanim|intransitive giaman|giamanim trans.	<i>verb</i><br><ol><li>to cheat someone</li><li>to trick someone maliciously</li></ol>
gip	<i>noun</i><br><ol><li>poison</li></ol>
gita	<i>noun</i><br><ol><li>guitar</li></ol>
givim|givim trans.|gipim|gipim trans.	<i>verb</i><br><ol><li>give</li></ol>
glas	<i>noun</i><br><ol><li>glass (as in glass of water)</li></ol>
go	<i>verb</i><br><ol><li>go, leave</li></ol>
gol	<i>noun</i><br><ol><li>gold</li></ol>
gorgor	<i>noun</i><br><ol><li>tall ginger</li><li>traditional "no trespassing" sign made of wild ginger</li></ol>
gras|garas	<i>noun</i><br><ol><li>grass; vegetation</li><li>fur, hair</li></ol>
gras bilong ai	<i>noun</i><br><ol><li>(anatomy) eyebrow</li></ol>
gras bilong het	<i>noun</i><br><ol><li>(anatomy) hair</li></ol>
grasopa	<i>noun</i><br><ol><li>grasshopper</li></ol>
grasrut	<i>noun</i><br><ol><li>ordinary people</li></ol>
graun	<i>noun</i><br><ol><li>ground; land</li></ol>
gre	<i>adj</i><br><ol><li>grey</li></ol>
grepela	<i>adj</i><br><ol><li>grey</li></ol>
grile	<i>noun</i><br><ol><li>tinea; ringworm</li></ol>
grin	<i>adj</i><br><ol><li>green</li></ol>
grinpela	<i>adj</i><br><ol><li>green</li></ol>
grinpela ti	<i>noun</i><br><ol><li>green tea</li></ol>
gris	<i>noun</i><br><ol><li>lipid (oil, fat, grease, etc)</li><li>flattery</li></ol>
gris mani	<i>noun</i><br><ol><li>bribe</li></ol>
grisim|grisim trans.	<i>verb</i><br><ol><li>to grease</li><li>to flatter</li></ol>
grisman	<i>noun</i><br><ol><li>flatterer; conman</li></ol>
gude	<i>intj</i><br><ol><li>hello</li></ol>
gumi	<i>noun</i><br><ol><li>rubber</li><li>condom</li></ol>
guria	<i>noun</i><br><ol><li>an earthquake.</li></ol><br><i>verb</i><br><ol><li>(intransitive) to shake, tremble, or quiver.</li><li>(intransitive) to be nervous.</li></ol>
gut	<i>adv</i><br><ol><li>well</li></ol>
gutbai	<i>intj</i><br><ol><li>goodbye</li></ol>
gutnem	<i>noun</i><br><ol><li>reputation</li></ol>
gutpela	<i>adj</i><br><ol><li>good</li></ol>
hai	<i>intj</i><br><ol><li>hello</li></ol>
haiskul	<i>noun</i><br><ol><li>high school; secondary school</li></ol>
hait	<i>verb</i><br><ol><li>to hide</li></ol><br><i>adj</i><br><ol><li>hidden</li></ol>
haiwara	<i>noun</i><br><ol><li>high tide; high water</li></ol>
hama	<i>noun</i><br><ol><li>hammer</li></ol>
hamas	<i>pron</i><br><ol><li>how much, how many</li></ol>
han	<i>noun</i><br><ol><li>hand</li><li>arm</li><li>foreleg (of an animal)</li><li>wing (of a bird)</li><li>branch (of a tree)</li><li>branch (figurative)</li></ol>
handel bilong dua	<i>noun</i><br><ol><li>doorknob</li></ol>
handet	<i>num</i><br><ol><li>hundred</li></ol>
hangre	<i>adj</i><br><ol><li>hungry</li><li>weak, starved</li></ol>
hani	<i>noun</i><br><ol><li>honey</li></ol>
hankisip	<i>noun</i><br><ol><li>handkerchief</li></ol>
hanpaus	<i>noun</i><br><ol><li>wallet</li></ol>
hanrait	<i>noun</i><br><ol><li>handwriting</li></ol>
hanwara|han wara	<i>noun</i><br><ol><li>tributary of a river; side stream</li></ol>
hanwas	<i>noun</i><br><ol><li>wristwatch</li></ol>
hap	<i>noun</i><br><ol><li>half</li><li>part</li><li>place, one of a few places</li></ol><br><i>adv</i><br><ol><li>there</li></ol>
hap bel	<i>noun</i><br><ol><li>navel</li></ol>
hap ret	<i>adj</i><br><ol><li>purple</li></ol>
hap sankamap	<i>noun</i><br><ol><li>east</li></ol>
hapailan	<i>noun</i><br><ol><li>peninsula</li></ol>
hapap	<i>noun</i><br><ol><li>hoe</li></ol>
hapkas	<i>noun</i><br><ol><li>mixed race; mixed ancestry</li></ol>
harim|harim trans.	<i>verb</i><br><ol><li>hear; listen</li></ol>
hat	<i>noun</i><br><ol><li>hat</li></ol><br><i>adv</i><br><ol><li>hard</li></ol>
hatwok	<i>verb</i><br><ol><li>To work hard; to do labor; to struggle</li></ol><br><i>noun</i><br><ol><li>difficulty</li></ol>
haus	<i>noun</i><br><ol><li>house</li><li>building</li></ol>
haus buk	<i>noun</i><br><ol><li>library</li></ol>
haus dok sik	<i>noun</i><br><ol><li>veterinary hospital</li></ol>
haus kaikai	<i>noun</i><br><ol><li>restaurant</li></ol>
haus karai|haus krai	<i>noun</i><br><ol><li>place of mourning</li></ol>
haus kot	<i>noun</i><br><ol><li>a courthouse</li></ol>
haus kuk	<i>noun</i><br><ol><li>kitchen</li></ol>
haus lotu	<i>noun</i><br><ol><li>church building</li></ol>
haus meri	<i>noun</i><br><ol><li>female domestic servant</li></ol>
haus moni	<i>noun</i><br><ol><li>bank</li></ol>
haus sik	<i>noun</i><br><ol><li>hospital</li></ol>
haus tambaran	<i>noun</i><br><ol><li>ancestor worship house</li></ol>
hausboi	<i>noun</i><br><ol><li>male domestic servant</li></ol>
hausmeri	<i>noun</i><br><ol><li>female domestic servant</li></ol>
helikopta	<i>noun</i><br><ol><li>helicopter</li></ol>
helpim|helpim trans.|halivim trans.|halivim	<i>verb</i><br><ol><li>single</li></ol>
helt	<i>noun</i><br><ol><li>health</li></ol>
het	<i>noun</i><br><ol><li>(anatomy) head</li></ol>
hetkota	<i>noun</i><br><ol><li>headquarter</li></ol>
hetman	<i>noun</i><br><ol><li>chief; leader</li></ol>
hetpilo	<i>noun</i><br><ol><li>pillow</li></ol>
heven	<i>noun</i><br><ol><li>heaven</li></ol>
hevi	<i>noun</i><br><ol><li>weight</li><li>problem</li></ol><br><i>adj</i><br><ol><li>heavy</li></ol>
hevipela	<i>adj</i><br><ol><li>heavy</li></ol>
hia	<i>pron</i><br><ol><li>here; this place</li></ol>
hinsis	<i>noun</i><br><ol><li>hinge</li></ol>
holi	<i>adj</i><br><ol><li>holy</li></ol>
holide	<i>noun</i><br><ol><li>holiday</li></ol>
holim|holim trans.	<i>verb</i><br><ol><li>stop</li></ol>
hombru	<i>noun</i><br><ol><li>illegally distilled liquor</li></ol>
hos	<i>noun</i><br><ol><li>horse</li></ol>
hotel	<i>noun</i><br><ol><li>hotel</li></ol>
hotpela	<i>adj</i><br><ol><li>hot</li></ol>
huk|transitive hukim|huk intrans.	<i>noun</i><br><ol><li>a hook, especially a fish hook.</li></ol><br><i>verb</i><br><ol><li>(intransitive) to fish.</li></ol>
hukim|hukim trans.|intransitive huk	<i>verb</i><br><ol><li>catch</li></ol>
hul	<i>noun</i><br><ol><li>hole</li><li>(vulgar) vagina</li></ol>
husat	<i>pron</i><br><ol><li>(interrogative) who, whom</li></ol>
i	<i>particle</i><br><ol><li>Separates the subject of a sentence from the predicate, used when the subject is a pronoun, or a noun</li></ol>
i stap	<i>verb</i><br><ol><li>(auxiliary) Denotes the progressive mood of a verb.</li></ol>
ia	<i>noun</i><br><ol><li>(anatomy) ear</li></ol>
iapas	<i>adj</i><br><ol><li>deaf</li></ol>
igat	<i>abbrev</i><br><ol><li>Contraction of i gat: has</li></ol>
ika	<i>verb</i><br><ol><li>to bind</li></ol>
ikaikai	<i>abbrev</i><br><ol><li>Contraction of i kaikai: eats</li></ol>
ikonomi	<i>noun</i><br><ol><li>economy</li></ol>
ikonomik	<i>adj</i><br><ol><li>economic</li></ol>
ikwal	<i>adj</i><br><ol><li>equal</li></ol>
ikwipmen	<i>noun</i><br><ol><li>equipment</li></ol>
ileksen	<i>noun</i><br><ol><li>election</li></ol>
ilektrisen	<i>noun</i><br><ol><li>electrician</li></ol>
imegensi	<i>noun</i><br><ol><li>emergency</li></ol>
imigresen	<i>noun</i><br><ol><li>immigration; emigration</li></ol>
implimentesen	<i>noun</i><br><ol><li>implementation</li></ol>
inap	<i>adj</i><br><ol><li>enough</li></ol><br><i>adv</i><br><ol><li>enough</li></ol><br><i>prep</i><br><ol><li>until</li></ol>
indijines	<i>adj</i><br><ol><li>indigenous</li></ol>
infeksen	<i>noun</i><br><ol><li>infection</li></ol>
infomesen	<i>noun</i><br><ol><li>information</li></ol>
ing	<i>noun</i><br><ol><li>ink</li></ol>
inglis	<i>adj</i><br><ol><li>British</li></ol><br><i>noun</i><br><ol><li>a British person</li></ol>
insait	<i>adj</i><br><ol><li>inside</li></ol>
intaviu	<i>noun</i><br><ol><li>interview</li></ol>
intenesenel	<i>adj</i><br><ol><li>international</li></ol>
is	<i>noun</i><br><ol><li>East</li></ol>
isave	<i>abbrev</i><br><ol><li>Contraction of i save: knows</li></ol>
isipasin	<i>noun</i><br><ol><li>gentleness; mildness; calmness</li></ol>
istap	<i>abbrev</i><br><ol><li>Contraction of i stap: is</li></ol>
istat	<i>abbrev</i><br><ol><li>Contraction of i stat: began</li></ol>
ivning	<i>noun</i><br><ol><li>evening; afternoon</li></ol>
iwokebaut	<i>abbrev</i><br><ol><li>Contraction of i wokebaut: walks</li></ol>
jas	<i>noun</i><br><ol><li>judge</li></ol>
jastis	<i>noun</i><br><ol><li>justice</li></ol>
jenerel	<i>noun</i><br><ol><li>(military) general</li></ol>
jenereta	<i>noun</i><br><ol><li>generator</li></ol>
jip	<i>noun</i><br><ol><li>jeep</li></ol>
jus	<i>noun</i><br><ol><li>juice</li></ol>
ka	<i>noun</i><br><ol><li>car</li></ol>
kabis	<i>noun</i><br><ol><li>cabbage</li></ol>
kago	<i>noun</i><br><ol><li>cargo; Western material goods</li></ol>
kai	<i>verb</i><br><ol><li>(transitive) to eat (consume)</li></ol><br><i>noun</i><br><ol><li>food</li></ol>
kaikai|transitive kaikaim|kaikai intrans.	<i>noun</i><br><ol><li>food</li></ol><br><i>verb</i><br><ol><li>eat</li></ol>
kaikaim|intransitive kaikai|kaikaim trans.	<i>verb</i><br><ol><li>bite</li></ol>
kain	<i>noun</i><br><ol><li>kind; type</li></ol>
kain kain	<i>adj</i><br><ol><li>all kinds of; every</li></ol>
kais	<i>noun</i><br><ol><li>(anatomy) left hand</li></ol>
kakalak	<i>noun</i><br><ol><li>cockroach</li></ol>
kakang	<i>noun</i><br><ol><li>barbed wire</li></ol>
kakao	<i>noun</i><br><ol><li>cocoa</li></ol>
kakaruk	<i>noun</i><br><ol><li>chicken</li></ol>
kala	<i>noun</i><br><ol><li>color</li></ol>
kalabus	<i>noun</i><br><ol><li>prison, jail</li><li>a convict or prisoner</li></ol>
kalabusim	<i>verb</i><br><ol><li>lock up, imprison, arrest</li></ol>
kalakala	<i>adj</i><br><ol><li>multicolored</li></ol>
kalaki	<i>noun</i><br><ol><li>scorpion</li></ol>
kalenda	<i>noun</i><br><ol><li>calendar</li></ol>
kalia	<i>noun</i><br><ol><li>ginger (Zingiber officinale)</li></ol>
kalsa	<i>noun</i><br><ol><li>culture</li></ol>
kam	<i>noun</i><br><ol><li>come</li></ol>
kamap|kamap intrans.|transitive kamapim	<i>verb</i><br><ol><li>to arise</li><li>to appear; to come into being</li><li>to be born</li><li>to become</li></ol>
kamapim|kamapim trans.|intransitive kamap	<i>verb</i><br><ol><li>raise</li></ol>
kambang	<i>noun</i><br><ol><li>lime (for chewing with betelnut)</li></ol>
kamera	<i>noun</i><br><ol><li>camera</li></ol>
kamnda	<i>noun</i><br><ol><li>carpenter</li></ol>
kampani	<i>noun</i><br><ol><li>company</li></ol>
kan	<i>noun</i><br><ol><li>(vulgar) cunt (female genitalia)</li><li>(vulgar) cunt (term of abuse)</li></ol>
kanai	<i>noun</i><br><ol><li>gull</li></ol>
kanaka	<i>noun</i><br><ol><li>aborigine; native; tribesman</li></ol>
kandel	<i>noun</i><br><ol><li>candle</li></ol>
kango	<i>noun</i><br><ol><li>watercress</li></ol>
kanilian	<i>noun</i><br><ol><li>carnelian</li></ol>
kansol	<i>noun</i><br><ol><li>mayor</li></ol>
kantri	<i>noun</i><br><ol><li>country; nation; land</li></ol>
kanu	<i>noun</i><br><ol><li>canoe</li></ol>
kap	<i>noun</i><br><ol><li>cup</li></ol>
kapa	<i>noun</i><br><ol><li>(anatomy) fingernail, toenail</li></ol>
kapiak	<i>noun</i><br><ol><li>breadfruit</li></ol>
kapul	<i>noun</i><br><ol><li>possum, tree wallaby</li></ol>
kar	<i>noun</i><br><ol><li>car</li></ol>
karai	<i>verb</i><br><ol><li>To cry</li><li>To mourn</li></ol>
karakum	<i>noun</i><br><ol><li>large red ants</li></ol>
karamapim|karamapim trans.	<i>verb</i><br><ol><li>To cover; to cover up</li><li>To swarm over; to cover over</li></ol>
karapai	<i>noun</i><br><ol><li>a type of wild corn</li></ol>
karim|karim trans.	<i>verb</i><br><ol><li>carry (of animate or inanimate things)</li></ol>
kasang	<i>noun</i><br><ol><li>Peanut.</li></ol>
kastans	<i>noun</i><br><ol><li>customs</li></ol>
kastom	<i>noun</i><br><ol><li>kastom; traditional practices, especially as done by the bus kanaka</li></ol>
katapel	<i>noun</i><br><ol><li>slingshot</li></ol>
katekis	<i>noun</i><br><ol><li>catechist</li></ol>
katen	<i>noun</i><br><ol><li>box, carton</li></ol>
katolik	<i>noun</i><br><ol><li>Alternative letter-case form of Katolik</li></ol><br><i>adj</i><br><ol><li>Alternative letter-case form of Katolik</li></ol>
katres	<i>noun</i><br><ol><li>bullet</li></ol>
kau	<i>noun</i><br><ol><li>cow</li></ol>
kaukau	<i>noun</i><br><ol><li>potato or sweet potato</li></ol>
kaunsela	<i>noun</i><br><ol><li>counselor</li></ol>
kaunsil	<i>noun</i><br><ol><li>council</li></ol>
kaving	<i>noun</i><br><ol><li>carving</li></ol>
kawawar	<i>noun</i><br><ol><li>ginger</li></ol>
kebin	<i>noun</i><br><ol><li>cabin (of a boat)</li></ol>
kek	<i>noun</i><br><ol><li>cake</li></ol>
kela	<i>adj</i><br><ol><li>bald; bare</li></ol>
kempen	<i>noun</i><br><ol><li>campaign</li></ol>
ken	<i>verb</i><br><ol><li>(auxiliary) to be able to</li><li>(auxiliary) to may, to be allowed</li><li>(auxiliary) Expresses a wish.; may...</li></ol>
kendidet	<i>noun</i><br><ol><li>candidate (of an election)</li></ol>
kensa	<i>noun</i><br><ol><li>cancer</li></ol>
kepten	<i>noun</i><br><ol><li>captain</li></ol>
kerasin	<i>noun</i><br><ol><li>kerosene</li></ol>
kes	<i>noun</i><br><ol><li>case; box; carton</li></ol>
ki	<i>noun</i><br><ol><li>key</li></ol>
kiap	<i>noun</i><br><ol><li>(archaic) A historical roving colonial administrator in Papua New Guinea.</li></ol>
kiau	<i>noun</i><br><ol><li>(anatomy) testicle</li><li>egg</li></ol>
kidni	<i>noun</i><br><ol><li>(anatomy) kidney</li></ol>
kikbal	<i>noun</i><br><ol><li>soccer.</li></ol>
kikbek	<i>noun</i><br><ol><li>bribe</li></ol>
kilikili	<i>noun</i><br><ol><li>little finger</li></ol>
kilim|kilim trans.	<i>verb</i><br><ol><li>hit</li></ol>
kilman	<i>noun</i><br><ol><li>murderer</li></ol>
kilok|klok	<i>noun</i><br><ol><li>clock</li></ol>
kilomita	<i>noun</i><br><ol><li>kilometer</li></ol>
kina	<i>noun</i><br><ol><li>kina</li><li>a kind of seashell</li></ol>
kindam	<i>noun</i><br><ol><li>crayfish</li></ol>
king	<i>noun</i><br><ol><li>king</li></ol>
kirap	<i>verb</i><br><ol><li>get up, arise, awake</li><li>start, begin</li></ol>
kirapim|kirapim trans.	<i>verb</i><br><ol><li>to wake (transitive)</li></ol>
kis	<i>noun</i><br><ol><li>kiss</li></ol>
kisim|kisim trans.	<i>verb</i><br><ol><li>to get</li><li>to take</li><li>to understand, (in particular) to speak a language</li></ol>
kit	<i>noun</i><br><ol><li>putty</li></ol>
kitsen	<i>noun</i><br><ol><li>kitchen</li></ol>
klambu	<i>noun</i><br><ol><li>mosquito net</li></ol>
klap	<i>noun</i><br><ol><li>Club (association).</li><li>Clubs (card suit, ♣).</li></ol>
klaut	<i>noun</i><br><ol><li>cloud</li></ol>
klaut pairap	<i>noun</i><br><ol><li>thunder</li></ol>
klin	<i>adj</i><br><ol><li>clean</li></ol>
klinik	<i>noun</i><br><ol><li>clinic</li></ol>
klinim|klinim trans.	<i>verb</i><br><ol><li>clean</li></ol>
klos	<i>noun</i><br><ol><li>clothing</li></ol>
klos meri	<i>noun</i><br><ol><li>dress</li></ol>
klostu	<i>adj</i><br><ol><li>near</li></ol>
koala	<i>noun</i><br><ol><li>bandicoot</li></ol>
kod	<i>noun</i><br><ol><li>cord</li></ol>
kofi	<i>noun</i><br><ol><li>coffee</li></ol>
kok	<i>noun</i><br><ol><li>(vulgar, anatomy) penis, dick, cock.</li></ol>
koki	<i>noun</i><br><ol><li>cockatoo</li></ol>
kokomo	<i>noun</i><br><ol><li>hornbill</li></ol>
kokonas|kokonat	<i>noun</i><br><ol><li>coconut palm</li></ol>
kokoros	<i>noun</i><br><ol><li>cockroach</li></ol>
kol	<i>adj</i><br><ol><li>cold</li><li>called</li></ol>
kolim|kolim trans.	<i>verb</i><br><ol><li>To name</li></ol>
koloni	<i>noun</i><br><ol><li>colony</li></ol>
koloniel	<i>adj</i><br><ol><li>colonial</li></ol>
kolpela	<i>adj</i><br><ol><li>cold</li></ol>
kolsiot	<i>noun</i><br><ol><li>warm clothing such as jersey</li></ol>
kolta	<i>noun</i><br><ol><li>tar, creosote</li></ol>
kolwara	<i>noun</i><br><ol><li>Fresh water.</li></ol>
kolwin	<i>noun</i><br><ol><li>bush wind; cool wind that blows at night</li></ol>
kom	<i>noun</i><br><ol><li>comb</li><li>horn of an animal</li></ol>
komes	<i>noun</i><br><ol><li>commerce</li></ol>
komisin	<i>noun</i><br><ol><li>commission</li></ol>
komisina	<i>noun</i><br><ol><li>commissioner</li></ol>
komiti	<i>noun</i><br><ol><li>committee member</li></ol>
komplen	<i>noun</i><br><ol><li>complaint</li></ol>
kompyuta	<i>noun</i><br><ol><li>computer</li></ol>
komunikesen	<i>noun</i><br><ol><li>communication</li></ol>
komyuniti	<i>noun</i><br><ol><li>community</li></ol>
kon	<i>noun</i><br><ol><li>corn</li></ol>
kona	<i>noun</i><br><ol><li>corner</li></ol>
kondom	<i>noun</i><br><ol><li>condom</li></ol>
konfrens	<i>noun</i><br><ol><li>conference</li></ol>
kongrigesen	<i>noun</i><br><ol><li>congregation</li></ol>
konim	<i>verb</i><br><ol><li>to comb something</li></ol>
konsen	<i>noun</i><br><ol><li>concern</li></ol>
kontena	<i>noun</i><br><ol><li>container</li></ol>
kontrak	<i>noun</i><br><ol><li>contract</li></ol>
kontribusen	<i>noun</i><br><ol><li>contribution</li></ol>
kontrolim	<i>verb</i><br><ol><li>to control</li></ol>
konvensen	<i>noun</i><br><ol><li>convention</li></ol>
kopi	<i>noun</i><br><ol><li>coffee (plant)</li><li>coffee (beverage)</li></ol>
koroba	<i>noun</i><br><ol><li>crowbar</li></ol>
kos	<i>noun</i><br><ol><li>cost</li><li>cause</li></ol>
kostim|kostim trans.	<i>verb</i><br><ol><li>to cost</li></ol>
kot	<i>noun</i><br><ol><li>court (of Justice)</li></ol>
kotim	<i>verb</i><br><ol><li>to sue</li></ol>
kotkot	<i>noun</i><br><ol><li>crow</li></ol>
krai	<i>verb</i><br><ol><li>To cry</li><li>To mourn</li></ol>
kredit kad	<i>noun</i><br><ol><li>credit card</li></ol>
krietiv	<i>adj</i><br><ol><li>creative</li></ol>
kros	<i>adj</i><br><ol><li>angry, cross, infuriated</li></ol><br><i>noun</i><br><ol><li>quarrel, anger</li><li>crucifix, cross</li></ol><br><i>verb</i><br><ol><li>to be angry</li></ol>
kru	<i>noun</i><br><ol><li>(anatomy) brain</li><li>fungus</li></ol>
krum	<i>adj</i><br><ol><li>bent; crooked; incorrect</li></ol>
krungut	<i>adj</i><br><ol><li>crooked; twisted</li></ol>
krungutim	<i>verb</i><br><ol><li>to crush; to squeeze; to bend</li></ol>
krusefiks	<i>noun</i><br><ol><li>crucifix</li></ol>
kuk	<i>noun</i><br><ol><li>cook</li></ol>
kuka	<i>noun</i><br><ol><li>crab</li></ol>
kukamba	<i>noun</i><br><ol><li>cucumber</li></ol>
kukurai	<i>noun</i><br><ol><li>chief</li></ol>
kulau	<i>noun</i><br><ol><li>a young, green coconut</li></ol>
kumu	<i>noun</i><br><ol><li>vegetable</li></ol>
kumul	<i>noun</i><br><ol><li>bird of paradise</li></ol>
kumurere	<i>noun</i><br><ol><li>eucalyptus</li></ol>
kundar	<i>noun</i><br><ol><li>altar boy</li></ol>
kundu	<i>noun</i><br><ol><li>hand drum</li></ol>
kurita	<i>noun</i><br><ol><li>octopus</li></ol>
kusai	<i>adj</i><br><ol><li>sneaky; cunning</li></ol>
kusaiman	<i>noun</i><br><ol><li>liar; joker</li></ol>
kuskus	<i>noun</i><br><ol><li>clerk</li></ol>
kwaia	<i>noun</i><br><ol><li>choir</li></ol>
kwesten	<i>noun</i><br><ol><li>question</li></ol>
kwik	<i>adj</i><br><ol><li>quick</li></ol>
kwila	<i>noun</i><br><ol><li>ironwood tree</li></ol>
kwin	<i>noun</i><br><ol><li>queen</li></ol>
lagun	<i>noun</i><br><ol><li>lagoon</li></ol>
laibri	<i>noun</i><br><ol><li>library</li></ol>
laik	<i>noun</i><br><ol><li>wish, desire</li></ol><br><i>verb</i><br><ol><li>An auxiliary verb which indicates the immediate future tense.</li><li>(infinitive) To be willing.</li><li>To like.</li><li>To want.</li></ol>
laikim	<i>verb</i><br><ol><li>to like</li></ol>
lain	<i>noun</i><br><ol><li>line; row; queue</li><li>group; family; clan; tribe; cohort</li></ol>
lain komiti	<i>noun</i><br><ol><li>committee</li></ol>
laip	<i>noun</i><br><ol><li>life</li></ol>
laipstok	<i>noun</i><br><ol><li>livestock</li></ol>
laipstori	<i>noun</i><br><ol><li>life story</li></ol>
laisens	<i>noun</i><br><ol><li>license</li></ol>
lait	<i>noun</i><br><ol><li>light</li></ol><br><i>adj</i><br><ol><li>bright</li></ol>
lait bilong klaut	<i>noun</i><br><ol><li>lightning</li></ol>
lait bilong paia	<i>noun</i><br><ol><li>flame</li></ol>
lam	<i>noun</i><br><ol><li>lamp</li></ol>
lang	<i>noun</i><br><ol><li>A fly (insect).</li></ol>
lansang	<i>noun</i><br><ol><li>langsat (fruit of the tree Lansium domesticum)</li></ol>
lap	<i>noun</i><br><ol><li>laughter</li></ol><br><i>verb</i><br><ol><li>to laugh</li></ol>
laplap	<i>noun</i><br><ol><li>clothing</li></ol>
lapun	<i>adj</i><br><ol><li>old</li></ol>
larim|larim trans.	<i>verb</i><br><ol><li>To allow; to let</li></ol>
las toktok	<i>noun</i><br><ol><li>farewell speech</li></ol>
lata	<i>noun</i><br><ol><li>ladder; step stairs</li></ol>
laus	<i>noun</i><br><ol><li>any external parasitic insect; flea; louse.</li></ol>
lav	<i>noun</i><br><ol><li>love</li></ol>
lavim	<i>verb</i><br><ol><li>to love</li></ol>
lawa	<i>noun</i><br><ol><li>spider</li></ol>
leiti	<i>noun</i><br><ol><li>laity</li></ol>
lek	<i>noun</i><br><ol><li>leg, foot</li><li>footprint</li><li>hindleg (of an animal)</li></ol>
lepa	<i>noun</i><br><ol><li>leper</li></ol>
lephan	<i>adv</i><br><ol><li>left</li></ol>
les	<i>adj</i><br><ol><li>lazy</li><li>tired, fed up</li></ol><br><i>verb</i><br><ol><li>be lazy</li><li>be tired, be fed up</li></ol>
leson	<i>noun</i><br><ol><li>lesson</li></ol>
let	<i>noun</i><br><ol><li>leather</li><li>strap (of leather)</li><li>belt</li></ol>
lida	<i>noun</i><br><ol><li>leader</li></ol>
lidasip	<i>noun</i><br><ol><li>leadership</li></ol>
lik	<i>noun</i><br><ol><li>leak</li></ol>
liklik	<i>noun</i><br><ol><li>A small quantity.</li></ol><br><i>adj</i><br><ol><li>Small, little.</li></ol><br><i>adv</i><br><ol><li>Slightly, to a small degree.</li></ol>
liklik haus	<i>noun</i><br><ol><li>toilet</li></ol>
limba	<i>noun</i><br><ol><li>valley</li></ol>
limlimbur|limlimbur intrans.	<i>verb</i><br><ol><li>to walk; to stroll</li></ol>
lip	<i>noun</i><br><ol><li>leaf</li></ol>
liptimapim|liptimapim trans.	<i>verb</i><br><ol><li>lift</li></ol>
lista	<i>noun</i><br><ol><li>list</li><li>table of contents</li></ol>
liteji	<i>noun</i><br><ol><li>liturgy</li></ol>
liv	<i>noun</i><br><ol><li>leave; vacation</li></ol>
liva|lewa	<i>noun</i><br><ol><li>(anatomy) liver</li><li>the mind, used in context of memory and also conscience</li></ol>
lo	<i>noun</i><br><ol><li>law</li></ol>
lok	<i>noun</i><br><ol><li>lock</li></ol>
lokol	<i>adj</i><br><ol><li>local</li></ol>
loli	<i>noun</i><br><ol><li>candy</li></ol>
loliwara	<i>noun</i><br><ol><li>soft drink</li></ol>
loman	<i>noun</i><br><ol><li>lawyer</li></ol>
lombo	<i>noun</i><br><ol><li>chile</li></ol>
long	<i>prep</i><br><ol><li>Used to mark spatial direct objects that something is oriented in the manner of, where English would use to, toward, into, or onto</li><li>Used to mark spatial direct objects that something is oriented in the location of, where English would use in, at, on, or near</li><li>Used to mark indirect objects, or direct objects of intransitive verbs, where English would use to</li><li>Used to mark spatial direct objects that something is oriented in the manner opposite of, extracted from, or away from, where English would use from or out of</li><li>Used to mark temporal direct objects in which a condition lasts for a certain duration of time, where English would use for</li><li>Used to mark a verb whose subject is the direct object of another verb, where English would use to or from</li></ol>
long wanem	<i>conj</i><br><ol><li>because</li><li>Used other than figuratively or idiomatically: see long, wanem.</li></ol>
longpela nek	<i>noun</i><br><ol><li>heron</li></ol>
lotu	<i>noun</i><br><ol><li>church</li><li>religion</li></ol>
lotuim	<i>verb</i><br><ol><li>(transitive) worship</li></ol>
loya	<i>noun</i><br><ol><li>lawyer</li></ol>
luk|luk intrans.|transitive lukim	<i>verb</i><br><ol><li>look</li></ol>
luk olsem	<i>verb</i><br><ol><li>look like, resemble</li></ol>
lukaut|transitive lukautim|lukaut intrans.	<i>intj</i><br><ol><li>look out</li></ol><br><i>verb</i><br><ol><li>to look out for</li></ol>
lukautim|intransitive lukaut|lukautim trans.	<i>verb</i><br><ol><li>To look after</li></ol>
lukim|intransitive luk|lukim trans.	<i>verb</i><br><ol><li>to see; look at</li></ol>
lukim yu bihain	<i>phrase</i><br><ol><li>see you later.</li></ol>
lukim yu bihain pukpuk	<i>phrase</i><br><ol><li>see you later alligator.</li></ol>
lukluk	<i>noun</i><br><ol><li>look</li></ol>
luksave	<i>verb</i><br><ol><li>realize</li></ol>
luluai	<i>noun</i><br><ol><li>village or tribal chief under colonial rule</li></ol>
lusim|lusim trans.	<i>verb</i><br><ol><li>lose</li><li>leave</li><li>liberate</li></ol>
lutong	<i>noun</i><br><ol><li>black monkey</li><li>monkey</li></ol>
mabol	<i>noun</i><br><ol><li>marble</li></ol>
magani	<i>noun</i><br><ol><li>wallaby</li></ol>
mail	<i>noun</i><br><ol><li>mile</li></ol>
maimai	<i>noun</i><br><ol><li>clan chief from New Ireland</li></ol>
main	<i>noun</i><br><ol><li>play</li></ol>
maisel	<i>noun</i><br><ol><li>chisel</li></ol>
mak	<i>noun</i><br><ol><li>(obsolete) shilling</li><li>sign, brand, mark, symbol</li></ol><br><i>verb</i><br><ol><li>to mark</li></ol>
makau	<i>noun</i><br><ol><li>tilapia</li></ol>
maket	<i>noun</i><br><ol><li>market</li></ol>
makimasta	<i>noun</i><br><ol><li>personal servant</li></ol>
malagan	<i>noun</i><br><ol><li>New Ireland memorial celebration and carving</li></ol>
malaria	<i>noun</i><br><ol><li>malaria</li></ol>
malolo	<i>noun</i><br><ol><li>rest</li></ol><br><i>verb</i><br><ol><li>To rest</li></ol>
maltikalsarel	<i>adj</i><br><ol><li>multicultural</li></ol>
malumalu|malomalo	<i>adj</i><br><ol><li>soft</li></ol>
mama	<i>noun</i><br><ol><li>mother</li></ol>
mambu	<i>noun</i><br><ol><li>pipe</li><li>bamboo</li><li>wind instrument</li></ol>
mambu bilong blut	<i>noun</i><br><ol><li>(anatomy) blood vessel (artery or vein)</li></ol>
mambu bilong nek	<i>noun</i><br><ol><li>(anatomy) trachea; windpipe</li><li>(anatomy) oesophagus; gullet</li></ol>
mami	<i>noun</i><br><ol><li>type of yam</li></ol>
man	<i>noun</i><br><ol><li>man (adult male human)</li></ol><br><i>adj</i><br><ol><li>male</li></ol>
man bilong lotu	<i>noun</i><br><ol><li>churchman; priest</li></ol>
manambus	<i>noun</i><br><ol><li>savage, primitive</li></ol>
mandato	<i>noun</i><br><ol><li>commandment</li></ol>
mani	<i>noun</i><br><ol><li>money</li></ol>
maniman	<i>noun</i><br><ol><li>rich person</li></ol>
manki|mangi	<i>noun</i><br><ol><li>boy, youth</li></ol>
manmeri	<i>noun</i><br><ol><li>People</li></ol>
manua	<i>noun</i><br><ol><li>warship</li></ol>
marasin	<i>noun</i><br><ol><li>medicine</li></ol>
marimari|marimari intrans.	<i>noun</i><br><ol><li>compassion, mercy</li></ol><br><i>adj</i><br><ol><li>compassionate, merciful</li></ol><br><i>verb</i><br><ol><li>(with long + object) to be compassionate, have mercy</li></ol>
marit	<i>noun</i><br><ol><li>marriage</li></ol><br><i>verb</i><br><ol><li>get married, be married</li></ol>
mas	<i>verb</i><br><ol><li>must</li></ol>
masalai	<i>noun</i><br><ol><li>good or bad spirit that is thought to live in parts of the natural world</li></ol>
masin	<i>noun</i><br><ol><li>machine; engine</li></ol>
masis	<i>noun</i><br><ol><li>match (fire-starter)</li></ol>
masket	<i>noun</i><br><ol><li>gun</li></ol>
maski	<i>intj</i><br><ol><li>it doesn't matter; don't worry about it; no worries</li></ol>
masta	<i>noun</i><br><ol><li>mister</li><li>employer</li></ol>
masta kot	<i>noun</i><br><ol><li>lawyer</li></ol>
mat	<i>noun</i><br><ol><li>sitting or sleeping mat</li></ol>
matmat	<i>noun</i><br><ol><li>cemetery</li></ol>
mau	<i>adj</i><br><ol><li>ripe.</li></ol>
maus	<i>noun</i><br><ol><li>(anatomy) mouth</li></ol>
maus gras	<i>noun</i><br><ol><li>moustache</li></ol>
medikel	<i>adj</i><br><ol><li>medical</li></ol>
megesin	<i>noun</i><br><ol><li>magazine</li></ol>
mekanik	<i>noun</i><br><ol><li>mechanic</li></ol>
mekim|mekim trans.|makim	<i>verb</i><br><ol><li>To make; to create</li><li>To do</li></ol>
mekpas	<i>noun</i><br><ol><li>bundle</li><li>parcel</li></ol>
melek	<i>noun</i><br><ol><li>(coconut) milk</li><li>semen</li></ol>
melen	<i>noun</i><br><ol><li>melon</li></ol>
meme	<i>noun</i><br><ol><li>goat</li></ol>
memori	<i>noun</i><br><ol><li>memory</li></ol>
menesa	<i>noun</i><br><ol><li>manager</li></ol>
menesmen	<i>noun</i><br><ol><li>management</li></ol>
menyu	<i>noun</i><br><ol><li>menu</li></ol>
meri	<i>noun</i><br><ol><li>woman</li><li>wife</li></ol><br><i>adj</i><br><ol><li>female</li></ol>
mesej	<i>noun</i><br><ol><li>message</li></ol>
meya	<i>noun</i><br><ol><li>mayor</li></ol>
mi	<i>pron</i><br><ol><li>I, me. First person pronoun; refers to the person speaking.</li></ol>
midia	<i>noun</i><br><ol><li>media</li></ol>
milien	<i>num</i><br><ol><li>million</li></ol>
milis	<i>noun</i><br><ol><li>(coconut) milk</li></ol>
mining	<i>noun</i><br><ol><li>meaning</li></ol>
ministri	<i>noun</i><br><ol><li>ministry</li></ol>
minit	<i>noun</i><br><ol><li>minute</li></ol>
mipela	<i>pron</i><br><ol><li>we, us (exclusive, "we but not you"); refers to the speaker and other persons, but does not include the person(s) being spoken to.</li></ol>
misin	<i>noun</i><br><ol><li>mission</li></ol>
misinari	<i>noun</i><br><ol><li>missionary</li></ol>
mit	<i>noun</i><br><ol><li>flesh, meat</li></ol>
mita	<i>noun</i><br><ol><li>meter</li></ol>
mitripela	<i>pron</i><br><ol><li>The first person trial exclusive.</li></ol>
mitupela|mitupela du	<i>pron</i><br><ol><li>us two (dual first person pronoun)</li></ol>
moa	<i>adv</i><br><ol><li>more</li></ol>
mog	<i>noun</i><br><ol><li>morgue</li></ol>
moli|muli	<i>noun</i><br><ol><li>lemon</li></ol>
moliwara|muliwara	<i>noun</i><br><ol><li>lemonade</li></ol>
mon	<i>noun</i><br><ol><li>tree that bears fruit or nuts</li></ol>
moni	<i>noun</i><br><ol><li>money</li><li>currency</li><li>dollar</li></ol>
moning|moningtaim	<i>noun</i><br><ol><li>morning</li></ol>
morol	<i>noun</i><br><ol><li>moral</li></ol>
moskito	<i>noun</i><br><ol><li>mosquito.</li></ol>
moto	<i>noun</i><br><ol><li>motor</li></ol>
mumut	<i>noun</i><br><ol><li>bandicoot</li></ol>
mun	<i>noun</i><br><ol><li>moon</li><li>month</li></ol>
muruk	<i>noun</i><br><ol><li>cassowary</li></ol>
musik	<i>noun</i><br><ol><li>music</li></ol>
musikel	<i>noun</i><br><ol><li>musical</li></ol>
musmus	<i>noun</i><br><ol><li>bedbug (small nocturnal insects)</li></ol>
muvi	<i>noun</i><br><ol><li>movie</li></ol>
na	<i>conj</i><br><ol><li>and</li></ol>
nabaut	<i>adj</i><br><ol><li>filled</li></ol>
nain	<i>num</i><br><ol><li>nine</li></ol>
nainpela	<i>adj</i><br><ol><li>nine</li></ol>
nainti	<i>num</i><br><ol><li>ninety</li></ol>
naintin	<i>num</i><br><ol><li>nineteen</li></ol>
naip	<i>noun</i><br><ol><li>knife</li></ol>
naispela	<i>adj</i><br><ol><li>nice; attractive</li></ol>
nait	<i>noun</i><br><ol><li>night</li></ol>
namba	<i>noun</i><br><ol><li>number</li></ol><br><i>particle</i><br><ol><li>Used to make a cardinal number into an ordinal number</li></ol>
namba wan	<i>adj</i><br><ol><li>best; excellent</li><li>Used other than figuratively or idiomatically: see namba, wan.</li></ol><br><i>noun</i><br><ol><li>The best; a great thing</li></ol>
nambis	<i>noun</i><br><ol><li>beach</li></ol>
namel	<i>noun</i><br><ol><li>middle</li></ol>
nara	<i>adj</i><br><ol><li>another</li></ol>
narakain	<i>adj</i><br><ol><li>different</li></ol>
narapela	<i>adj</i><br><ol><li>another</li></ol>
nating	<i>adj</i><br><ol><li>ordinary</li></ol><br><i>pron</i><br><ol><li>nothing</li></ol>
natnat	<i>noun</i><br><ol><li>mosquito.</li></ol>
nau	<i>adv</i><br><ol><li>now</li></ol>
nek	<i>noun</i><br><ol><li>(anatomy) neck, throat</li></ol>
nektai	<i>noun</i><br><ol><li>necktie</li></ol>
nem	<i>noun</i><br><ol><li>name</li></ol>
nes	<i>noun</i><br><ol><li>nurse</li></ol>
nesen	<i>noun</i><br><ol><li>nation</li></ol>
nesenel	<i>adj</i><br><ol><li>national</li></ol>
nevi	<i>noun</i><br><ol><li>navy</li></ol>
nidel	<i>noun</i><br><ol><li>needle; syringe</li></ol>
nidim|nidim trans.	<i>verb</i><br><ol><li>to need</li></ol>
nil	<i>noun</i><br><ol><li>needle</li><li>thorn</li></ol>
nilpis	<i>noun</i><br><ol><li>scorpionfish</li></ol>
ninik	<i>noun</i><br><ol><li>wasp</li><li>bee</li></ol>
nius	<i>noun</i><br><ol><li>news</li></ol>
niuspepa	<i>noun</i><br><ol><li>newspaper</li></ol>
no	<i>adv</i><br><ol><li>not</li></ol>
nogat	<i>adv</i><br><ol><li>no</li></ol>
nogat samting	<i>intj</i><br><ol><li>you're welcome; no problem</li></ol>
nogut	<i>adj</i><br><ol><li>bad</li></ol><br><i>adv</i><br><ol><li>badly</li></ol>
nois	<i>noun</i><br><ol><li>noise</li></ol>
nominesen	<i>noun</i><br><ol><li>nomination</li></ol>
not	<i>noun</i><br><ol><li>North</li></ol>
nu	<i>adj</i><br><ol><li>new</li><li>fresh</li></ol>
nudal	<i>noun</i><br><ol><li>noodle, noodles</li></ol>
nupela	<i>adj</i><br><ol><li>new</li></ol>
nus	<i>noun</i><br><ol><li>(anatomy) nose</li></ol>
o	<i>conj</i><br><ol><li>or</li></ol>
oda	<i>noun</i><br><ol><li>order</li></ol>
odaim|odaim trans.	<i>verb</i><br><ol><li>to order</li></ol>
ofa	<i>noun</i><br><ol><li>offering; sacrifice</li></ol>
oganaisesen	<i>noun</i><br><ol><li>organization</li></ol>
ol	<i>pron</i><br><ol><li>The third-person plural pronoun (Tok Pisin does not inflect pronouns for cases): they, them.</li></ol><br><i>particle</i><br><ol><li>Indicates plural of the following noun</li></ol>
olde	<i>adv</i><br><ol><li>daily</li></ol>
olgeta	<i>pron</i><br><ol><li>everyone, everybody, all</li></ol><br><i>adj</i><br><ol><li>all, every</li></ol>
oli	<i>abbrev</i><br><ol><li>Contraction of ol + i</li></ol>
olkain	<i>adj</i><br><ol><li>all kinds of</li></ol>
olpela	<i>adj</i><br><ol><li>old</li></ol>
olsem	<i>adv</i><br><ol><li>thus; as</li><li>to (indirect object, in the sense of "similar to")</li></ol><br><i>conj</i><br><ol><li>as</li></ol><br><i>prep</i><br><ol><li>like</li></ol>
olsem na	<i>conj</i><br><ol><li>so that</li><li>and so; and thus</li><li>therefore</li></ol>
oltaim	<i>adv</i><br><ol><li>forever</li></ol>
ona	<i>noun</i><br><ol><li>honor; glory; praise</li></ol>
op	<i>verb</i><br><ol><li>open</li></ol><br><i>adj</i><br><ol><li>open</li></ol>
opereta	<i>noun</i><br><ol><li>operator</li></ol>
opis	<i>noun</i><br><ol><li>office</li></ol>
opisa	<i>noun</i><br><ol><li>officer</li><li>policeman</li></ol>
opisal	<i>noun</i><br><ol><li>official</li></ol>
orait	<i>conj</i><br><ol><li>then (in an if-statement)</li><li>then (afterwards)</li></ol>
otonomi	<i>noun</i><br><ol><li>autonomy</li></ol>
pai	<i>noun</i><br><ol><li>pie</li></ol>
paia	<i>noun</i><br><ol><li>fire; flame</li><li>anger</li><li>lightning</li></ol><br><i>verb</i><br><ol><li>To burn</li></ol>
paiaman	<i>noun</i><br><ol><li>fireman</li><li>person who looks after the fire in a copra drier</li></ol>
paiawut	<i>noun</i><br><ol><li>firewood</li></ol>
pailot	<i>noun</i><br><ol><li>pilot</li></ol>
painap	<i>noun</i><br><ol><li>pineapple</li></ol>
paionia	<i>noun</i><br><ol><li>pioneer</li></ol>
paip	<i>noun</i><br><ol><li>(anatomy) trachea</li><li>pipes such as used in plumbing</li></ol>
pait	<i>adj</i><br><ol><li>bitter</li><li>sharp, spicy</li></ol><br><i>noun</i><br><ol><li>fight, battle, war</li></ol><br><i>verb</i><br><ol><li>to fight</li></ol>
paitim|paitim trans.	<i>verb</i><br><ol><li>(transitive) fight</li><li>(transitive) hit</li><li>(transitive) knock, clap, strum, play the drums</li></ol>
paitman	<i>noun</i><br><ol><li>soldier</li><li>fighter</li><li>army</li></ol>
palai	<i>noun</i><br><ol><li>lizard</li><li>eardrum</li></ol>
palamen	<i>noun</i><br><ol><li>parliament</li></ol>
palpal	<i>noun</i><br><ol><li>coral tree</li></ol>
pam	<i>noun</i><br><ol><li>pump</li><li>(anatomy) heart</li></ol>
pamkin	<i>noun</i><br><ol><li>pumpkin</li></ol>
pamuk	<i>adj</i><br><ol><li>adulterous</li></ol>
pamukmeri	<i>noun</i><br><ol><li>prostitute</li></ol>
pandol	<i>noun</i><br><ol><li>flower sheath of the unopened blossom of the coconut palm</li></ol>
pangal	<i>noun</i><br><ol><li>sago palm frond or stem</li><li>coconut leaves</li></ol>
pani	<i>adj</i><br><ol><li>funny</li></ol>
paniman	<i>noun</i><br><ol><li>clown</li></ol>
papa	<i>noun</i><br><ol><li>father</li></ol>
papai	<i>noun</i><br><ol><li>mushroom</li></ol>
papaia	<i>noun</i><br><ol><li>papaya</li></ol>
papait	<i>noun</i><br><ol><li>love magic</li></ol>
papamama	<i>noun</i><br><ol><li>parents</li></ol>
papi	<i>noun</i><br><ol><li>puppy</li></ol>
par	<i>noun</i><br><ol><li>stingray</li></ol>
parabel	<i>noun</i><br><ol><li>parable</li></ol>
paradais	<i>noun</i><br><ol><li>paradise</li></ol>
pas	<i>noun</i><br><ol><li>pouch</li></ol><br><i>adj</i><br><ol><li>closed; shut; sealed</li></ol>
pasbuk	<i>noun</i><br><ol><li>passbook; bankbook</li></ol>
pasim|pasim trans.	<i>verb</i><br><ol><li>close, shut</li></ol>
pasim maus|pas maus	<i>intj</i><br><ol><li>shut up</li></ol>
pasin	<i>noun</i><br><ol><li>fashion</li><li>manner</li><li>custom</li><li>behavior</li></ol>
pasin birua	<i>noun</i><br><ol><li>hatred</li></ol>
pasindia	<i>noun</i><br><ol><li>passenger</li><li>parasite; bludger</li><li>vagrant</li></ol>
pasis	<i>noun</i><br><ol><li>bay; harbor; passage</li></ol>
paspot	<i>noun</i><br><ol><li>passport</li></ol>
pasto	<i>noun</i><br><ol><li>pastor</li></ol>
pater	<i>noun</i><br><ol><li>priest</li></ol>
pati	<i>noun</i><br><ol><li>party</li><li>political party</li></ol><br><i>verb</i><br><ol><li>to make a party</li></ol>
patna	<i>noun</i><br><ol><li>partner</li></ol>
pato	<i>noun</i><br><ol><li>duck</li></ol>
pauda	<i>noun</i><br><ol><li>gunpowder</li></ol>
paul	<i>adj</i><br><ol><li>confused</li></ol>
paura	<i>noun</i><br><ol><li>powder</li></ol>
pawa	<i>noun</i><br><ol><li>power</li><li>strength</li><li>electricity</li></ol>
pekato	<i>noun</i><br><ol><li>sin</li></ol>
pekpek	<i>noun</i><br><ol><li>feces, excrement</li><li>(only used in buai pekpek) the spit from betelnut, as well as the shells of the nut and rubbish people throw out along with the buai</li></ol><br><i>verb</i><br><ol><li>to defecate</li></ol>
pekpekman	<i>noun</i><br><ol><li>worthless person</li></ol>
pelet	<i>noun</i><br><ol><li>plate</li></ol>
pemasta	<i>noun</i><br><ol><li>paymaster</li></ol>
pemenen	<i>adj</i><br><ol><li>permanent</li></ol>
pen	<i>noun</i><br><ol><li>paint</li><li>pen</li><li>pain</li></ol>
pensil	<i>noun</i><br><ol><li>pencil</li></ol>
pepa	<i>noun</i><br><ol><li>pepper</li><li>paper</li><li>document</li><li>newspaper</li></ol>
pes	<i>noun</i><br><ol><li>(anatomy) face</li></ol>
petisen	<i>noun</i><br><ol><li>petition</li></ol>
petroliam	<i>noun</i><br><ol><li>petroleum</li></ol>
petron	<i>noun</i><br><ol><li>patron</li></ol>
piga	<i>verb</i><br><ol><li>to borrow</li></ol>
pik	<i>noun</i><br><ol><li>pig</li><li>pick, pickaxe</li></ol>
pikbel	<i>noun</i><br><ol><li>(pathology) colitis (caused by eating too much pork)</li></ol>
pikinini	<i>noun</i><br><ol><li>child</li></ol>
pikinini bilong kaikai	<i>noun</i><br><ol><li>seed</li></ol>
pikinini man	<i>noun</i><br><ol><li>boy</li></ol>
piknik	<i>noun</i><br><ol><li>picnic</li></ol>
piksa	<i>noun</i><br><ol><li>picture</li><li>film</li></ol>
pilai	<i>verb</i><br><ol><li>to play</li></ol>
pilaia	<i>noun</i><br><ol><li>player</li></ol>
pilaimanki	<i>noun</i><br><ol><li>person who always fools around</li></ol>
pilim|pilim trans.	<i>verb</i><br><ol><li>to feel</li></ol>
pilo	<i>noun</i><br><ol><li>pillow</li><li>chock</li><li>supporter</li></ol><br><i>verb</i><br><ol><li>to sleep around; to be promiscuous</li></ol>
pinat	<i>noun</i><br><ol><li>Peanut.</li><li>Clubs (card suit, ♣).</li></ol>
pinda	<i>verb</i><br><ol><li>to move</li></ol>
pinga	<i>noun</i><br><ol><li>finger</li></ol>
pinis|transitive pinisim|pinis intrans.	<i>particle</i><br><ol><li>Marks perfect tense</li><li>(rare) Marks passive voice construction</li></ol><br><i>verb</i><br><ol><li>be finished; done with</li></ol>
pinisim|intransitive pinis|pinisim trans.	<i>verb</i><br><ol><li>finish something</li></ol>
pinkpela	<i>adj</i><br><ol><li>pink</li></ol>
pinsas	<i>noun</i><br><ol><li>pinchers</li></ol>
pipel	<i>noun</i><br><ol><li>people</li></ol>
pipia	<i>noun</i><br><ol><li>trash, garbage</li></ol>
pis	<i>noun</i><br><ol><li>fish</li></ol>
pisin	<i>noun</i><br><ol><li>bird</li><li>clan</li><li>any pidgin or creole</li><li>the Tok Pisin language</li></ol>
pislain	<i>noun</i><br><ol><li>fishline</li></ol>
pispis	<i>noun</i><br><ol><li>urine</li></ol>
pitu	<i>noun</i><br><ol><li>door</li></ol>
pius	<i>noun</i><br><ol><li>fuse</li></ol>
piva	<i>noun</i><br><ol><li>fever</li></ol>
plag	<i>noun</i><br><ol><li>flag</li></ol>
plaias	<i>noun</i><br><ol><li>pliers</li></ol>
plais	<i>noun</i><br><ol><li>pliers</li></ol>
plak	<i>noun</i><br><ol><li>flag</li><li>plug; spark plug</li></ol>
plama	<i>noun</i><br><ol><li>plumber</li></ol>
plangis	<i>noun</i><br><ol><li>stone axe</li></ol>
plangk	<i>noun</i><br><ol><li>plank, board</li></ol>
planim|planim trans.	<i>verb</i><br><ol><li>To plant</li></ol>
plantesin	<i>noun</i><br><ol><li>plantation</li></ol>
planti	<i>adj</i><br><ol><li>many, much, a lot of</li></ol><br><i>adv</i><br><ol><li>a lot; muchly</li></ol>
plantihan	<i>noun</i><br><ol><li>centipede</li></ol>
plasta	<i>noun</i><br><ol><li>plaster</li></ol>
plastik	<i>noun</i><br><ol><li>plastic; plastic bag</li></ol>
plau	<i>noun</i><br><ol><li>plough</li></ol>
plaua	<i>noun</i><br><ol><li>flower</li><li>flour</li></ol>
plening	<i>noun</i><br><ol><li>planning</li></ol>
ples	<i>noun</i><br><ol><li>place</li><li>village; town</li><li>region</li></ol>
ples balus	<i>noun</i><br><ol><li>airport</li></ol>
plet	<i>noun</i><br><ol><li>plate; bowl; dish; platter</li></ol>
plis	<i>intj</i><br><ol><li>please</li></ol>
plua	<i>noun</i><br><ol><li>floor</li></ol>
pogiv	<i>noun</i><br><ol><li>forgiveness</li></ol>
poisin	<i>noun</i><br><ol><li>poison</li><li>black magic or sorcery</li><li>spell; charm</li></ol>
poisinman	<i>noun</i><br><ol><li>sorcerer</li></ol>
pok	<i>noun</i><br><ol><li>fork</li></ol>
poket	<i>noun</i><br><ol><li>pocket</li></ol>
poketnaip	<i>noun</i><br><ol><li>pocketknife</li></ol>
poklip	<i>noun</i><br><ol><li>forklift</li></ol>
polis	<i>noun</i><br><ol><li>police</li><li>polish</li></ol>
polis stesin	<i>noun</i><br><ol><li>police station</li></ol>
polisi	<i>noun</i><br><ol><li>policy</li></ol>
polisman	<i>noun</i><br><ol><li>policeman</li></ol>
politikel	<i>adj</i><br><ol><li>political</li></ol>
politisen	<i>noun</i><br><ol><li>politician</li></ol>
pomet	<i>noun</i><br><ol><li>strong smelling disinfectant</li></ol>
pop	<i>noun</i><br><ol><li>Pope</li></ol>
popi	<i>adj</i><br><ol><li>Catholic</li></ol><br><i>noun</i><br><ol><li>a Catholic person</li></ol>
popo	<i>noun</i><br><ol><li>pawpaw</li><li>female's breast</li></ol>
por	<i>noun</i><br><ol><li>monohull dugout canoe</li></ol>
poris	<i>noun</i><br><ol><li>porridge</li></ol>
poro	<i>noun</i><br><ol><li>acquaintance</li></ol>
poroman	<i>noun</i><br><ol><li>acquaintance; companion</li></ol>
posai	<i>adj</i><br><ol><li>albino</li></ol><br><i>noun</i><br><ol><li>albino</li></ol>
posisen	<i>noun</i><br><ol><li>position</li></ol>
poskat	<i>noun</i><br><ol><li>postcard</li></ol>
posta	<i>noun</i><br><ol><li>poster</li></ol>
pot	<i>noun</i><br><ol><li>port</li></ol>
poteto	<i>noun</i><br><ol><li>potato</li></ol>
potnait	<i>noun</i><br><ol><li>pay day</li><li>fortnightly salary</li></ol>
poto	<i>noun</i><br><ol><li>photograph</li></ol>
prairais	<i>noun</i><br><ol><li>fried rice</li></ol>
prais	<i>noun</i><br><ol><li>price</li><li>prize</li></ol>
pren	<i>noun</i><br><ol><li>friend, lover</li></ol>
presiden	<i>noun</i><br><ol><li>president</li></ol>
pret	<i>adj</i><br><ol><li>afraid</li></ol>
pretman	<i>noun</i><br><ol><li>coward</li></ol>
prisa	<i>noun</i><br><ol><li>freezer</li></ol>
profesa	<i>noun</i><br><ol><li>professor</li></ol>
profet	<i>noun</i><br><ol><li>prophet</li></ol>
profit	<i>noun</i><br><ol><li>profit</li><li>interest</li></ol>
program	<i>noun</i><br><ol><li>program</li></ol>
projek	<i>noun</i><br><ol><li>project</li></ol>
proksait	<i>noun</i><br><ol><li>hydrogen peroxide</li></ol>
promis	<i>noun</i><br><ol><li>promise</li></ol>
promosen	<i>noun</i><br><ol><li>promotion</li></ol>
prosesio	<i>noun</i><br><ol><li>religious procession</li></ol>
provins	<i>noun</i><br><ol><li>province</li></ol>
prut	<i>noun</i><br><ol><li>fruit</li></ol>
pugu	<i>noun</i><br><ol><li>owl</li></ol>
puinga	<i>noun</i><br><ol><li>fart</li></ol>
pukpuk	<i>noun</i><br><ol><li>crocodile; alligator</li></ol>
pulap	<i>adj</i><br><ol><li>filled</li></ol>
pulapim|pulapim trans.	<i>verb</i><br><ol><li>To fill</li></ol>
pundaun	<i>verb</i><br><ol><li>fall</li></ol>
puripuri	<i>noun</i><br><ol><li>witchcraft</li></ol>
puripurimeri	<i>noun</i><br><ol><li>witch</li></ol>
pusi	<i>noun</i><br><ol><li>cat</li></ol>
puspus	<i>noun</i><br><ol><li>sexual intercourse</li></ol>
put	<i>noun</i><br><ol><li>foot</li></ol>
putim|putim trans.	<i>verb</i><br><ol><li>To put; to place</li></ol>
rabasnek	<i>noun</i><br><ol><li>leech</li></ol>
rabis	<i>noun</i><br><ol><li>trash, rubbish, waste</li></ol>
rabisbin	<i>noun</i><br><ol><li>garbage can</li></ol>
rabisim|rabisim trans.	<i>verb</i><br><ol><li>make fun of, tease, slight</li></ol>
rabisman	<i>noun</i><br><ol><li>poor man, pauper</li><li>beggar</li><li>slave</li><li>garbage man</li></ol>
ragbi	<i>noun</i><br><ol><li>rugby</li></ol>
rais	<i>noun</i><br><ol><li>rice</li></ol>
raithan	<i>noun</i><br><ol><li>(anatomy) right hand</li></ol><br><i>adv</i><br><ol><li>right (direction)</li></ol>
raitim|raitim trans.	<i>verb</i><br><ol><li>(transitive) To write.</li></ol>
raksak	<i>noun</i><br><ol><li>rucksack; backpack</li></ol>
ram	<i>noun</i><br><ol><li>rum</li></ol>
ran	<i>noun</i><br><ol><li>To run</li></ol>
raskol	<i>noun</i><br><ol><li>thief; criminal</li></ol>
raun	<i>verb</i><br><ol><li>stroll, wander</li></ol>
raunim|raunim trans.	<i>verb</i><br><ol><li>To wind through</li></ol>
raunpela	<i>adj</i><br><ol><li>large</li></ol>
raunwara	<i>noun</i><br><ol><li>lake; pond</li></ol>
raunwom	<i>noun</i><br><ol><li>roundworm</li></ol>
rausim|rausim trans.	<i>verb</i><br><ol><li>clear, clear off</li><li>remove, get rid of</li></ol>
redio	<i>noun</i><br><ol><li>radio</li></ol><br><i>verb</i><br><ol><li>to send a radio message</li></ol>
redpela	<i>adj</i><br><ol><li>red</li></ol>
rekod	<i>noun</i><br><ol><li>record; account</li></ol>
relisen	<i>noun</i><br><ol><li>religion</li></ol>
ren	<i>noun</i><br><ol><li>rain</li></ol>
renbo	<i>noun</i><br><ol><li>rainbow</li></ol>
resa	<i>noun</i><br><ol><li>razor</li></ol>
resaim	<i>verb</i><br><ol><li>to shave</li></ol>
residensi	<i>noun</i><br><ol><li>residency</li></ol>
resolusen	<i>noun</i><br><ol><li>resolution</li></ol>
ret	<i>adj</i><br><ol><li>red</li></ol>
retsos	<i>noun</i><br><ol><li>ketchup (tomato-vinegar based sauce)</li></ol>
reveren	<i>noun</i><br><ol><li>reverend</li></ol>
ridim|ridim trans.	<i>verb</i><br><ol><li>to read</li></ol>
rifom	<i>noun</i><br><ol><li>reform</li></ol>
rijen	<i>noun</i><br><ol><li>region</li></ol>
rilesens	<i>noun</i><br><ol><li>relations</li></ol>
rip	<i>noun</i><br><ol><li>reef</li></ol>
ripot	<i>noun</i><br><ol><li>report</li></ol><br><i>verb</i><br><ol><li>to report</li></ol>
risit	<i>noun</i><br><ol><li>receipt</li></ol>
risos	<i>noun</i><br><ol><li>resource</li></ol>
rispek	<i>noun</i><br><ol><li>respect</li></ol>
riva	<i>noun</i><br><ol><li>river</li></ol>
rokrok	<i>noun</i><br><ol><li>frog</li></ol>
rol	<i>noun</i><br><ol><li>cigarette</li></ol>
rop	<i>noun</i><br><ol><li>string</li><li>vine</li></ol>
rot	<i>noun</i><br><ol><li>road, street</li></ol>
rot kolta	<i>noun</i><br><ol><li>pavement</li></ol>
rula	<i>noun</i><br><ol><li>ruler (tool)</li></ol>
rum	<i>noun</i><br><ol><li>room</li></ol>
rup	<i>noun</i><br><ol><li>roof</li></ol>
sabmisen	<i>noun</i><br><ol><li>submission</li></ol>
sadel	<i>noun</i><br><ol><li>saddle</li></ol>
sagol	<i>noun</i><br><ol><li>shackle; buckle</li></ol>
saiden	<i>noun</i><br><ol><li>sergeant</li></ol>
saiens	<i>noun</i><br><ol><li>science</li></ol>
sainbot	<i>noun</i><br><ol><li>signboard</li></ol>
sais	<i>noun</i><br><ol><li>size</li></ol>
sait	<i>noun</i><br><ol><li>side</li></ol>
saitan	<i>noun</i><br><ol><li>sergeant</li></ol>
sak	<i>noun</i><br><ol><li>shark</li></ol>
saket	<i>noun</i><br><ol><li>jacket; coat</li></ol>
sakrifais	<i>noun</i><br><ol><li>sacrifice</li></ol>
saksak	<i>noun</i><br><ol><li>sago</li></ol>
salamon	<i>noun</i><br><ol><li>traditional rattles</li></ol>
salat	<i>noun</i><br><ol><li>The stinging nettle and other plants applied to the body to relieve aches and fever.</li><li>salad</li></ol>
salim|salim trans.	<i>verb</i><br><ol><li>sell</li><li>send</li></ol>
saman	<i>noun</i><br><ol><li>outrigger</li></ol>
samapim|samapim trans.	<i>verb</i><br><ol><li>sew</li></ol>
sambai	<i>verb</i><br><ol><li>to stand by, to wait for</li><li>to be ready</li><li>to provide assistance, to help</li><li>to protect or guard</li></ol>
sampela	<i>adj</i><br><ol><li>some, several</li></ol>
samting	<i>noun</i><br><ol><li>thing</li><li>substance</li><li>anything</li><li>(euphemistic) genitalia</li></ol><br><i>adv</i><br><ol><li>about, approximately</li></ol>
san	<i>noun</i><br><ol><li>sun</li></ol>
sanap	<i>verb</i><br><ol><li>stand up; rise</li></ol>
sanda	<i>noun</i><br><ol><li>perfume</li></ol>
sandal	<i>noun</i><br><ol><li>sandals</li></ol>
sandavel	<i>noun</i><br><ol><li>centipede</li></ol>
sande	<i>noun</i><br><ol><li>A holiday</li></ol><br><i>verb</i><br><ol><li>To take a day off</li></ol>
sanglas	<i>noun</i><br><ol><li>sunglasses</li></ol>
sangsangana	<i>noun</i><br><ol><li>twins</li></ol>
sanguma	<i>noun</i><br><ol><li>sorcery</li><li>sorcerer</li></ol>
sankamap	<i>noun</i><br><ol><li>sunrise</li></ol>
saplai	<i>noun</i><br><ol><li>supply</li></ol>
saplaia	<i>noun</i><br><ol><li>supplier</li></ol>
saplaim	<i>verb</i><br><ol><li>to supply</li></ol>
sapos	<i>conj</i><br><ol><li>if</li></ol>
sapot	<i>noun</i><br><ol><li>support</li></ol>
sapota	<i>noun</i><br><ol><li>supporter</li></ol>
sapotim	<i>verb</i><br><ol><li>to support</li></ol>
sarang|srang	<i>noun</i><br><ol><li>cabinet; cupboard</li></ol>
satu	<i>noun</i><br><ol><li>dice</li></ol>
saua	<i>adj</i><br><ol><li>sour</li></ol>
sauasap	<i>noun</i><br><ol><li>soursop</li></ol>
saun	<i>noun</i><br><ol><li>sound</li></ol>
sausap	<i>noun</i><br><ol><li>soursop</li></ol>
saut	<i>noun</i><br><ol><li>south</li></ol>
save	<i>verb</i><br><ol><li>(transitive) to know</li><li>(transitive) to understand</li><li>(transitive) to make a practice or habit of</li><li>(transitive) to learn</li></ol><br><i>adv</i><br><ol><li>habitually</li></ol><br><i>noun</i><br><ol><li>knowledge</li></ol>
save long graun	<i>noun</i><br><ol><li>geography</li></ol>
save long laip	<i>noun</i><br><ol><li>biology</li></ol>
save long tokples	<i>noun</i><br><ol><li>linguistics</li></ol>
savol	<i>noun</i><br><ol><li>shovel</li></ol>
sayor	<i>noun</i><br><ol><li>vegetables; greens</li></ol>
sejeri	<i>noun</i><br><ol><li>surgery</li></ol>
sek	<i>noun</i><br><ol><li>check/cheque</li></ol>
sekan	<i>verb</i><br><ol><li>shake hands</li></ol>
sekbuk	<i>noun</i><br><ol><li>chequebook</li></ol>
seket	<i>noun</i><br><ol><li>circuit</li></ol>
seketeri	<i>noun</i><br><ol><li>secretary</li></ol>
sekreteri	<i>noun</i><br><ol><li>Secretary</li></ol>
seksen	<i>noun</i><br><ol><li>section</li></ol>
sekta	<i>noun</i><br><ol><li>sector</li></ol>
sel	<i>noun</i><br><ol><li>sail</li><li>canvas; tarpaulin</li><li>shell</li><li>shellfish</li><li>cell (biology)</li></ol><br><i>verb</i><br><ol><li>to sail</li></ol>
sela	<i>noun</i><br><ol><li>sailor</li></ol>
selbot	<i>noun</i><br><ol><li>sailboat</li></ol>
sem	<i>adj</i><br><ol><li>same</li></ol>
semina	<i>noun</i><br><ol><li>seminar</li></ol>
sempion	<i>noun</i><br><ol><li>champion</li></ol>
sen	<i>noun</i><br><ol><li>chain</li><li>cent</li></ol>
senim	<i>verb</i><br><ol><li>to chain; to lock up</li></ol>
senisim|senisim trans.	<i>verb</i><br><ol><li>change</li></ol>
senta	<i>noun</i><br><ol><li>center</li></ol>
sentens	<i>noun</i><br><ol><li>sentence</li></ol>
seremoni	<i>noun</i><br><ol><li>ceremony</li></ol>
setelmen	<i>noun</i><br><ol><li>settlement; slum</li></ol>
sev	<i>noun</i><br><ol><li>shave</li></ol><br><i>verb</i><br><ol><li>to shave</li></ol>
seven|sewen	<i>num</i><br><ol><li>seven</li></ol>
sevenpela|sewenpela	<i>adj</i><br><ol><li>seven</li></ol>
seventi	<i>num</i><br><ol><li>seventy</li></ol>
seventin	<i>num</i><br><ol><li>seventeen</li></ol>
sevikel	<i>adj</i><br><ol><li>cervical</li></ol>
seviks	<i>noun</i><br><ol><li>(anatomy) cervix</li></ol>
sevis	<i>noun</i><br><ol><li>service</li></ol>
si	<i>noun</i><br><ol><li>sea</li><li>waves; breakers; swells</li></ol>
sia	<i>noun</i><br><ol><li>chair</li></ol>
siapan	<i>adj</i><br><ol><li>Japanese</li></ol>
sik	<i>noun</i><br><ol><li>illness, disease</li></ol><br><i>adj</i><br><ol><li>sick, ill</li></ol>
sikau	<i>noun</i><br><ol><li>wallaby, tree kangaroo</li></ol>
sikis	<i>num</i><br><ol><li>six</li></ol>
sikispela	<i>adj</i><br><ol><li>six</li></ol>
sikisti	<i>num</i><br><ol><li>sixty</li></ol>
sikistin	<i>num</i><br><ol><li>sixteen</li></ol>
simu	<i>noun</i><br><ol><li>ant</li></ol>
sindaun	<i>verb</i><br><ol><li>To sit.</li><li>To inhabit; to settle; to live in a place.</li></ol><br><i>noun</i><br><ol><li>Conduct; behaviour.</li></ol>
singaut	<i>verb</i><br><ol><li>To call; call out.</li></ol>
singsing	<i>noun</i><br><ol><li>party</li></ol>
sios	<i>noun</i><br><ol><li>church</li></ol>
siot	<i>noun</i><br><ol><li>shirt</li></ol>
sip	<i>noun</i><br><ol><li>ship</li></ol>
sipsip	<i>noun</i><br><ol><li>sheep</li><li>mutton</li></ol>
sis	<i>noun</i><br><ol><li>cheese</li></ol>
sista	<i>noun</i><br><ol><li>sister</li></ol>
sit	<i>noun</i><br><ol><li>(vulgar) faeces, shit.</li></ol>
sithaus	<i>noun</i><br><ol><li>(vulgar) toilet, shithouse.</li></ol>
sitim	<i>noun</i><br><ol><li>(vulgar) shitting, to shit.</li></ol>
skai	<i>noun</i><br><ol><li>heaven; the sky</li></ol>
skelim|skelim trans.	<i>verb</i><br><ol><li>to observe</li><li>to consider</li></ol>
sket	<i>noun</i><br><ol><li>skirt</li></ol>
skin	<i>noun</i><br><ol><li>(anatomy) skin</li></ol>
skius	<i>intj</i><br><ol><li>excuse me (all senses)</li></ol>
skon	<i>noun</i><br><ol><li>scone</li></ol>
skrap|sikirap	<i>adj</i><br><ol><li>fond of</li></ol><br><i>noun</i><br><ol><li>scraper</li></ol><br><i>verb</i><br><ol><li>to itch, to scratch</li></ol>
skru	<i>noun</i><br><ol><li>(anatomy) elbow</li><li>(anatomy) knee</li><li>screw</li></ol>
skru bilong han	<i>noun</i><br><ol><li>elbow</li></ol>
skru bilong lek	<i>noun</i><br><ol><li>knee</li></ol>
skul|sikul	<i>noun</i><br><ol><li>school</li></ol><br><i>verb</i><br><ol><li>study</li></ol>
skulfi	<i>noun</i><br><ol><li>school fees</li></ol>
skulim	<i>verb</i><br><ol><li>to teach</li></ol>
slip	<i>verb</i><br><ol><li>sleep</li></ol>
smat	<i>adj</i><br><ol><li>smart; clever; chic; dexterous</li></ol>
smel	<i>noun</i><br><ol><li>scent</li></ol>
smelim	<i>verb</i><br><ol><li>to smell something</li></ol>
smolhaus	<i>noun</i><br><ol><li>bathroom; toilet; outhouse</li></ol>
snek	<i>noun</i><br><ol><li>snake</li></ol>
sno	<i>noun</i><br><ol><li>fog; mist</li></ol>
so	<i>noun</i><br><ol><li>saw</li><li>show</li></ol>
soa	<i>noun</i><br><ol><li>sore</li><li>ulcer</li></ol>
soda	<i>noun</i><br><ol><li>solder</li></ol>
soim|soim trans.	<i>verb</i><br><ol><li>show</li></ol>
soka	<i>noun</i><br><ol><li>soccer</li></ol>
soken	<i>noun</i><br><ol><li>stocking</li></ol>
soklet	<i>noun</i><br><ol><li>chocolate</li></ol>
sol	<i>noun</i><br><ol><li>(anatomy) shoulder</li><li>salt</li></ol>
solda	<i>noun</i><br><ol><li>shoulder</li></ol>
soldia	<i>noun</i><br><ol><li>soldier</li></ol>
solwara	<i>noun</i><br><ol><li>sea</li><li>ocean</li><li>saltwater; brine</li></ol>
somil	<i>noun</i><br><ol><li>sawmill</li></ol>
song	<i>noun</i><br><ol><li>song</li></ol>
sop	<i>noun</i><br><ol><li>cleaner</li></ol>
sopim	<i>verb</i><br><ol><li>to soap</li></ol>
sops	<i>noun</i><br><ol><li>chops</li></ol>
sopstik	<i>noun</i><br><ol><li>chopsticks</li></ol>
sori	<i>intj</i><br><ol><li>sorry</li></ol>
sos	<i>noun</i><br><ol><li>sauce; gravy</li></ol>
sosaiti	<i>noun</i><br><ol><li>society</li></ol>
sosis	<i>noun</i><br><ol><li>sausage</li></ol>
sot gan	<i>noun</i><br><ol><li>shotgun</li></ol>
sotim|sotim trans.	<i>verb</i><br><ol><li>(transitive) To shorten.</li></ol>
sotpela	<i>adj</i><br><ol><li>short</li></ol>
spaida	<i>noun</i><br><ol><li>spider</li></ol>
spak brus	<i>noun</i><br><ol><li>marijuana</li></ol>
spana	<i>noun</i><br><ol><li>spanner; wrench</li></ol>
spesol	<i>adj</i><br><ol><li>special</li></ol>
spet	<i>noun</i><br><ol><li>saliva</li></ol>
spia	<i>noun</i><br><ol><li>A spear.</li><li>An arrow.</li></ol>
spiaim	<i>verb</i><br><ol><li>to spear something</li></ol>
spirit	<i>noun</i><br><ol><li>spirit (physical form of God)</li></ol>
spit	<i>noun</i><br><ol><li>speed</li></ol>
spitbot	<i>noun</i><br><ol><li>speedboat</li></ol>
splin	<i>noun</i><br><ol><li>spleen</li></ol>
spoilim	<i>verb</i><br><ol><li>to spoil; to ruin</li></ol>
spot	<i>noun</i><br><ol><li>sport</li></ol>
spun	<i>noun</i><br><ol><li>spoon</li></ol>
sta	<i>noun</i><br><ol><li>star (celestial body)</li></ol>
stabot	<i>noun</i><br><ol><li>starboard side</li></ol>
stadi	<i>noun</i><br><ol><li>study, cursus</li></ol>
stap	<i>verb</i><br><ol><li>To be</li></ol><br><i>particle</i><br><ol><li>Used to form the progressive tense.</li></ol>
stapim	<i>verb</i><br><ol><li>to stop</li></ol>
stat	<i>verb</i><br><ol><li>A tense marker that shows that an action is beginning by preceding the verb</li></ol>
stem	<i>noun</i><br><ol><li>stamp</li></ol>
stesin	<i>noun</i><br><ol><li>mission or government station</li></ol>
stika	<i>noun</i><br><ol><li>sticker</li></ol>
stilim|stilim trans.	<i>verb</i><br><ol><li>(transitive) To steal.</li></ol>
stilman	<i>noun</i><br><ol><li>thief, cheater, sneak</li></ol>
stingre	<i>noun</i><br><ol><li>A stingray.</li></ol>
ston	<i>noun</i><br><ol><li>stone</li></ol>
stonim	<i>verb</i><br><ol><li>to stone</li></ol>
stori	<i>noun</i><br><ol><li>story; tale</li></ol>
stov	<i>noun</i><br><ol><li>stove</li></ol>
straf	<i>noun</i><br><ol><li>punishment</li></ol>
strena	<i>noun</i><br><ol><li>coffee or tea strainer</li></ol>
strenim	<i>verb</i><br><ol><li>to strain</li></ol>
strerelaisa	<i>noun</i><br><ol><li>sterilizer</li></ol>
stret	<i>adj</i><br><ol><li>straight</li></ol><br><i>adv</i><br><ol><li>straight ahead</li></ol>
stretim|stretim trans.	<i>verb</i><br><ol><li>to prepare</li></ol>
string	<i>noun</i><br><ol><li>string; cord</li></ol>
strong	<i>adj</i><br><ol><li>Capable of producing great physical force; strong.</li><li>Capable of withstanding great physical force; strong.</li><li>Determined, unyielding.</li></ol><br><i>noun</i><br><ol><li>Strength</li></ol>
strongpela	<i>adj</i><br><ol><li>strong</li></ol>
stua	<i>noun</i><br><ol><li>store</li></ol>
stuakipa	<i>noun</i><br><ol><li>storekeeper</li></ol>
su	<i>noun</i><br><ol><li>shoe</li></ol>
sua	<i>noun</i><br><ol><li>sore; wound</li><li>shore</li></ol>
subim	<i>verb</i><br><ol><li>to push or shove something; to force</li></ol>
suga	<i>noun</i><br><ol><li>sugar</li><li>sugarcane</li></ol>
sukari	<i>noun</i><br><ol><li>sugar</li></ol>
sumatin	<i>noun</i><br><ol><li>schoolchild, student.</li></ol>
sup	<i>noun</i><br><ol><li>soup</li></ol>
supka	<i>noun</i><br><ol><li>wheelbarrow</li></ol>
supsup	<i>noun</i><br><ol><li>multipronged fishing spear</li></ol>
susa	<i>noun</i><br><ol><li>sister</li></ol>
susokman	<i>noun</i><br><ol><li>white-collar worker</li></ol>
susu	<i>noun</i><br><ol><li>milk</li><li>(anatomy) breast</li></ol>
susumama	<i>noun</i><br><ol><li>wet nurse</li></ol>
sutlam	<i>noun</i><br><ol><li>torch</li></ol>
swis	<i>noun</i><br><ol><li>switch</li></ol>
swit	<i>adj</i><br><ol><li>sweet; tasty</li></ol>
switmoli|switmuli	<i>noun</i><br><ol><li>orange (fruit)</li></ol>
switpela	<i>adj</i><br><ol><li>sweet</li></ol>
tabak	<i>noun</i><br><ol><li>tobacco</li></ol>
taia	<i>noun</i><br><ol><li>tyre</li></ol>
taifoid	<i>noun</i><br><ol><li>typhoid</li></ol>
taim	<i>noun</i><br><ol><li>time</li></ol>
taimtebol	<i>noun</i><br><ol><li>timetable</li></ol>
taipim	<i>verb</i><br><ol><li>to type something</li></ol>
taipis	<i>noun</i><br><ol><li>typist</li></ol>
taipraita	<i>noun</i><br><ol><li>typewriter</li></ol>
tais	<i>noun</i><br><ol><li>swamp</li></ol>
takis	<i>noun</i><br><ol><li>tax</li></ol>
talatala	<i>noun</i><br><ol><li>Protestant church leader</li></ol>
talen	<i>noun</i><br><ol><li>talent</li></ol>
taleo	<i>noun</i><br><ol><li>northwest monsoon</li></ol>
talinga	<i>noun</i><br><ol><li>mushroom; edible fungus</li></ol>
tambaran	<i>noun</i><br><ol><li>demon</li><li>spirit</li><li>ghost</li><li>ancestor</li></ol>
tambu	<i>adj</i><br><ol><li>forbidden, not allowed</li><li>holy</li></ol><br><i>noun</i><br><ol><li>in-law</li></ol>
tambuim|tambuim trans.	<i>verb</i><br><ol><li>To make holy; to sanctify; to deify</li><li>To forbid</li></ol>
tamiok	<i>noun</i><br><ol><li>axe, hatchet, tomahawk</li></ol>
tanda	<i>noun</i><br><ol><li>thunder</li></ol>
tang	<i>noun</i><br><ol><li>tongue</li><li>tank</li></ol>
tangir	<i>noun</i><br><ol><li>Spanish mackerel</li></ol>
tanim|tanim trans.	<i>verb</i><br><ol><li>turn</li><li>(intransitive) become</li></ol>
tanimtok	<i>noun</i><br><ol><li>interpreter</li></ol>
tarangau	<i>noun</i><br><ol><li>eagle, hawk</li></ol>
taro	<i>noun</i><br><ol><li>The taro plant.</li></ol>
tasol	<i>adv</i><br><ol><li>just, only</li></ol><br><i>conj</i><br><ol><li>but, however</li></ol>
taua	<i>noun</i><br><ol><li>tower; steeple</li></ol>
tauka	<i>noun</i><br><ol><li>squid; cuttlefish</li></ol>
taul	<i>noun</i><br><ol><li>towel</li></ol>
taun	<i>noun</i><br><ol><li>town</li><li>large timber tree</li></ol>
taur	<i>noun</i><br><ol><li>conch shell</li></ol>
tausen	<i>num</i><br><ol><li>thousand</li></ol>
tebol	<i>noun</i><br><ol><li>table</li></ol>
teki	<i>noun</i><br><ol><li>turkey</li></ol>
teknisen	<i>noun</i><br><ol><li>technician</li></ol>
teknoloji	<i>noun</i><br><ol><li>technology</li></ol>
telefon	<i>noun</i><br><ol><li>telephone</li></ol>
telipon	<i>noun</i><br><ol><li>telephone</li></ol>
ten	<i>num</i><br><ol><li>ten</li></ol>
tenkyu	<i>intj</i><br><ol><li>thank you</li></ol>
tenkyu tru	<i>intj</i><br><ol><li>thank you very much</li></ol>
tenpela	<i>adj</i><br><ol><li>ten</li></ol>
teprikoda	<i>noun</i><br><ol><li>tape recorder</li></ol>
teritori	<i>noun</i><br><ol><li>territory</li></ol>
tesim	<i>verb</i><br><ol><li>to test</li></ol>
testim	<i>verb</i><br><ol><li>to taste</li></ol>
tete	<i>adv</i><br><ol><li>today</li></ol><br><i>noun</i><br><ol><li>today</li></ol>
teti	<i>num</i><br><ol><li>thirty</li></ol>
tetin	<i>num</i><br><ol><li>thirteen</li></ol>
tewel|dewel	<i>noun</i><br><ol><li>devil.</li><li>ghost; spirit; soul.</li><li>reflection; shadow.</li></ol>
ti	<i>noun</i><br><ol><li>tea</li></ol>
tibi	<i>noun</i><br><ol><li>Tuberculosis.</li></ol>
tieta	<i>noun</i><br><ol><li>theater</li></ol>
tiket	<i>noun</i><br><ol><li>ticket</li></ol>
tim	<i>noun</i><br><ol><li>team</li></ol>
ting	<i>verb</i><br><ol><li>think</li></ol>
tingting	<i>verb</i><br><ol><li>think</li></ol>
tinmit	<i>noun</i><br><ol><li>canned meat</li></ol>
tinpis	<i>noun</i><br><ol><li>canned fish</li></ol>
tis	<i>noun</i><br><ol><li>(anatomy) tooth</li></ol>
tisa	<i>noun</i><br><ol><li>teacher</li></ol>
tit	<i>noun</i><br><ol><li>tooth</li></ol>
tivi	<i>noun</i><br><ol><li>television</li></ol>
toilet	<i>noun</i><br><ol><li>toilet</li></ol>
tok|tok intrans.|transitive tokim	<i>noun</i><br><ol><li>message; news; speech; announcement</li><li>rumour</li><li>word</li><li>language</li></ol><br><i>verb</i><br><ol><li>(intransitive) to speak, talk</li></ol>
tok Lituwenia	<i>name</i><br><ol><li>the Lithuanian language</li></ol>
tokim|tokim trans.|intransitive tok	<i>verb</i><br><ol><li>tell</li></ol>
tokples	<i>noun</i><br><ol><li>A local language or lect.</li></ol>
toksave	<i>noun</i><br><ol><li>declaration, statement, notice, information</li><li>advertisement</li></ol>
toktok	<i>noun</i><br><ol><li>conversation</li><li>phrase</li></ol>
tomato	<i>noun</i><br><ol><li>tomato</li></ol>
torasel	<i>noun</i><br><ol><li>Turtle.</li></ol>
torosel	<i>noun</i><br><ol><li>turtle shell.</li><li>turtle; tortoise.</li></ol>
tos	<i>noun</i><br><ol><li>toast</li><li>torch</li></ol>
traim|traim trans.	<i>verb</i><br><ol><li>(transitive) to try, attempt.</li></ol>
traipela	<i>adj</i><br><ol><li>big</li><li>fat</li></ol>
trak	<i>noun</i><br><ol><li>truck</li></ol>
traut	<i>noun</i><br><ol><li>vomit</li></ol>
tri	<i>num</i><br><ol><li>three (3)</li></ol>
tripela	<i>adj</i><br><ol><li>three</li></ol><br><i>pron</i><br><ol><li>they three (trial third-person pronoun)</li></ol>
tromai|toromoi	<i>verb</i><br><ol><li>throw away</li></ol>
tru	<i>adj</i><br><ol><li>true</li></ol><br><i>adv</i><br><ol><li>truly; very; verily</li><li>very much</li><li>amen; so be it</li></ol>
tu	<i>num</i><br><ol><li>two</li></ol><br><i>adv</i><br><ol><li>too; also; as well</li></ol>
tudak	<i>noun</i><br><ol><li>darkness</li></ol>
tude	<i>noun</i><br><ol><li>today</li></ol><br><i>adv</i><br><ol><li>today</li></ol>
tuhat	<i>noun</i><br><ol><li>perspiration, sweat</li></ol>
tulait	<i>noun</i><br><ol><li>bright light</li></ol>
tumas	<i>adv</i><br><ol><li>too much</li><li>very much</li></ol>
tumbuna	<i>noun</i><br><ol><li>ancestor</li><li>grandparent</li></ol>
tumora	<i>noun</i><br><ol><li>tomorrow</li></ol><br><i>adv</i><br><ol><li>tomorrow</li></ol>
tupela|tupela du	<i>adj</i><br><ol><li>two</li></ol><br><i>pron</i><br><ol><li>they two (dual third-person pronoun)</li></ol>
tuptup	<i>noun</i><br><ol><li>cover; lid; cork</li></ol>
turis	<i>noun</i><br><ol><li>tourist</li></ol>
turisim	<i>noun</i><br><ol><li>tourism</li></ol>
twelv	<i>num</i><br><ol><li>twelve</li></ol>
twenti	<i>num</i><br><ol><li>twenty</li></ol>
ula	<i>noun</i><br><ol><li>a kind of fish</li></ol>
umben	<i>noun</i><br><ol><li>net; web</li></ol>
urita	<i>noun</i><br><ol><li>octopus</li><li>squid</li></ol>
vanis	<i>noun</i><br><ol><li>varnish</li></ol>
viles	<i>noun</i><br><ol><li>village</li></ol>
viniga	<i>noun</i><br><ol><li>vinegar</li></ol>
virgo	<i>noun</i><br><ol><li>Virgin.</li></ol>
vois	<i>noun</i><br><ol><li>voice</li></ol>
vokeisen	<i>noun</i><br><ol><li>vocation</li></ol>
volim	<i>noun</i><br><ol><li>volume</li></ol>
voluntia	<i>noun</i><br><ol><li>volunteer</li></ol>
vot	<i>noun</i><br><ol><li>election</li></ol><br><i>verb</i><br><ol><li>vote</li></ol>
votim	<i>verb</i><br><ol><li>to vote for; to elect</li></ol>
waia	<i>noun</i><br><ol><li>wire; cable</li></ol>
wain	<i>noun</i><br><ol><li>wine</li></ol>
waira	<i>noun</i><br><ol><li>immigrant</li></ol>
wait	<i>adj</i><br><ol><li>white</li></ol>
waitanis	<i>noun</i><br><ol><li>termite; white ant</li></ol>
waitpela	<i>adj</i><br><ol><li>white</li></ol>
wan	<i>noun</i><br><ol><li>The number one.</li></ol><br><i>num</i><br><ol><li>One. Used with units of measurement and in times: wan aua, wan klok. See also wanpela.</li></ol>
wanbel	<i>noun</i><br><ol><li>agreement, peace</li></ol>
wanblut	<i>noun</i><br><ol><li>blood relative</li></ol>
wande|wanwande	<i>adv</i><br><ol><li>once</li></ol>
wande wande	<i>noun</i><br><ol><li>daily</li><li>now and then, once in a while</li></ol>
wanem	<i>pron</i><br><ol><li>what</li></ol>
wanhaus	<i>noun</i><br><ol><li>person living in the same house</li></ol>
wankain	<i>adj</i><br><ol><li>equal</li></ol>
wanlain	<i>noun</i><br><ol><li>person from the same lineage or clan</li></ol>
wanmak	<i>noun</i><br><ol><li>person having the same size</li></ol>
wanpela	<i>adj</i><br><ol><li>one</li><li>Used as the indefinite article.</li></ol>
wanpes	<i>noun</i><br><ol><li>person with a similar face, lookalike</li></ol>
wanpilai	<i>noun</i><br><ol><li>person playing the same game or sport, playmate</li></ol>
wanpis	<i>adj</i><br><ol><li>single; alone; lone</li></ol>
wanpisin	<i>noun</i><br><ol><li>person from the same tribe or clan</li></ol>
wanples	<i>noun</i><br><ol><li>person from the same village or town</li></ol>
wanskul	<i>noun</i><br><ol><li>fellow student, condisciple</li></ol>
wantaim	<i>adv</i><br><ol><li>once</li></ol><br><i>conj</i><br><ol><li>together with</li></ol>
wantok	<i>noun</i><br><ol><li>a close friend, to whom one gives complete loyalty</li><li>any person with a shared set of Melanesian cultural values, usually based on speaking a closely related language</li></ol>
wantu	<i>adv</i><br><ol><li>Instantaneously; in an instant.</li></ol>
wanwan	<i>adv</i><br><ol><li>one by one</li><li>(distributive) each</li></ol>
wanwok	<i>noun</i><br><ol><li>coworker, colleague</li></ol>
wap	<i>noun</i><br><ol><li>wharf</li></ol>
wara	<i>noun</i><br><ol><li>water</li><li>river, stream</li><li>flow of water</li></ol>
wari	<i>verb</i><br><ol><li>worry</li></ol>
was	<i>verb</i><br><ol><li>angel; any supernatural creature in heaven according to Christian theology</li></ol>
wasket	<i>noun</i><br><ol><li>chin; lower jaw; cheek</li></ol>
wasman	<i>noun</i><br><ol><li>security guard</li></ol>
wataim	<i>pron</i><br><ol><li>(interrogative) when</li></ol>
watpo	<i>adv</i><br><ol><li>why</li></ol>
we	<i>adv</i><br><ol><li>where</li></ol>
wel	<i>noun</i><br><ol><li>oil</li></ol><br><i>adj</i><br><ol><li>slippery</li><li>tricky; cunning</li><li>inedible</li><li>feral</li></ol>
weldok	<i>noun</i><br><ol><li>wild dog, fox, wolf</li></ol>
welim	<i>verb</i><br><ol><li>to oil; to lubricate</li></ol>
welkam	<i>noun</i><br><ol><li>welcome</li></ol>
welman	<i>noun</i><br><ol><li>wanderer; loner; savage; cunning person</li></ol>
welpik	<i>noun</i><br><ol><li>boar</li></ol>
werim	<i>verb</i><br><ol><li>to wear</li></ol>
wes	<i>noun</i><br><ol><li>West</li></ol>
wesan	<i>noun</i><br><ol><li>sand</li></ol>
westen	<i>adj</i><br><ol><li>western</li></ol>
westim	<i>verb</i><br><ol><li>to waste</li></ol>
wet	<i>adj</i><br><ol><li>wet</li></ol><br><i>verb</i><br><ol><li>wait</li></ol>
wetim|wetim trans.	<i>verb</i><br><ol><li>wait</li></ol>
wetliva	<i>noun</i><br><ol><li>(anatomy) lung</li></ol>
wetston	<i>noun</i><br><ol><li>whetstone</li></ol>
wik	<i>noun</i><br><ol><li>week</li><li>wick</li></ol><br><i>adj</i><br><ol><li>weak</li></ol>
wiken	<i>noun</i><br><ol><li>weekend</li></ol>
wil	<i>noun</i><br><ol><li>wheel</li></ol>
wilbaro	<i>noun</i><br><ol><li>wheelbarrow</li></ol>
wilwil	<i>noun</i><br><ol><li>bicycle</li></ol>
win	<i>noun</i><br><ol><li>wind</li></ol>
windo	<i>noun</i><br><ol><li>window</li></ol>
wing	<i>noun</i><br><ol><li>wing</li></ol>
winim|winim trans.	<i>verb</i><br><ol><li>to beat</li><li>to exceed</li><li>to blow</li><li>to play a wind instrument; to wind</li></ol>
winis	<i>noun</i><br><ol><li>winch</li></ol>
winisim	<i>verb</i><br><ol><li>to raise something with a winch</li></ol>
wip	<i>noun</i><br><ol><li>whip</li></ol>
wipim	<i>verb</i><br><ol><li>to whip</li></ol>
wit	<i>noun</i><br><ol><li>wheat</li></ol>
woa	<i>noun</i><br><ol><li>war</li></ol>
wod	<i>noun</i><br><ol><li>word</li></ol>
woda	<i>noun</i><br><ol><li>warder</li></ol>
wok|transitive wokim|wok intrans.	<i>verb</i><br><ol><li>to work, to labor</li></ol><br><i>noun</i><br><ol><li>work, job, employment</li><li>obligation, duty</li></ol>
wok didiman	<i>noun</i><br><ol><li>agriculture</li></ol>
wok kamda	<i>noun</i><br><ol><li>woodworking; carpentry</li></ol>
wok long	<i>verb</i><br><ol><li>(auxiliary) Denotes the progressive mood of a verb.</li></ol>
wok painimaut	<i>noun</i><br><ol><li>research; investigation</li></ol>
wokabaut|wokebaut|wokebaut intrans.	<i>verb</i><br><ol><li>to walk</li></ol>
wokhat	<i>noun</i><br><ol><li>hard work</li></ol>
wokim|intransitive wok|wokim trans.	<i>verb</i><br><ol><li>(transitive) make, build, create</li><li>till</li><li>do (something)</li></ol>
woklain	<i>noun</i><br><ol><li>employees</li></ol>
wokman	<i>noun</i><br><ol><li>laborer; workman; employee</li></ol>
wokmeri	<i>noun</i><br><ol><li>female employee</li></ol>
wokpren	<i>noun</i><br><ol><li>workmate; colleague</li></ol>
woksap	<i>noun</i><br><ol><li>workshop</li></ol>
woksip	<i>noun</i><br><ol><li>stevedore; wharfie</li></ol>
wol	<i>noun</i><br><ol><li>world</li><li>wall</li></ol>
wos	<i>noun</i><br><ol><li>sentinel</li></ol>
wot	<i>noun</i><br><ol><li>ward</li></ol>
wul	<i>noun</i><br><ol><li>wool</li></ol>
wusta	<i>noun</i><br><ol><li>Oyster.</li></ol>
yam	<i>noun</i><br><ol><li>yam</li></ol>
yambo	<i>noun</i><br><ol><li>guava</li></ol>
yangpela	<i>adj</i><br><ol><li>young</li></ol>
yar	<i>noun</i><br><ol><li>year</li><li>Pleiades</li><li>a kind of tree (Casuarina sp.)</li></ol>
yau	<i>noun</i><br><ol><li>(anatomy) ear</li></ol>
yau pas	<i>adj</i><br><ol><li>deaf</li></ol><br><i>noun</i><br><ol><li>deaf</li></ol>
yaupas	<i>adj</i><br><ol><li>deaf</li></ol>
yelo	<i>adj</i><br><ol><li>yellow</li></ol>
yelopela	<i>adj</i><br><ol><li>yellow (having yellow as its colour)</li></ol>
yes	<i>particle</i><br><ol><li>yes (word used to show agreement or acceptance)</li></ol><br><i>intj</i><br><ol><li>yes (used to express pleasure, joy, or great excitement)</li></ol>
yet	<i>adv</i><br><ol><li>still</li><li>already</li><li>yet</li></ol>
yia	<i>noun</i><br><ol><li>year</li></ol>
yis	<i>noun</i><br><ol><li>yeast</li></ol>
yisim	<i>verb</i><br><ol><li>to add yeast</li></ol>
yot	<i>noun</i><br><ol><li>iodine</li></ol>
yu|iu	<i>pron</i><br><ol><li>you (singular)</li></ol>
yumi	<i>pron</i><br><ol><li>the first person inclusive: the speaker and the person(s) being spoken to: you and I, you and me, we two, us two, we</li></ol>
yumipela	<i>pron</i><br><ol><li>The first person plural inclusive, yumipela refers to the speaker, the person(s) being spoken to, and other persons; we, us.</li></ol>
yumitripela	<i>pron</i><br><ol><li>The first person trial inclusive.</li></ol>
yumitupela|yumitupela du	<i>pron</i><br><ol><li>The first person dual inclusive, yumitupela refers to the speaker and the person being spoken to; you and I, you and me, we two, us two, we.</li></ol>
yunifom	<i>noun</i><br><ol><li>uniform</li></ol>
yunivesiti	<i>noun</i><br><ol><li>university</li></ol>
yupela|yupla	<i>pron</i><br><ol><li>The second person, yupela refers to the persons being spoken to; you.</li></ol>
yusim|yusim trans.	<i>verb</i><br><ol><li>use</li></ol>
yut	<i>noun</i><br><ol><li>youth</li></ol>
yutripela	<i>pron</i><br><ol><li>The second person trial.</li></ol>
yutupela|yutupela du	<i>pron</i><br><ol><li>you two (dual second person pronoun)</li></ol>
