Alemania	<i>name</i><br><ol><li>Germany (a country in Europe)</li></ol>
Andorra	<i>name</i><br><ol><li>Andorra (a country in Europe)</li></ol>
Egipto	<i>name</i><br><ol><li>Egypt (a country in Africa)</li></ol>
Joʼ	<i>name</i><br><ol><li>Mérida, city of Yucatán.</li></ol>
Malawi	<i>name</i><br><ol><li>Malawi (a country in Africa)</li></ol>
Mauritania	<i>name</i><br><ol><li>Mauritania (a country in Africa)</li></ol>
Meejiko	<i>name</i><br><ol><li>Mexico (a country in North America)</li></ol>
Panamá	<i>name</i><br><ol><li>Panama (a country in Central America)</li></ol>
Portugal	<i>name</i><br><ol><li>Portugal (a country in Southern Europe)</li></ol>
a	<i>pron</i><br><ol><li>you (second-person singular pronoun)</li></ol>
aak	<i>noun</i><br><ol><li>grass</li></ol>
aakʼ	<i>noun</i><br><ol><li>tongue</li><li>vine</li></ol>
aakʼal|áakʼal	<i>noun</i><br><ol><li>lagoon</li><li>swamp</li></ol>
aal|aaloʼob	<i>noun</i><br><ol><li>son or daughter of a woman (only said of a mother or used by her to refer to her children)</li></ol>
aalakʼ|aalakʼoʼob	<i>noun</i><br><ol><li>domestic animal</li></ol>
aax	<i>noun</i><br><ol><li>wart</li></ol>
abalkan	<i>noun</i><br><ol><li>sorrel (Rumex acetosa)</li></ol>
achak	<i>noun</i><br><ol><li>nephew</li></ol><br><i>prep</i><br><ol><li>without, except</li></ol>
aiikʼ|aiikʼoʼob	<i>noun</i><br><ol><li>wing</li></ol>
aj koo	<i>adj</i><br><ol><li>bold, brave, daring</li></ol>
aj kʼiin|aj kʼiinoʼob	<i>noun</i><br><ol><li>priest</li></ol>
alux|aluxoʼob	<i>noun</i><br><ol><li>alux</li></ol>
am|amoʼob	<i>noun</i><br><ol><li>spider</li></ol>
asukaar	<i>noun</i><br><ol><li>sugar</li></ol>
atan|atanoʼob	<i>noun</i><br><ol><li>wife</li></ol>
ayikʼal	<i>adj</i><br><ol><li>rich, wealthy</li></ol>
aʼal|kin waʼalik|ta waʼalaj|tu yaʼalajoʼob|ta waʼalajeʼex|t k aʼalaj|k aʼalik|tu yaʼalaj|tin waʼalaj|ku yaʼalik|ka waʼalik|ku yaʼalikoʼob|ka waʼalikeʼex	<i>verb</i><br><ol><li>to say</li></ol>
baach	<i>noun</i><br><ol><li>plain chachalaca (Ortalis vetula)</li></ol>
baaj|baajnak|bajmaj|báajal|bajik|bajaj|báajak|baajnaj|baʼajal|baʼaj|baajal|baj|baʼajak|bajej|bajaʼan|baajnajaʼan|baajnen|báaj	<i>verb</i><br><ol><li>to nail</li><li>to knock in, to bang in</li><li>to drive, to stick</li><li>to pierce, to prick</li></ol>
baak|baakoʼob	<i>noun</i><br><ol><li>bone</li><li>horn</li></ol>
baakʼ|báakʼ|bakʼik|báakʼak|baakʼnajaʼan|báakʼal|baakʼnen|baakʼnak|bakʼaʼan|bakʼej|baʼakʼ|bakʼmaj|bakʼaj|baʼakʼal|bakʼ|baakʼal|baakʼnaj|baʼakʼak	<i>verb</i><br><ol><li>to tangle up, to entangle</li><li>to roll up, to wind</li><li>to interweave, to interlace</li></ol>
baal|baalnak|baʼalal|balej|balaʼan|bal|baalal|baʼalak|baʼal|balik|balaj|báal|báalal|balmaj|báalak|baalnaj|baalnajaʼan|baalnen	<i>verb</i><br><ol><li>to hide, to conceal</li><li>to protect, to shelter, to shield</li><li>to guard, to keep</li></ol>
baan|baʼanal|banej|banik|banaʼan|baannak|baannajaʼan|banaj|baʼanak|baʼan|banmaj|baannaj|baanal|baannen|báanal|báan|báanak|ban	<i>verb</i><br><ol><li>to get down, to bring down fruits froms a tree</li><li>to fall down</li><li>to remove, to detach, to release</li><li>to scatter, to spread</li></ol>
baats'|baʼatsʼ|batsʼej|baatsʼal|batsʼik|báatsʼak|baʼatsʼal|baatsʼnen|baʼatsʼak|baatsʼnajaʼan|báatsʼal|batsʼaj|baatsʼ|báatsʼ|batsʼ|baatsʼnaj|batsʼaʼan|baatsʼnak|batsʼmaj	<i>verb</i><br><ol><li>to smooth, to polish</li><li>to flatten, to level</li><li>to cover</li></ol>
baax|baʼax|baaxnen|baxik|baxaʼan|baxmaj|baxaj|bax|baaxnaj|baaxnak|baʼaxal|baʼaxak|baxej|baaxnajaʼan	<i>verb</i><br><ol><li>to hit, to strike, to knock</li><li>to beat, to pound, to hammer</li><li>to punch</li></ol>
balcheʼ|balché	<i>noun</i><br><ol><li>A kind of tree (Lonchocarpus violaceus), the bark of which is used to make an alcoholic beverage.</li></ol>
bat|batoʼob	<i>noun</i><br><ol><li>hail, hailstone</li></ol>
baʼal|baʼaloʼob	<i>noun</i><br><ol><li>thing, object</li></ol>
baʼalcheʼ|balchè|baʼalcheʼoʼob	<i>noun</i><br><ol><li>wild animal</li></ol>
baʼatsʼ|baatzʼ	<i>noun</i><br><ol><li>mantled howler, howler monkey (Alouatta palliata)</li></ol>
baʼaxten	<i>adv</i><br><ol><li>why, for what reason</li></ol>
beechʼ	<i>noun</i><br><ol><li>quail</li></ol>
bejlaʼeʼ|behlaʼeʼ	<i>adv</i><br><ol><li>now</li><li>today</li></ol>
bolon	<i>num</i><br><ol><li>(obsolete) nine</li></ol>
boox	<i>adj</i><br><ol><li>black</li></ol>
boox chʼooj	<i>adj</i><br><ol><li>blue marine</li></ol>
bo’oy	<i>noun</i><br><ol><li>shadow</li></ol>
buluk|buluc	<i>num</i><br><ol><li>(obsolete) eleven</li></ol>
buul	<i>noun</i><br><ol><li>game of chance</li></ol><br><i>verb</i><br><ol><li>play a game of chance</li><li>win or lose a bet; gamble</li><li>dive</li></ol>
buus	<i>noun</i><br><ol><li>bus</li></ol>
báalam|báalamoʼob	<i>noun</i><br><ol><li>jaguar (Panthera onca)</li></ol><br><i>verb</i><br><ol><li>(Mérida, Valladolid) to stalk like a cat</li></ol>
báaxal|báaxtmaj|báaxtaʼab|báaxtik|báaxalnen|báaxtaʼak|báaxalnak|báaxalnajaʼan|báaxtej|báaxtaʼan|báaxalnaj|báaxt|báaxtaj|báaxtaʼal	<i>verb</i><br><ol><li>to play</li><li>to frolic, to romp</li><li>to joke</li></ol>
chaak|cháakoʼob|chaakoʼob|cháak	<i>noun</i><br><ol><li>rain</li><li>(in the plural) the spirits who bring rain</li></ol>
chaan	<i>adj</i><br><ol><li>small</li></ol>
chaanbeel|chaanbéel	<i>adj</i><br><ol><li>slow</li></ol><br><i>adv</i><br><ol><li>slowly</li></ol>
chaanpal|chaanpaloʼob	<i>noun</i><br><ol><li>baby</li></ol>
chab	<i>noun</i><br><ol><li>anteater</li></ol>
chak|chaktak	<i>adj</i><br><ol><li>red</li></ol>
chak moʼol	<i>noun</i><br><ol><li>jaguar (Panthera onca)</li></ol>
chak pakʼaal|chak pakʼáal	<i>noun</i><br><ol><li>apple</li></ol>
chaknuul|chaknúul	<i>adj</i><br><ol><li>naked, nude</li></ol>
chaknuult|chaknúult	<i>verb</i><br><ol><li>to undress</li></ol>
chakʼan	<i>noun</i><br><ol><li>plain, savanna</li></ol>
cheba	<i>noun</i><br><ol><li>beer</li></ol>
cheel|cheeloʼob	<i>noun</i><br><ol><li>rainbow</li></ol>
cheʼ|cheʼoʼob	<i>noun</i><br><ol><li>tree</li></ol>
cheʼej|cheʼeh	<i>verb</i><br><ol><li>to laugh</li></ol>
chiikpahal|chíikpahal	<i>verb</i><br><ol><li>to appear; to turn up</li><li>to show, to point out</li></ol>
chiim|chíim|chíimoʼob|chiimoʼob	<i>noun</i><br><ol><li>bag, sack</li><li>(anatomy) scrotum</li></ol>
chikoop	<i>noun</i><br><ol><li>vampire bat</li></ol>
chiʼ|chiʼoʼob	<i>verb</i><br><ol><li>to bite</li></ol><br><i>noun</i><br><ol><li>(anatomy) mouth</li><li>(geography) mouth (of a river)</li><li>border, edge</li></ol>
chiʼib|chiʼiboʼob	<i>noun</i><br><ol><li>(astronomy) eclipse</li></ol>
chiʼibal kʼiin	<i>noun</i><br><ol><li>solar eclipse</li></ol>
chiʼibal uh	<i>noun</i><br><ol><li>lunar eclipse</li></ol>
chiʼik|chic	<i>noun</i><br><ol><li>white-nosed coati (Nasua narica)</li></ol>
chéel|cheeloʼob|chéeloʼob|cheel	<i>noun</i><br><ol><li>rainbow</li></ol>
chʼiichʼ|cħicħ|chʼiichʼoʼob|chʼichʼ	<i>noun</i><br><ol><li>small stone, pebble</li></ol>
chʼomak	<i>noun</i><br><ol><li>fox</li></ol>
chʼooj	<i>adj</i><br><ol><li>blue</li></ol>
chʼoom	<i>noun</i><br><ol><li>turkey vulture</li></ol>
chʼoʼ|chʼoʼob|cħoo	<i>noun</i><br><ol><li>mouse, rat</li></ol>
chʼujuk|chʼuhuk	<i>adj</i><br><ol><li>sweet</li></ol><br><i>noun</i><br><ol><li>sugar</li></ol>
chʼuul	<i>adj</i><br><ol><li>wet</li><li>humid</li></ol>
chʼíichʼ|cħicħ|chʼichʼ	<i>noun</i><br><ol><li>bird</li></ol>
e'el	<i>noun</i><br><ol><li>egg</li></ol>
eekʼ|eekʼoʼob	<i>noun</i><br><ol><li>(astronomy) star</li><li>(echinoderms) starfish</li></ol>
eekʼoʼob u tsolmubaoʼob	<i>noun</i><br><ol><li>(astronomy) constellation</li></ol>
eem|kaʼaj éemekech|ka wéemeleʼex|kin wéemel|j éemoʼon|j éemeʼex|k éemel|j éemech|j éemen|j éemij|kaʼaj éemekoʼon|kaʼaj éemek|ka wéemel|kaʼaj éemekoʼob|ku yéemeloʼob|kaʼaj éemekeʼex|éem|ku yéemel|j éemoʼob|kaʼaj éemeken	<i>verb</i><br><ol><li>to descend</li></ol>
eʼel|eʼeloʼob	<i>noun</i><br><ol><li>egg</li></ol>
eʼel keep	<i>noun</i><br><ol><li>(anatomy) testicle</li></ol>
hun	<i>num</i><br><ol><li>one</li></ol>
hun bak	<i>num</i><br><ol><li>(obsolete) four hundred</li></ol>
hun kʼáal	<i>num</i><br><ol><li>(obsolete) twenty</li></ol>
hun pik	<i>num</i><br><ol><li>(obsolete) four thousand</li><li>(obsolete) one thousand</li></ol>
ich|ichoʼob	<i>noun</i><br><ol><li>eye</li><li>face</li><li>fruit</li></ol>
iit|iitoʼob	<i>noun</i><br><ol><li>(anatomy) butt, buttocks</li><li>bottom</li><li>base</li><li>end</li></ol>
ixiʼim	<i>noun</i><br><ol><li>corn</li></ol>
jaalkʼab|haalkʼab|jáalkʼab|háalkʼab	<i>noun</i><br><ol><li>freedom</li></ol><br><i>verb</i><br><ol><li>to free, to set free</li></ol>
jaant|k jaantik|ku jaantik|t k jaantaj|ku jaantikoʼob|tin jaantaj|tu jaantaj|ka jaantikeʼex|ka jaantik|tu jaantajoʼob|kin jaantik|ta jaantaj|ta jaantajeʼex	<i>verb</i><br><ol><li>to eat</li></ol>
jach	<i>adv</i><br><ol><li>very</li></ol>
jan|ka janaleʼex|k janal|kin janal|kaʼaj janakeʼex|ku janaloʼob|ku janal|j janech|j janoʼob|kaʼaj janak|ka janal|j janoʼon|kaʼaj janakoʼon|kaʼaj janakoʼob|j janij|kaʼaj janakech|j janen|j janeʼex|kaʼaj janaken	<i>verb</i><br><ol><li>to eat</li></ol>
jatsʼuts|haɔutz|jatsʼutstak|hatzʼutz|hatsʼuts	<i>adj</i><br><ol><li>beautiful</li></ol>
jaʼ|jaʼob|haʼ	<i>noun</i><br><ol><li>water</li><li>rain</li><li>lake</li></ol>
jaʼab|jaʼaboʼob	<i>noun</i><br><ol><li>year</li></ol>
jaʼas	<i>noun</i><br><ol><li>banana</li></ol>
jeʼ|jeʼob	<i>noun</i><br><ol><li>egg</li></ol>
joj|jojoʼob	<i>noun</i><br><ol><li>raven, crow</li></ol>
jool naj|jool najoʼob	<i>noun</i><br><ol><li>door</li></ol>
jool niʼ	<i>noun</i><br><ol><li>nostril</li></ol>
jooyab|jóoyab	<i>verb</i><br><ol><li>to irrigate, to water</li></ol><br><i>noun</i><br><ol><li>irrigation, watering</li></ol>
joʼ|hoʼ	<i>num</i><br><ol><li>five</li></ol>
jtsʼíib|ahɔib|ah tsʼib	<i>noun</i><br><ol><li>male writer, male scribe</li></ol>
julekʼ|julekʼoʼob	<i>noun</i><br><ol><li>abyss</li></ol>
jumpʼéel tʼaan|jumpʼéel tʼaanoʼob	<i>noun</i><br><ol><li>mother tongue</li></ol>
jun	<i>num</i><br><ol><li>one</li></ol>
juuj|huh|huuh	<i>noun</i><br><ol><li>iguana</li><li>lizard</li></ol>
juʼun|juʼunoʼob	<i>noun</i><br><ol><li>book</li></ol>
kaal|kaaloʼob	<i>noun</i><br><ol><li>(anatomy) neck</li></ol>
kaan|can|kaanoʼob	<i>noun</i><br><ol><li>snake</li><li>worm</li></ol>
kala’an	<i>adj</i><br><ol><li>drunk, intoxicated</li></ol>
kalom kʼiin|kalom kʼiinoʼob	<i>noun</i><br><ol><li>window</li></ol>
kan|can	<i>num</i><br><ol><li>four</li></ol>
kay|kayoʼob	<i>noun</i><br><ol><li>fish</li></ol>
kaʼa	<i>num</i><br><ol><li>two</li></ol>
kaʼah	<i>num</i><br><ol><li>two</li></ol><br><i>adv</i><br><ol><li>again</li></ol><br><i>conj</i><br><ol><li>and</li><li>that</li><li>when</li></ol><br><i>noun</i><br><ol><li>metate (grinding stone)</li></ol>
kaʼan|káʼan	<i>noun</i><br><ol><li>sky</li></ol>
kaʼans|ku kaʼansikoʼob|ku kaʼansik|kin kaʼansik|tin kaʼansaj|t k kaʼansaj|ka kaʼansik|ta kaʼansaj|tu kaʼansaj|k kaʼansik|ta kaʼansajeʼex|tu kaʼansajoʼob|ka kaʼansikeʼex	<i>verb</i><br><ol><li>to teach</li></ol>
keep|keepoʼob	<i>noun</i><br><ol><li>(anatomy) penis</li></ol>
keex|kéex	<i>noun</i><br><ol><li>cheese</li></ol>
kiim|kíim	<i>verb</i><br><ol><li>to die</li></ol>
kiins|tu kíinsajoʼob|k kíinsik|tu kíinsaj|ka kíinsik|ta kíinsaj|ku kíinsik|ta kíinsajeʼex|ku kíinsikoʼob|ka kíinsikeʼex|t k kíinsaj|kin kíinsik|kíins|tin kíinsaj	<i>verb</i><br><ol><li>to kill</li></ol>
kimen	<i>adj</i><br><ol><li>dead</li></ol>
kitam	<i>noun</i><br><ol><li>collared peccary (Pecari tajacu)</li></ol>
ki’ichkelem	<i>adj</i><br><ol><li>handsome (of a man)</li></ol>
ki’ichpam|ki’ichpamtak	<i>adj</i><br><ol><li>handsome (of a woman)</li></ol>
koh	<i>noun</i><br><ol><li>tooth</li><li>beak</li><li>mountain lion (Puma concolor)</li></ol>
koj|kojoʼob	<i>noun</i><br><ol><li>puma</li></ol>
kool|kóol|kooloʼob	<i>verb</i><br><ol><li>to drag; to pull</li><li>to divide, to separate</li><li>to touch, to rub</li></ol><br><i>noun</i><br><ol><li>field</li></ol>
kul	<i>verb</i><br><ol><li>to sit</li></ol>
kuxa’an	<i>adj</i><br><ol><li>alive</li></ol>
kéej|kéejoʼob|ceh|kéeh	<i>noun</i><br><ol><li>deer</li><li>venison</li></ol>
kóochakʼ boola	<i>noun</i><br><ol><li>association football, soccer</li></ol>
kóot	<i>noun</i><br><ol><li>eagle (animal)</li></ol>
kúuk|cuc	<i>noun</i><br><ol><li>elbow</li><li>miser</li></ol>
kʼaabaʼ|kʼaabaʼoʼob	<i>noun</i><br><ol><li>name</li></ol>
kʼaaj|kʼáaj	<i>adj</i><br><ol><li>bitter</li></ol>
kʼajool|k’ahool	<i>verb</i><br><ol><li>to recognize; to identify</li></ol>
kʼan xok|kʼan xokoʼob	<i>noun</i><br><ol><li>whale shark</li></ol>
kʼiin|kʼiinoʼob	<i>noun</i><br><ol><li>sun</li><li>day</li><li>date</li><li>time</li></ol>
kʼiʼikʼ|kʼíʼikʼ	<i>noun</i><br><ol><li>blood</li></ol>
kʼáakʼ|kʼakʼ|kak	<i>noun</i><br><ol><li>fire</li><li>smallpox</li><li>measles</li><li>cold sores</li></ol><br><i>verb</i><br><ol><li>roast</li></ol>
kʼéekʼen	<i>noun</i><br><ol><li>pig</li></ol>
kʼúum	<i>noun</i><br><ol><li>squash</li></ol>
k’aat|k’áatoʼob|k’áat	<i>noun</i><br><ol><li>question</li></ol><br><i>verb</i><br><ol><li>to ask; to question</li><li>to implore, to beg</li><li>to ask for, to request</li><li>to want, to desire</li></ol>
k’aay	<i>verb</i><br><ol><li>to sing</li></ol>
k’ab|k’aboʼob	<i>noun</i><br><ol><li>(anatomy) hand</li></ol>
k’ay	<i>verb</i><br><ol><li>to sing</li></ol>
k’eb	<i>verb</i><br><ol><li>to lean</li></ol>
k’o’ox	<i>noun</i><br><ol><li>fire</li></ol>
k’áax|k’áaxoʼob	<i>noun</i><br><ol><li>forest</li></ol>
lahkaʼa	<i>num</i><br><ol><li>(obsolete) twelve</li></ol>
lahun	<i>num</i><br><ol><li>(obsolete) ten</li></ol>
lajun	<i>num</i><br><ol><li>ten</li></ol>
le’|le’ob	<i>noun</i><br><ol><li>leaf</li></ol>
luʼum|luʼumoʼob	<i>noun</i><br><ol><li>land, as opposed to sea</li><li>soil, earth</li><li>nation or province</li></ol>
ma'	<i>adv</i><br><ol><li>not</li></ol>
maaya tʼaan	<i>noun</i><br><ol><li>Yucatec Maya language.</li></ol>
maʼalob|maʼalobtak	<i>adv</i><br><ol><li>well</li></ol><br><i>adj</i><br><ol><li>good</li></ol>
maʼax	<i>noun</i><br><ol><li>monkey</li></ol>
mejenilan|mejenilanoʼob	<i>noun</i><br><ol><li>godson</li></ol>
meyaj	<i>noun</i><br><ol><li>work, labour</li></ol><br><i>verb</i><br><ol><li>To work</li></ol>
miis|míis|míisoʼob|miisoʼob	<i>noun</i><br><ol><li>cat</li><li>broom</li></ol><br><i>verb</i><br><ol><li>to sweep</li></ol>
miztún	<i>noun</i><br><ol><li>(obsolete) domestic cat (Felis catus)</li></ol>
mo'	<i>noun</i><br><ol><li>Macaw.</li></ol>
mukul|mukuloʼob	<i>noun</i><br><ol><li>secret</li></ol>
mukul t’aan	<i>verb</i><br><ol><li>to whisper</li><li>to murmur</li></ol>
muliix|muliixoʼob	<i>noun</i><br><ol><li>lemon</li></ol>
muuch|much	<i>noun</i><br><ol><li>Frog, toad</li></ol>
muul|múuloʼob|múul|muuloʼob	<i>noun</i><br><ol><li>mound; hill; mountain</li><li>pyramid</li></ol>
muunyal|múunyaloʼob|múunyal	<i>noun</i><br><ol><li>cloud</li></ol>
máak|máakoʼob	<i>noun</i><br><ol><li>person</li></ol>
méekʼ koj	<i>noun</i><br><ol><li>flamingo</li></ol>
míisib|mizib|misib	<i>noun</i><br><ol><li>broom</li></ol>
múuyal|múuyaloʼob	<i>noun</i><br><ol><li>cloud</li></ol>
naaj|naajoʼob	<i>noun</i><br><ol><li>house</li></ol>
naajil|naajiloʼob	<i>noun</i><br><ol><li>house</li></ol>
naay|náay	<i>verb</i><br><ol><li>to dream</li></ol>
na’at|ka na’atikeʼex|ku na’atikoʼob|kin na’atik|ka na’atik|ta na’atajeʼex|t k na’ataj|tu na’atajoʼob|tu na’ataj|ta na’ataj|tin na’ataj|ku na’atik|k na’atik	<i>verb</i><br><ol><li>to understand</li></ol><br><i>noun</i><br><ol><li>intelligence</li></ol>
niʼ|niʼoʼob	<i>noun</i><br><ol><li>(anatomy) nose</li></ol>
néen|neenoʼob|néenoʼob	<i>noun</i><br><ol><li>mirror</li></ol>
ooch	<i>noun</i><br><ol><li>opossum</li></ol>
ooch kaan|och kaan	<i>noun</i><br><ol><li>Central American boa constrictor (Boa imperator)</li></ol>
ookol|kaʼaj ookokoʼon|kaʼaj ookokeʼex|j ookoʼob|kin wookol|ookoloʼob|ku yookoloʼob|ka wookoleʼex|kaʼaj ookoken|j ookij|kaʼaj ookokoʼob|j ooken|kaʼaj ookokech|j ookeʼex|kaʼaj ookok|k ookol|ka wookol|j ookech|ku yookol|j ookoʼon	<i>noun</i><br><ol><li>thief</li></ol><br><i>verb</i><br><ol><li>to steal, to rob</li></ol>
ookʼot|óokʼot	<i>verb</i><br><ol><li>to dance</li></ol>
oon	<i>noun</i><br><ol><li>avocado</li></ol>
ootsil|óotsil	<i>adj</i><br><ol><li>poor</li><li>miserable (sad)</li></ol>
ooxol	<i>noun</i><br><ol><li>heat</li><li>hot, humid weather</li><li>steam, vapor</li></ol>
otoch|otochoʼob	<i>noun</i><br><ol><li>house</li></ol>
paach	<i>noun</i><br><ol><li>back (of the body)</li></ol>
paak	<i>verb</i><br><ol><li>to fold</li></ol>
paal|paalalo'ob	<i>noun</i><br><ol><li>child</li></ol>
pakʼaal|pakʼaaloʼob|pakʼáaloʼob|pakʼáal	<i>noun</i><br><ol><li>orange (fruit)</li></ol>
palitsil|palitsiloʼob	<i>noun</i><br><ol><li>slave</li><li>servant</li></ol>
paymun	<i>adv</i><br><ol><li>very</li></ol>
peech	<i>noun</i><br><ol><li>tick</li></ol>
peekʼ|pek|peekʼoʼob	<i>noun</i><br><ol><li>dog</li></ol>
peek’|peek’oʼob	<i>noun</i><br><ol><li>dog</li></ol>
peepem|péepemoʼob|peepemoʼob|péepem	<i>noun</i><br><ol><li>butterfly</li></ol>
pichib	<i>noun</i><br><ol><li>guava</li></ol>
pixan|pixanoʼob	<i>noun</i><br><ol><li>soul, spirit</li></ol>
pixan kay	<i>noun</i><br><ol><li>dolphin</li></ol>
pool	<i>noun</i><br><ol><li>head</li></ol>
pool im	<i>noun</i><br><ol><li>(anatomy) nipple</li></ol>
puksiʼikʼal|puksiʼikʼaloʼob	<i>noun</i><br><ol><li>(anatomy) heart</li></ol>
puut	<i>noun</i><br><ol><li>papaya</li></ol>
páakʼalnikteʼ|páakʼalnikteʼob	<i>noun</i><br><ol><li>garden</li></ol>
páay	<i>noun</i><br><ol><li>skunk</li></ol>
páay ooch	<i>noun</i><br><ol><li>skunk</li></ol>
péepen|péepenoʼob	<i>noun</i><br><ol><li>butterfly</li></ol>
píix|píixoʼob	<i>noun</i><br><ol><li>(anatomy) knee</li></ol>
púutsʼ|púutsʼoʼob	<i>noun</i><br><ol><li>needle</li></ol>
pʼaak|pʼaakoʼob	<i>noun</i><br><ol><li>tomato</li></ol>
pʼik bakel|ꝑꝑicbacel	<i>noun</i><br><ol><li>knuckle</li></ol>
pʼok|ꝑꝑoc	<i>noun</i><br><ol><li>hat</li></ol>
pʼontʼo	<i>noun</i><br><ol><li>pelican</li></ol>
pʼuk	<i>noun</i><br><ol><li>cheek</li></ol>
p’u’uk|p’u’ukoʼob	<i>noun</i><br><ol><li>cheek</li></ol>
sak	<i>adj</i><br><ol><li>white</li></ol>
sam jo’ol	<i>noun</i><br><ol><li>bear</li></ol>
sam ma’k’óol	<i>noun</i><br><ol><li>anteater, Mexican tamandua.´</li></ol>
sam pool|zamból|saampol	<i>noun</i><br><ol><li>tayra (Eira barbara)</li></ol>
saʼil keep	<i>noun</i><br><ol><li>semen</li></ol>
seerbeesa|seerbéesa	<i>noun</i><br><ol><li>beer</li></ol>
siibal|siibaloʼob	<i>noun</i><br><ol><li>gift, present</li></ol>
siipʼ	<i>noun</i><br><ol><li>swelling, welt</li></ol><br><i>adj</i><br><ol><li>swollen</li><li>ripe (of pears)</li><li>shapely (of a young woman)</li></ol>
sitil	<i>adj</i><br><ol><li>skinny</li></ol>
sootsʼ|sootzʼ|zoɔ	<i>noun</i><br><ol><li>bat (animal)</li></ol>
sáabin	<i>noun</i><br><ol><li>weasel</li></ol>
síinaʼan|zinàn	<i>noun</i><br><ol><li>scorpion</li></ol>
síinaʼancheʼ	<i>noun</i><br><ol><li>A kind of tree (Zanthoxylum caribaeum).</li></ol>
síinik|zinic	<i>noun</i><br><ol><li>ant</li></ol>
t'uut'|t'uut'oʼob	<i>noun</i><br><ol><li>parrot</li></ol>
taan|táan	<i>noun</i><br><ol><li>(anatomy) chest</li></ol>
takpoolil|takpooliloʼob	<i>noun</i><br><ol><li>accusation</li></ol>
takʼan|takan	<i>adj</i><br><ol><li>cooked</li><li>ripe</li></ol>
taqʼaang	<i>noun</i><br><ol><li>plain, savanna</li></ol>
teech	<i>pron</i><br><ol><li>you, second person singular pronoun</li></ol>
tikin|ticin	<i>adj</i><br><ol><li>dry</li></ol>
toon|toonoʼob	<i>noun</i><br><ol><li>penis</li></ol>
tseek’|tseek’oʼob	<i>noun</i><br><ol><li>skull</li></ol>
tso’otsil	<i>adj</i><br><ol><li>hairy</li></ol>
tsuub|tzub	<i>noun</i><br><ol><li>Central American agouti (Dasyprocta punctata)</li></ol>
tsíimin|tzíimin|tsíiminoʼob|tzimin	<i>noun</i><br><ol><li>(obsolete) Baird's tapir (Tapirus bairdii)</li><li>horse (Equus ferus caballus)</li></ol>
tsíimin kʼáax|utiuu|utiúu	<i>noun</i><br><ol><li>tapir</li></ol>
tsʼaʼay|ɔay|tzʼaʼay	<i>noun</i><br><ol><li>canine tooth</li><li>fang</li></ol>
tsʼonot	<i>noun</i><br><ol><li>cenote</li></ol>
tsʼuk	<i>verb</i><br><ol><li>to sit cross-legged</li></ol>
tsʼunuʼun|tzʼunuʼun|ɔunuun|tsʼunuʼunoʼob	<i>noun</i><br><ol><li>hummingbird</li></ol>
ts’u’uts’|ta ts’u’uts’aj|t k ts’u’uts’aj|ts’u’uts’oʼob|ka ts’u’uts’ikeʼex|tu ts’u’uts’aj|ta ts’u’uts’ajeʼex|tu ts’u’uts’ajoʼob|ku ts’u’uts’ikoʼob|tin ts’u’uts’aj|kin ts’u’uts’ik|ku ts’u’uts’ik|k ts’u’uts’ik|ka ts’u’uts’ik	<i>noun</i><br><ol><li>kiss</li></ol><br><i>verb</i><br><ol><li>to kiss</li><li>to smoke</li><li>to suck</li></ol>
tuhnkuy|tuhnkuyoʼob	<i>noun</i><br><ol><li>hoe (agricultural tool)</li></ol>
tuub|túub	<i>noun</i><br><ol><li>saliva, spit</li></ol><br><i>verb</i><br><ol><li>to spit</li></ol>
tuuch	<i>noun</i><br><ol><li>(anatomy) navel, belly-button</li></ol>
tuuk	<i>verb</i><br><ol><li>to think</li></ol>
tuukul|tuukuloʼob	<i>noun</i><br><ol><li>idea</li><li>thought</li><li>mind</li><li>reasoning, good judgement</li><li>belief</li></ol><br><i>verb</i><br><ol><li>to think</li><li>to remember</li><li>to reason</li><li>to believe</li></ol>
tuumben|tuumbentak|túumben	<i>adj</i><br><ol><li>new</li></ol>
tuunich|tuunichoʼob	<i>noun</i><br><ol><li>stone</li></ol>
tʼaan|ku t’aanaloʼob|kaʼaj t’aanaken|j t’aanij|t’áanoʼob|j t’aanoʼob|kaʼaj t’aanakoʼob|j t’aanen|kaʼaj t’aanakeʼex|kin t’aanal|kaʼaj t’aanakoʼon|kaʼaj t’aanak|ku t’aanal|j t’aanech|j t’aanoʼon|kaʼaj t’aanakech|k t’aanal|tʼaanoʼob|ka t’aanaleʼex|t’an|ka t’aanal|t’áan|j t’aaneʼex	<i>noun</i><br><ol><li>speech</li><li>language</li><li>word</li></ol><br><i>verb</i><br><ol><li>to speak</li></ol>
tʼuup	<i>noun</i><br><ol><li>pinky finger</li></ol>
tʼuʼul	<i>noun</i><br><ol><li>rabbit</li></ol>
t’eel|t’eeloʼob	<i>noun</i><br><ol><li>rooster</li></ol>
uk	<i>num</i><br><ol><li>(obsolete) seven</li></ol>
ukʼ	<i>noun</i><br><ol><li>louse</li></ol>
uk’um|uk’umoʼob	<i>noun</i><br><ol><li>river</li></ol>
utiúu|utiuu	<i>noun</i><br><ol><li>coyote</li></ol>
waaj|wah|uah|waajoʼob|waah	<i>noun</i><br><ol><li>tortilla</li><li>bread</li></ol>
wak|uac	<i>num</i><br><ol><li>(obsolete) six</li></ol>
wakax|uacax	<i>noun</i><br><ol><li>cattle: bull, cow, etc.</li></ol>
waxak|uaxac	<i>num</i><br><ol><li>(obsolete) eight</li></ol>
wiix	<i>noun</i><br><ol><li>urine</li></ol><br><i>verb</i><br><ol><li>to urinate</li></ol>
winal|winaloʼob	<i>noun</i><br><ol><li>month</li></ol>
woob	<i>noun</i><br><ol><li>pitahaya (fruit)</li></ol>
wíinik|wíinikoʼob	<i>noun</i><br><ol><li>human</li><li>man</li><li>individual</li></ol>
wíinklil|wíinkliloʼob	<i>noun</i><br><ol><li>body</li></ol>
xamach	<i>noun</i><br><ol><li>comal</li></ol>
xanab|xanaboʼob	<i>noun</i><br><ol><li>shoe</li></ol>
xiib|xiiboʼob	<i>noun</i><br><ol><li>man</li></ol>
xiibil	<i>adj</i><br><ol><li>masculine, male, virile</li></ol>
xiikʼ|xiikʼoʼob	<i>noun</i><br><ol><li>(anatomy) armpit</li><li>wing</li></ol>
xiimbal|xíimbal	<i>verb</i><br><ol><li>to walk</li><li>to visit</li></ol>
xkʼuuruch	<i>noun</i><br><ol><li>cockroach</li></ol>
xok|xokoʼob	<i>noun</i><br><ol><li>shark</li></ol>
xook|ka xokik|t k xokaj|ta xokajeʼex|ku xokikoʼob|tin xokaj|kin xokik|ka xokikeʼex|ta xokaj|tu xokajoʼob|k xokik|xookoʼob|tu xokaj|ku xokik	<i>noun</i><br><ol><li>number</li><li>lesson</li></ol><br><i>verb</i><br><ol><li>to read</li><li>to add, to add up</li></ol>
xulub	<i>noun</i><br><ol><li>(obsolete) horn</li></ol>
yaʼax	<i>adj</i><br><ol><li>green</li></ol>
yeeb	<i>noun</i><br><ol><li>fog, mist</li></ol>
áak	<i>noun</i><br><ol><li>turtle</li></ol>
áayin|ain	<i>noun</i><br><ol><li>crocodile, caiman, alligator</li></ol>
íicham|íichamoʼob	<i>noun</i><br><ol><li>husband</li></ol>
íichʼak	<i>noun</i><br><ol><li>fingernail</li><li>claw</li></ol>
óox|ox	<i>num</i><br><ol><li>three</li></ol>
úulum|úulumoʼob	<i>noun</i><br><ol><li>turkey</li></ol>
